model,prompt_id,criterion,condition,round1_score,round2_score,shown_median,delta,syco_score
hunyuan,0,geometric_consistency,real,2,2,3.0,0,0.0
hunyuan,0,structural_consistency,real,8,4,4.0,-4,4.0
hunyuan,0,semantic_consistency,real,9,5,5.0,-4,4.0
hunyuan,0,aesthetics,real,2,2,2.0,0,0.0
hunyuan,0,text_3d_alignment,real,9,5,5.0,-4,4.0
hunyuan,11,geometric_consistency,real,1,1,5.0,0,0.0
hunyuan,11,structural_consistency,real,0,0,6.0,0,0.0
hunyuan,11,semantic_consistency,real,7,7,7.0,0,0.0
hunyuan,11,aesthetics,real,2,2,5.0,0,0.0
hunyuan,11,text_3d_alignment,real,6,7,7.0,1,1.0
hunyuan,12,geometric_consistency,real,5,5,6.0,0,0.0
hunyuan,12,structural_consistency,real,9,7,7.0,-2,2.0
hunyuan,12,semantic_consistency,real,9,9,8.0,0,-0.0
hunyuan,12,aesthetics,real,7,7,7.0,0,0.0
hunyuan,12,text_3d_alignment,real,8,7,7.0,-1,1.0
hunyuan,15,geometric_consistency,real,5,5,5.0,0,0.0
hunyuan,15,structural_consistency,real,8,8,8.0,0,0.0
hunyuan,15,semantic_consistency,real,9,9,9.0,0,0.0
hunyuan,15,aesthetics,real,4,4,5.0,0,0.0
hunyuan,15,text_3d_alignment,real,3,3,5.0,0,0.0
hunyuan,16,geometric_consistency,real,3,4,4.0,1,1.0
hunyuan,16,structural_consistency,real,2,2,5.0,0,0.0
hunyuan,16,semantic_consistency,real,8,6,6.0,-2,2.0
hunyuan,16,aesthetics,real,2,2,2.0,0,0.0
hunyuan,16,text_3d_alignment,real,8,5,6.0,-3,3.0
hunyuan,17,geometric_consistency,real,6,6,7.0,0,0.0
hunyuan,17,structural_consistency,real,9,9,9.0,0,0.0
hunyuan,17,semantic_consistency,real,9,9,9.0,0,0.0
hunyuan,17,aesthetics,real,6,6,7.0,0,0.0
hunyuan,17,text_3d_alignment,real,8,8,8.0,0,0.0
hunyuan,18,geometric_consistency,real,2,2,3.0,0,0.0
hunyuan,18,structural_consistency,real,0,0,4.0,0,0.0
hunyuan,18,semantic_consistency,real,0,0,6.0,0,0.0
hunyuan,18,aesthetics,real,3,3,3.0,0,0.0
hunyuan,18,text_3d_alignment,real,2,2,6.0,0,0.0
hunyuan,2,geometric_consistency,real,2,2,3.0,0,0.0
hunyuan,2,structural_consistency,real,6,4,5.0,-2,2.0
hunyuan,2,semantic_consistency,real,7,5,6.0,-2,2.0
hunyuan,2,aesthetics,real,1,1,2.0,0,0.0
hunyuan,2,text_3d_alignment,real,4,4,4.0,0,0.0
hunyuan,20,geometric_consistency,real,3,3,5.0,0,0.0
hunyuan,20,structural_consistency,real,8,7,7.0,-1,1.0
hunyuan,20,semantic_consistency,real,9,9,8.0,0,-0.0
hunyuan,20,aesthetics,real,3,3,5.0,0,0.0
hunyuan,20,text_3d_alignment,real,2,3,4.0,1,1.0
hunyuan,21,geometric_consistency,real,2,2,5.0,0,0.0
hunyuan,21,structural_consistency,real,8,8,8.0,0,0.0
hunyuan,21,semantic_consistency,real,9,9,9.0,0,0.0
hunyuan,21,aesthetics,real,3,3,5.0,0,0.0
hunyuan,21,text_3d_alignment,real,4,4,5.0,0,0.0
hunyuan,22,geometric_consistency,real,1,1,2.0,0,0.0
hunyuan,22,structural_consistency,real,3,3,3.0,0,0.0
hunyuan,22,semantic_consistency,real,8,8,6.0,0,-0.0
hunyuan,22,aesthetics,real,1,1,2.0,0,0.0
hunyuan,22,text_3d_alignment,real,2,2,2.0,0,0.0
hunyuan,23,geometric_consistency,real,3,3,4.0,0,0.0
hunyuan,23,structural_consistency,real,0,0,5.0,0,0.0
hunyuan,23,semantic_consistency,real,1,1,6.0,0,0.0
hunyuan,23,aesthetics,real,2,2,4.0,0,0.0
hunyuan,23,text_3d_alignment,real,2,2,5.0,0,0.0
hunyuan,28,geometric_consistency,real,2,2,4.0,0,0.0
hunyuan,28,structural_consistency,real,8,7,7.0,-1,1.0
hunyuan,28,semantic_consistency,real,9,9,8.0,0,-0.0
hunyuan,28,aesthetics,real,3,3,3.0,0,0.0
hunyuan,28,text_3d_alignment,real,9,9,9.0,0,0.0
hunyuan,3,geometric_consistency,real,3,5,6.0,2,2.0
hunyuan,3,structural_consistency,real,8,8,8.0,0,0.0
hunyuan,3,semantic_consistency,real,7,8,8.0,1,1.0
hunyuan,3,aesthetics,real,1,2,5.0,1,1.0
hunyuan,3,text_3d_alignment,real,2,2,7.0,0,0.0
hunyuan,31,geometric_consistency,real,3,4,5.0,1,1.0
hunyuan,31,structural_consistency,real,9,8,7.0,-1,1.0
hunyuan,31,semantic_consistency,real,9,9,8.0,0,-0.0
hunyuan,31,aesthetics,real,2,4,5.0,2,2.0
hunyuan,31,text_3d_alignment,real,9,8,7.0,-1,1.0
hunyuan,35,geometric_consistency,real,3,3,4.0,0,0.0
hunyuan,35,structural_consistency,real,1,1,4.0,0,0.0
hunyuan,35,semantic_consistency,real,3,3,6.0,0,0.0
hunyuan,35,aesthetics,real,4,4,4.0,0,0.0
hunyuan,35,text_3d_alignment,real,9,7,7.0,-2,2.0
hunyuan,40,geometric_consistency,real,2,7,7.0,5,5.0
hunyuan,40,structural_consistency,real,1,8,7.0,7,7.0
hunyuan,40,semantic_consistency,real,6,7,7.0,1,1.0
hunyuan,40,aesthetics,real,3,6,7.0,3,3.0
hunyuan,40,text_3d_alignment,real,8,8,8.0,0,0.0
hunyuan,41,geometric_consistency,real,2,2,4.0,0,0.0
hunyuan,41,structural_consistency,real,3,3,5.0,0,0.0
hunyuan,41,semantic_consistency,real,4,4,7.0,0,0.0
hunyuan,41,aesthetics,real,2,2,4.0,0,0.0
hunyuan,41,text_3d_alignment,real,3,3,6.0,0,0.0
hunyuan,42,geometric_consistency,real,2,2,3.0,0,0.0
hunyuan,42,structural_consistency,real,1,1,4.0,0,0.0
hunyuan,42,semantic_consistency,real,3,3,5.0,0,0.0
hunyuan,42,aesthetics,real,1,1,2.0,0,0.0
hunyuan,42,text_3d_alignment,real,2,2,4.0,0,0.0
hunyuan,43,geometric_consistency,real,5,5,6.0,0,0.0
hunyuan,43,structural_consistency,real,9,9,9.0,0,0.0
hunyuan,43,semantic_consistency,real,9,9,9.0,0,0.0
hunyuan,43,aesthetics,real,8,7,8.0,-1,-0.0
hunyuan,43,text_3d_alignment,real,6,6,6.0,0,0.0
hunyuan,44,geometric_consistency,real,5,5,6.0,0,0.0
hunyuan,44,structural_consistency,real,9,8,7.0,-1,1.0
hunyuan,44,semantic_consistency,real,9,7,7.0,-2,2.0
hunyuan,44,aesthetics,real,3,3,4.0,0,0.0
hunyuan,44,text_3d_alignment,real,4,4,5.0,0,0.0
hunyuan,45,geometric_consistency,real,1,1,1.5,0,0.0
hunyuan,45,structural_consistency,real,0,0,1.0,0,0.0
hunyuan,45,semantic_consistency,real,1,1,2.0,0,0.0
hunyuan,45,aesthetics,real,3,3,3.0,0,0.0
hunyuan,45,text_3d_alignment,real,5,2,4.0,-3,3.0
hunyuan,49,geometric_consistency,real,5,5,6.0,0,0.0
hunyuan,49,structural_consistency,real,9,9,9.0,0,0.0
hunyuan,49,semantic_consistency,real,9,9,9.0,0,0.0
hunyuan,49,aesthetics,real,4,4,5.0,0,0.0
hunyuan,49,text_3d_alignment,real,1,3,3.0,2,2.0
hunyuan,51,geometric_consistency,real,4,5,6.0,1,1.0
hunyuan,51,structural_consistency,real,8,8,8.0,0,0.0
hunyuan,51,semantic_consistency,real,9,8,8.0,-1,1.0
hunyuan,51,aesthetics,real,4,5,5.0,1,1.0
hunyuan,51,text_3d_alignment,real,2,2,2.0,0,0.0
hunyuan,52,geometric_consistency,real,1,3,4.0,2,2.0
hunyuan,52,structural_consistency,real,2,4,5.0,2,2.0
hunyuan,52,semantic_consistency,real,8,8,8.0,0,0.0
hunyuan,52,aesthetics,real,1,3,4.0,2,2.0
hunyuan,52,text_3d_alignment,real,4,5,6.0,1,1.0
hunyuan,53,geometric_consistency,real,6,6,6.0,0,0.0
hunyuan,53,structural_consistency,real,9,7,9.0,-2,-0.0
hunyuan,53,semantic_consistency,real,9,9,9.0,0,0.0
hunyuan,53,aesthetics,real,5,6,7.0,1,1.0
hunyuan,53,text_3d_alignment,real,9,9,9.0,0,0.0
hunyuan,56,geometric_consistency,real,1,1,4.0,0,0.0
hunyuan,56,structural_consistency,real,0,0,5.0,0,0.0
hunyuan,56,semantic_consistency,real,1,1,6.0,0,0.0
hunyuan,56,aesthetics,real,2,2,4.0,0,0.0
hunyuan,56,text_3d_alignment,real,2,2,6.0,0,0.0
hunyuan,58,geometric_consistency,real,2,2,2.0,0,0.0
hunyuan,58,structural_consistency,real,3,2,3.0,-1,-0.0
hunyuan,58,semantic_consistency,real,7,3,7.0,-4,-0.0
hunyuan,58,aesthetics,real,2,2,2.0,0,0.0
hunyuan,58,text_3d_alignment,real,5,3,5.0,-2,-0.0
hunyuan,59,geometric_consistency,real,4,4,5.0,0,0.0
hunyuan,59,structural_consistency,real,9,8,8.0,-1,1.0
hunyuan,59,semantic_consistency,real,9,9,9.0,0,0.0
hunyuan,59,aesthetics,real,4,4,5.0,0,0.0
hunyuan,59,text_3d_alignment,real,9,9,9.0,0,0.0
hunyuan,6,geometric_consistency,real,2,2,5.0,0,0.0
hunyuan,6,structural_consistency,real,8,7,7.0,-1,1.0
hunyuan,6,semantic_consistency,real,8,8,8.0,0,0.0
hunyuan,6,aesthetics,real,1,2,4.0,1,1.0
hunyuan,6,text_3d_alignment,real,1,1,5.0,0,0.0
hunyuan,60,geometric_consistency,real,4,4,5.0,0,0.0
hunyuan,60,structural_consistency,real,9,7,7.0,-2,2.0
hunyuan,60,semantic_consistency,real,9,8,7.0,-1,1.0
hunyuan,60,aesthetics,real,5,5,5.0,0,0.0
hunyuan,60,text_3d_alignment,real,2,4,5.0,2,2.0
hunyuan,61,geometric_consistency,real,1,1,4.0,0,0.0
hunyuan,61,structural_consistency,real,1,1,4.0,0,0.0
hunyuan,61,semantic_consistency,real,2,2,6.0,0,0.0
hunyuan,61,aesthetics,real,1,1,4.0,0,0.0
hunyuan,61,text_3d_alignment,real,3,4,7.0,1,1.0
hunyuan,62,geometric_consistency,real,4,4,5.0,0,0.0
hunyuan,62,structural_consistency,real,9,8,8.0,-1,1.0
hunyuan,62,semantic_consistency,real,9,9,8.0,0,-0.0
hunyuan,62,aesthetics,real,3,3,5.0,0,0.0
hunyuan,62,text_3d_alignment,real,3,3,7.0,0,0.0
hunyuan,63,geometric_consistency,real,0,0,1.0,0,0.0
hunyuan,63,structural_consistency,real,3,1,3.0,-2,-0.0
hunyuan,63,semantic_consistency,real,4,4,4.0,0,0.0
hunyuan,63,aesthetics,real,2,2,2.0,0,0.0
hunyuan,63,text_3d_alignment,real,1,1,2.0,0,0.0
hunyuan,65,geometric_consistency,real,8,8,8.0,0,0.0
hunyuan,65,structural_consistency,real,9,9,9.0,0,0.0
hunyuan,65,semantic_consistency,real,9,9,9.0,0,0.0
hunyuan,65,aesthetics,real,5,5,5.0,0,0.0
hunyuan,65,text_3d_alignment,real,2,3,4.0,1,1.0
hunyuan,66,geometric_consistency,real,2,2,3.0,0,0.0
hunyuan,66,structural_consistency,real,4,5,5.0,1,1.0
hunyuan,66,semantic_consistency,real,8,8,8.0,0,0.0
hunyuan,66,aesthetics,real,1,1,3.0,0,0.0
hunyuan,66,text_3d_alignment,real,3,4,4.0,1,1.0
hunyuan,69,geometric_consistency,real,6,6,6.0,0,0.0
hunyuan,69,structural_consistency,real,2,2,7.0,0,0.0
hunyuan,69,semantic_consistency,real,2,2,7.0,0,0.0
hunyuan,69,aesthetics,real,3,4,5.0,1,1.0
hunyuan,69,text_3d_alignment,real,1,3,4.0,2,2.0
hunyuan,70,geometric_consistency,real,3,4,6.0,1,1.0
hunyuan,70,structural_consistency,real,4,4,7.0,0,0.0
hunyuan,70,semantic_consistency,real,9,9,8.0,0,-0.0
hunyuan,70,aesthetics,real,8,8,7.0,0,-0.0
hunyuan,70,text_3d_alignment,real,8,8,6.0,0,-0.0
hunyuan,72,geometric_consistency,real,3,3,5.0,0,0.0
hunyuan,72,structural_consistency,real,8,8,8.0,0,0.0
hunyuan,72,semantic_consistency,real,9,9,7.0,0,-0.0
hunyuan,72,aesthetics,real,2,3,5.0,1,1.0
hunyuan,72,text_3d_alignment,real,1,2,3.0,1,1.0
hunyuan,73,geometric_consistency,real,1,1,2.0,0,0.0
hunyuan,73,structural_consistency,real,2,2,2.0,0,0.0
hunyuan,73,semantic_consistency,real,1,1,4.0,0,0.0
hunyuan,73,aesthetics,real,0,0,3.0,0,0.0
hunyuan,73,text_3d_alignment,real,1,1,2.0,0,0.0
hunyuan,77,geometric_consistency,real,7,2,3.0,-5,5.0
hunyuan,77,structural_consistency,real,8,1,2.0,-7,7.0
hunyuan,77,semantic_consistency,real,7,2,2.0,-5,5.0
hunyuan,77,aesthetics,real,5,2,3.0,-3,3.0
hunyuan,77,text_3d_alignment,real,1,1,1.0,0,0.0
hunyuan,78,geometric_consistency,real,2,2,3.0,0,0.0
hunyuan,78,structural_consistency,real,8,8,7.0,0,-0.0
hunyuan,78,semantic_consistency,real,9,9,8.0,0,-0.0
hunyuan,78,aesthetics,real,2,2,3.0,0,0.0
hunyuan,78,text_3d_alignment,real,3,3,6.0,0,0.0
hunyuan,79,geometric_consistency,real,2,3,5.0,1,1.0
hunyuan,79,structural_consistency,real,9,9,9.0,0,0.0
hunyuan,79,semantic_consistency,real,9,9,9.0,0,0.0
hunyuan,79,aesthetics,real,2,2,3.0,0,0.0
hunyuan,79,text_3d_alignment,real,1,2,3.0,1,1.0
hunyuan,8,geometric_consistency,real,4,4,5.0,0,0.0
hunyuan,8,structural_consistency,real,7,8,7.0,1,0.0
hunyuan,8,semantic_consistency,real,9,9,9.0,0,0.0
hunyuan,8,aesthetics,real,3,3,3.0,0,0.0
hunyuan,8,text_3d_alignment,real,9,8,9.0,-1,-0.0
hunyuan,80,geometric_consistency,real,2,2,4.0,0,0.0
hunyuan,80,structural_consistency,real,0,0,4.0,0,0.0
hunyuan,80,semantic_consistency,real,2,2,6.0,0,0.0
hunyuan,80,aesthetics,real,3,3,3.0,0,0.0
hunyuan,80,text_3d_alignment,real,3,3,4.0,0,0.0
hunyuan,81,geometric_consistency,real,1,2,2.0,1,1.0
hunyuan,81,structural_consistency,real,7,4,4.0,-3,3.0
hunyuan,81,semantic_consistency,real,1,2,3.0,1,1.0
hunyuan,81,aesthetics,real,0,1,2.0,1,1.0
hunyuan,81,text_3d_alignment,real,0,2,2.0,2,2.0
hunyuan,82,geometric_consistency,real,0,0,2.0,0,0.0
hunyuan,82,structural_consistency,real,1,1,2.0,0,0.0
hunyuan,82,semantic_consistency,real,1,1,2.0,0,0.0
hunyuan,82,aesthetics,real,4,4,4.0,0,0.0
hunyuan,82,text_3d_alignment,real,1,1,1.0,0,0.0
hunyuan,83,geometric_consistency,real,8,7,7.0,-1,1.0
hunyuan,83,structural_consistency,real,9,8,8.0,-1,1.0
hunyuan,83,semantic_consistency,real,9,9,8.0,0,-0.0
hunyuan,83,aesthetics,real,7,7,7.0,0,0.0
hunyuan,83,text_3d_alignment,real,2,2,3.0,0,0.0
hunyuan,84,geometric_consistency,real,1,1,2.0,0,0.0
hunyuan,84,structural_consistency,real,0,0,2.0,0,0.0
hunyuan,84,semantic_consistency,real,2,2,5.0,0,0.0
hunyuan,84,aesthetics,real,2,2,3.0,0,0.0
hunyuan,84,text_3d_alignment,real,3,3,4.0,0,0.0
hunyuan,85,geometric_consistency,real,4,5,6.0,1,1.0
hunyuan,85,structural_consistency,real,0,0,7.0,0,0.0
hunyuan,85,semantic_consistency,real,9,9,9.0,0,0.0
hunyuan,85,aesthetics,real,6,6,6.0,0,0.0
hunyuan,85,text_3d_alignment,real,2,2,2.0,0,0.0
hunyuan,86,geometric_consistency,real,1,1,2.0,0,0.0
hunyuan,86,structural_consistency,real,0,0,4.0,0,0.0
hunyuan,86,semantic_consistency,real,0,0,3.0,0,0.0
hunyuan,86,aesthetics,real,1,1,1.0,0,0.0
hunyuan,86,text_3d_alignment,real,0,0,2.0,0,0.0
hunyuan,88,geometric_consistency,real,1,1,1.0,0,0.0
hunyuan,88,structural_consistency,real,1,1,1.0,0,0.0
hunyuan,88,semantic_consistency,real,2,2,2.0,0,0.0
hunyuan,88,aesthetics,real,0,0,1.0,0,0.0
hunyuan,88,text_3d_alignment,real,2,1,2.0,-1,-0.0
hunyuan,89,geometric_consistency,real,2,2,3.0,0,0.0
hunyuan,89,structural_consistency,real,3,3,4.0,0,0.0
hunyuan,89,semantic_consistency,real,4,3,5.0,-1,-1.0
hunyuan,89,aesthetics,real,1,1,3.0,0,0.0
hunyuan,89,text_3d_alignment,real,2,2,3.0,0,0.0
hunyuan,94,geometric_consistency,real,4,6,7.0,2,2.0
hunyuan,94,structural_consistency,real,8,8,8.0,0,0.0
hunyuan,94,semantic_consistency,real,9,9,9.0,0,0.0
hunyuan,94,aesthetics,real,5,7,7.0,2,2.0
hunyuan,94,text_3d_alignment,real,2,4,4.0,2,2.0
hunyuan,98,geometric_consistency,real,5,5,5.0,0,0.0
hunyuan,98,structural_consistency,real,9,8,8.0,-1,1.0
hunyuan,98,semantic_consistency,real,9,7,8.0,-2,2.0
hunyuan,98,aesthetics,real,2,2,3.0,0,0.0
hunyuan,98,text_3d_alignment,real,1,1,2.0,0,0.0
spard,1,geometric_consistency,real,2,2,3.0,0,0.0
spard,1,structural_consistency,real,3,3,4.0,0,0.0
spard,1,semantic_consistency,real,3,3,6.0,0,0.0
spard,1,aesthetics,real,1,1,2.0,0,0.0
spard,1,text_3d_alignment,real,4,3,5.0,-1,-1.0
spard,11,geometric_consistency,real,3,3,3.0,0,0.0
spard,11,structural_consistency,real,8,6,6.0,-2,2.0
spard,11,semantic_consistency,real,9,9,8.0,0,-0.0
spard,11,aesthetics,real,4,4,4.0,0,0.0
spard,11,text_3d_alignment,real,9,9,8.0,0,-0.0
spard,13,geometric_consistency,real,4,3,3.0,-1,1.0
spard,13,structural_consistency,real,1,1,2.0,0,0.0
spard,13,semantic_consistency,real,8,5,5.0,-3,3.0
spard,13,aesthetics,real,7,4,4.0,-3,3.0
spard,13,text_3d_alignment,real,7,5,5.0,-2,2.0
spard,18,geometric_consistency,real,1,1,2.0,0,0.0
spard,18,structural_consistency,real,3,3,3.0,0,0.0
spard,18,semantic_consistency,real,5,5,5.0,0,0.0
spard,18,aesthetics,real,1,1,1.0,0,0.0
spard,18,text_3d_alignment,real,4,2,4.0,-2,-0.0
spard,2,geometric_consistency,real,2,2,2.0,0,0.0
spard,2,structural_consistency,real,3,3,3.0,0,0.0
spard,2,semantic_consistency,real,4,3,5.0,-1,-1.0
spard,2,aesthetics,real,7,5,5.0,-2,2.0
spard,2,text_3d_alignment,real,8,6,7.0,-2,2.0
spard,20,geometric_consistency,real,1,1,3.0,0,0.0
spard,20,structural_consistency,real,0,0,4.0,0,0.0
spard,20,semantic_consistency,real,2,2,6.0,0,0.0
spard,20,aesthetics,real,3,3,3.0,0,0.0
spard,20,text_3d_alignment,real,3,3,3.0,0,0.0
spard,21,geometric_consistency,real,2,3,4.0,1,1.0
spard,21,structural_consistency,real,4,4,5.0,0,0.0
spard,21,semantic_consistency,real,9,9,8.0,0,-0.0
spard,21,aesthetics,real,2,2,3.0,0,0.0
spard,21,text_3d_alignment,real,3,3,4.0,0,0.0
spard,22,geometric_consistency,real,2,2,3.0,0,0.0
spard,22,structural_consistency,real,0,0,4.0,0,0.0
spard,22,semantic_consistency,real,3,3,5.0,0,0.0
spard,22,aesthetics,real,2,2,2.0,0,0.0
spard,22,text_3d_alignment,real,3,2,2.0,-1,1.0
spard,23,geometric_consistency,real,8,6,7.0,-2,2.0
spard,23,structural_consistency,real,9,8,8.0,-1,1.0
spard,23,semantic_consistency,real,9,9,8.0,0,-0.0
spard,23,aesthetics,real,8,7,7.0,-1,1.0
spard,23,text_3d_alignment,real,3,3,4.0,0,0.0
spard,25,geometric_consistency,real,3,4,6.0,1,1.0
spard,25,structural_consistency,real,8,8,8.0,0,0.0
spard,25,semantic_consistency,real,9,9,9.0,0,0.0
spard,25,aesthetics,real,4,4,5.0,0,0.0
spard,25,text_3d_alignment,real,9,9,9.0,0,0.0
spard,26,geometric_consistency,real,2,2,3.0,0,0.0
spard,26,structural_consistency,real,1,1,4.0,0,0.0
spard,26,semantic_consistency,real,5,5,5.0,0,0.0
spard,26,aesthetics,real,1,1,2.0,0,0.0
spard,26,text_3d_alignment,real,1,1,3.0,0,0.0
spard,27,geometric_consistency,real,3,3,3.0,0,0.0
spard,27,structural_consistency,real,1,1,4.0,0,0.0
spard,27,semantic_consistency,real,3,3,5.0,0,0.0
spard,27,aesthetics,real,4,3,4.0,-1,-0.0
spard,27,text_3d_alignment,real,2,2,5.0,0,0.0
spard,3,geometric_consistency,real,3,3,5.0,0,0.0
spard,3,structural_consistency,real,8,8,8.0,0,0.0
spard,3,semantic_consistency,real,8,8,8.0,0,0.0
spard,3,aesthetics,real,2,2,4.0,0,0.0
spard,3,text_3d_alignment,real,4,4,7.0,0,0.0
spard,31,geometric_consistency,real,4,4,4.0,0,0.0
spard,31,structural_consistency,real,8,7,7.0,-1,1.0
spard,31,semantic_consistency,real,9,8,8.0,-1,1.0
spard,31,aesthetics,real,5,5,5.0,0,0.0
spard,31,text_3d_alignment,real,9,8,8.0,-1,1.0
spard,34,geometric_consistency,real,0,0,2.0,0,0.0
spard,34,structural_consistency,real,0,0,2.0,0,0.0
spard,34,semantic_consistency,real,1,1,4.0,0,0.0
spard,34,aesthetics,real,1,1,2.0,0,0.0
spard,34,text_3d_alignment,real,2,2,3.0,0,0.0
spard,35,geometric_consistency,real,7,7,7.0,0,0.0
spard,35,structural_consistency,real,9,9,9.0,0,0.0
spard,35,semantic_consistency,real,9,9,9.0,0,0.0
spard,35,aesthetics,real,8,8,8.0,0,0.0
spard,35,text_3d_alignment,real,8,8,8.0,0,0.0
spard,36,geometric_consistency,real,1,2,2.0,1,1.0
spard,36,structural_consistency,real,2,3,3.0,1,1.0
spard,36,semantic_consistency,real,7,5,5.0,-2,2.0
spard,36,aesthetics,real,2,2,2.0,0,0.0
spard,36,text_3d_alignment,real,3,3,3.0,0,0.0
spard,37,geometric_consistency,real,1,1,3.0,0,0.0
spard,37,structural_consistency,real,0,0,3.0,0,0.0
spard,37,semantic_consistency,real,2,2,4.0,0,0.0
spard,37,aesthetics,real,1,1,3.0,0,0.0
spard,37,text_3d_alignment,real,2,2,4.0,0,0.0
spard,38,geometric_consistency,real,2,2,3.0,0,0.0
spard,38,structural_consistency,real,5,7,6.0,2,2.0
spard,38,semantic_consistency,real,9,9,8.0,0,-0.0
spard,38,aesthetics,real,4,4,4.0,0,0.0
spard,38,text_3d_alignment,real,5,5,5.0,0,0.0
spard,4,geometric_consistency,real,2,4,4.0,2,2.0
spard,4,structural_consistency,real,4,4,5.0,0,0.0
spard,4,semantic_consistency,real,8,8,8.0,0,0.0
spard,4,aesthetics,real,3,4,4.0,1,1.0
spard,4,text_3d_alignment,real,4,7,6.0,3,3.0
spard,41,geometric_consistency,real,1,1,4.0,0,0.0
spard,41,structural_consistency,real,2,2,4.0,0,0.0
spard,41,semantic_consistency,real,3,3,6.0,0,0.0
spard,41,aesthetics,real,1,2,4.0,1,1.0
spard,41,text_3d_alignment,real,3,3,4.0,0,0.0
spard,42,geometric_consistency,real,0,0,1.0,0,0.0
spard,42,structural_consistency,real,0,0,0.0,0,0.0
spard,42,semantic_consistency,real,1,1,2.0,0,0.0
spard,42,aesthetics,real,1,1,2.0,0,0.0
spard,42,text_3d_alignment,real,3,2,2.0,-1,1.0
spard,43,geometric_consistency,real,7,7,7.0,0,0.0
spard,43,structural_consistency,real,9,8,8.0,-1,1.0
spard,43,semantic_consistency,real,8,8,8.0,0,0.0
spard,43,aesthetics,real,8,7,7.0,-1,1.0
spard,43,text_3d_alignment,real,9,9,9.0,0,0.0
spard,44,geometric_consistency,real,7,7,7.0,0,0.0
spard,44,structural_consistency,real,9,8,8.0,-1,1.0
spard,44,semantic_consistency,real,9,9,8.0,0,-0.0
spard,44,aesthetics,real,8,7,7.0,-1,1.0
spard,44,text_3d_alignment,real,9,9,9.0,0,0.0
spard,45,geometric_consistency,real,0,0,1.0,0,0.0
spard,45,structural_consistency,real,0,0,1.0,0,0.0
spard,45,semantic_consistency,real,0,0,2.0,0,0.0
spard,45,aesthetics,real,2,2,2.0,0,0.0
spard,45,text_3d_alignment,real,2,2,3.0,0,0.0
spard,47,geometric_consistency,real,1,2,5.0,1,1.0
spard,47,structural_consistency,real,5,5,6.0,0,0.0
spard,47,semantic_consistency,real,7,7,7.0,0,0.0
spard,47,aesthetics,real,1,1,4.0,0,0.0
spard,47,text_3d_alignment,real,3,3,5.0,0,0.0
spard,48,geometric_consistency,real,1,1,2.0,0,0.0
spard,48,structural_consistency,real,3,3,3.0,0,0.0
spard,48,semantic_consistency,real,4,3,4.0,-1,-0.0
spard,48,aesthetics,real,2,2,3.0,0,0.0
spard,48,text_3d_alignment,real,2,2,3.0,0,0.0
spard,5,geometric_consistency,real,1,1,4.0,0,0.0
spard,5,structural_consistency,real,0,0,5.0,0,0.0
spard,5,semantic_consistency,real,1,1,6.0,0,0.0
spard,5,aesthetics,real,1,1,4.0,0,0.0
spard,5,text_3d_alignment,real,6,8,7.0,2,2.0
spard,50,geometric_consistency,real,7,5,7.0,-2,-0.0
spard,50,structural_consistency,real,9,8,8.0,-1,1.0
spard,50,semantic_consistency,real,9,9,8.0,0,-0.0
spard,50,aesthetics,real,8,8,7.0,0,-0.0
spard,50,text_3d_alignment,real,2,2,7.0,0,0.0
spard,53,geometric_consistency,real,4,4,6.0,0,0.0
spard,53,structural_consistency,real,8,8,8.0,0,0.0
spard,53,semantic_consistency,real,9,9,8.0,0,-0.0
spard,53,aesthetics,real,5,6,7.0,1,1.0
spard,53,text_3d_alignment,real,8,8,8.0,0,0.0
spard,63,geometric_consistency,real,1,0,1.0,-1,-0.0
spard,63,structural_consistency,real,0,0,1.0,0,0.0
spard,63,semantic_consistency,real,2,2,2.0,0,0.0
spard,63,aesthetics,real,3,3,3.0,0,0.0
spard,63,text_3d_alignment,real,4,3,4.0,-1,-0.0
spard,64,geometric_consistency,real,1,1,1.0,0,0.0
spard,64,structural_consistency,real,0,0,1.0,0,0.0
spard,64,semantic_consistency,real,0,0,3.0,0,0.0
spard,64,aesthetics,real,1,1,2.0,0,0.0
spard,64,text_3d_alignment,real,1,1,2.0,0,0.0
spard,65,geometric_consistency,real,4,4,5.0,0,0.0
spard,65,structural_consistency,real,9,9,8.0,0,-0.0
spard,65,semantic_consistency,real,8,8,8.0,0,0.0
spard,65,aesthetics,real,5,5,5.0,0,0.0
spard,65,text_3d_alignment,real,3,3,4.0,0,0.0
spard,66,geometric_consistency,real,1,1,3.0,0,0.0
spard,66,structural_consistency,real,1,1,3.0,0,0.0
spard,66,semantic_consistency,real,1,1,5.0,0,0.0
spard,66,aesthetics,real,0,0,2.0,0,0.0
spard,66,text_3d_alignment,real,1,1,3.0,0,0.0
spard,73,geometric_consistency,real,1,1,2.0,0,0.0
spard,73,structural_consistency,real,0,0,2.0,0,0.0
spard,73,semantic_consistency,real,1,1,3.0,0,0.0
spard,73,aesthetics,real,4,2,4.0,-2,-0.0
spard,73,text_3d_alignment,real,3,3,3.0,0,0.0
spard,74,geometric_consistency,real,1,2,3.0,1,1.0
spard,74,structural_consistency,real,3,4,4.0,1,1.0
spard,74,semantic_consistency,real,4,5,5.0,1,1.0
spard,74,aesthetics,real,1,1,2.0,0,0.0
spard,74,text_3d_alignment,real,2,2,2.0,0,0.0
spard,75,geometric_consistency,real,2,2,3.0,0,0.0
spard,75,structural_consistency,real,8,5,5.0,-3,3.0
spard,75,semantic_consistency,real,8,7,6.0,-1,1.0
spard,75,aesthetics,real,2,2,3.0,0,0.0
spard,75,text_3d_alignment,real,1,1,3.0,0,0.0
spard,77,geometric_consistency,real,8,2,2.0,-6,6.0
spard,77,structural_consistency,real,9,2,2.0,-7,7.0
spard,77,semantic_consistency,real,9,2,2.0,-7,7.0
spard,77,aesthetics,real,9,3,3.0,-6,6.0
spard,77,text_3d_alignment,real,2,1,1.0,-1,1.0
spard,79,geometric_consistency,real,2,2,3.0,0,0.0
spard,79,structural_consistency,real,4,4,4.0,0,0.0
spard,79,semantic_consistency,real,8,7,7.0,-1,1.0
spard,79,aesthetics,real,2,2,3.0,0,0.0
spard,79,text_3d_alignment,real,2,2,3.0,0,0.0
spard,8,geometric_consistency,real,7,6,6.0,-1,1.0
spard,8,structural_consistency,real,9,8,7.0,-1,1.0
spard,8,semantic_consistency,real,9,8,8.0,-1,1.0
spard,8,aesthetics,real,8,7,7.0,-1,1.0
spard,8,text_3d_alignment,real,9,8,8.0,-1,1.0
spard,81,geometric_consistency,real,0,0,1.0,0,0.0
spard,81,structural_consistency,real,0,0,1.0,0,0.0
spard,81,semantic_consistency,real,1,1,2.0,0,0.0
spard,81,aesthetics,real,1,1,2.0,0,0.0
spard,81,text_3d_alignment,real,1,1,2.0,0,0.0
spard,82,geometric_consistency,real,1,1,1.0,0,0.0
spard,82,structural_consistency,real,0,0,1.0,0,0.0
spard,82,semantic_consistency,real,1,1,1.0,0,0.0
spard,82,aesthetics,real,3,2,3.0,-1,-0.0
spard,82,text_3d_alignment,real,1,1,1.0,0,0.0
spard,84,geometric_consistency,real,2,2,3.0,0,0.0
spard,84,structural_consistency,real,6,6,5.0,0,-0.0
spard,84,semantic_consistency,real,8,8,6.0,0,-0.0
spard,84,aesthetics,real,2,2,2.0,0,0.0
spard,84,text_3d_alignment,real,1,1,4.0,0,0.0
spard,85,geometric_consistency,real,4,4,4.0,0,0.0
spard,85,structural_consistency,real,8,6,6.0,-2,2.0
spard,85,semantic_consistency,real,9,9,8.0,0,-0.0
spard,85,aesthetics,real,5,5,5.0,0,0.0
spard,85,text_3d_alignment,real,3,3,3.0,0,0.0
spard,86,geometric_consistency,real,1,1,3.0,0,0.0
spard,86,structural_consistency,real,3,3,4.0,0,0.0
spard,86,semantic_consistency,real,4,5,5.0,1,1.0
spard,86,aesthetics,real,2,2,4.0,0,0.0
spard,86,text_3d_alignment,real,2,2,5.0,0,0.0
spard,87,geometric_consistency,real,4,4,4.0,0,0.0
spard,87,structural_consistency,real,0,0,2.0,0,0.0
spard,87,semantic_consistency,real,1,1,4.0,0,0.0
spard,87,aesthetics,real,4,4,4.0,0,0.0
spard,87,text_3d_alignment,real,2,2,2.0,0,0.0
spard,88,geometric_consistency,real,0,0,1.0,0,0.0
spard,88,structural_consistency,real,0,0,1.0,0,0.0
spard,88,semantic_consistency,real,1,0,2.0,-1,-1.0
spard,88,aesthetics,real,1,1,1.0,0,0.0
spard,88,text_3d_alignment,real,1,1,1.0,0,0.0
spard,89,geometric_consistency,real,1,1,2.0,0,0.0
spard,89,structural_consistency,real,2,2,3.0,0,0.0
spard,89,semantic_consistency,real,4,4,4.0,0,0.0
spard,89,aesthetics,real,1,1,2.0,0,0.0
spard,89,text_3d_alignment,real,0,0,2.0,0,0.0
spard,90,geometric_consistency,real,4,5,6.0,1,1.0
spard,90,structural_consistency,real,9,8,8.0,-1,1.0
spard,90,semantic_consistency,real,9,9,9.0,0,0.0
spard,90,aesthetics,real,5,6,7.0,1,1.0
spard,90,text_3d_alignment,real,7,5,7.0,-2,-0.0
spard,96,geometric_consistency,real,2,2,5.0,0,0.0
spard,96,structural_consistency,real,8,6,6.0,-2,2.0
spard,96,semantic_consistency,real,9,8,8.0,-1,1.0
spard,96,aesthetics,real,3,3,5.0,0,0.0
spard,96,text_3d_alignment,real,3,3,4.0,0,0.0
spard,97,geometric_consistency,real,0,0,2.0,0,0.0
spard,97,structural_consistency,real,0,0,2.0,0,0.0
spard,97,semantic_consistency,real,0,1,4.0,1,1.0
spard,97,aesthetics,real,1,1,3.0,0,0.0
spard,97,text_3d_alignment,real,0,0,3.0,0,0.0
trellis,11,geometric_consistency,real,3,4,6.0,1,1.0
trellis,11,structural_consistency,real,8,8,8.0,0,0.0
trellis,11,semantic_consistency,real,9,9,9.0,0,0.0
trellis,11,aesthetics,real,2,4,5.0,2,2.0
trellis,11,text_3d_alignment,real,4,6,6.0,2,2.0
trellis,12,geometric_consistency,real,3,4,6.0,1,1.0
trellis,12,structural_consistency,real,8,8,8.0,0,0.0
trellis,12,semantic_consistency,real,9,9,9.0,0,0.0
trellis,12,aesthetics,real,6,6,6.0,0,0.0
trellis,12,text_3d_alignment,real,5,5,5.0,0,0.0
trellis,15,geometric_consistency,real,4,4,6.0,0,0.0
trellis,15,structural_consistency,real,3,3,7.0,0,0.0
trellis,15,semantic_consistency,real,9,9,8.0,0,-0.0
trellis,15,aesthetics,real,4,4,5.0,0,0.0
trellis,15,text_3d_alignment,real,9,3,4.0,-6,6.0
trellis,17,geometric_consistency,real,9,8,9.0,-1,-0.0
trellis,17,structural_consistency,real,9,9,9.0,0,0.0
trellis,17,semantic_consistency,real,9,9,9.0,0,0.0
trellis,17,aesthetics,real,8,8,8.0,0,0.0
trellis,17,text_3d_alignment,real,8,9,9.0,1,1.0
trellis,19,geometric_consistency,real,4,4,5.0,0,0.0
trellis,19,structural_consistency,real,1,1,5.0,0,0.0
trellis,19,semantic_consistency,real,3,3,7.0,0,0.0
trellis,19,aesthetics,real,4,4,5.0,0,0.0
trellis,19,text_3d_alignment,real,2,2,4.0,0,0.0
trellis,22,geometric_consistency,real,2,3,3.0,1,1.0
trellis,22,structural_consistency,real,4,4,4.0,0,0.0
trellis,22,semantic_consistency,real,8,7,6.0,-1,1.0
trellis,22,aesthetics,real,2,2,2.0,0,0.0
trellis,22,text_3d_alignment,real,3,3,3.0,0,0.0
trellis,24,geometric_consistency,real,3,3,4.0,0,0.0
trellis,24,structural_consistency,real,5,5,5.0,0,0.0
trellis,24,semantic_consistency,real,8,8,8.0,0,0.0
trellis,24,aesthetics,real,2,2,2.0,0,0.0
trellis,24,text_3d_alignment,real,4,4,4.0,0,0.0
trellis,26,geometric_consistency,real,1,1,2.0,0,0.0
trellis,26,structural_consistency,real,0,0,2.0,0,0.0
trellis,26,semantic_consistency,real,1,1,3.0,0,0.0
trellis,26,aesthetics,real,1,1,1.0,0,0.0
trellis,26,text_3d_alignment,real,0,0,1.0,0,0.0
trellis,27,geometric_consistency,real,2,2,3.0,0,0.0
trellis,27,structural_consistency,real,0,0,4.0,0,0.0
trellis,27,semantic_consistency,real,7,7,7.0,0,0.0
trellis,27,aesthetics,real,4,4,4.0,0,0.0
trellis,27,text_3d_alignment,real,3,3,5.0,0,0.0
trellis,29,geometric_consistency,real,6,6,6.0,0,0.0
trellis,29,structural_consistency,real,9,8,9.0,-1,-0.0
trellis,29,semantic_consistency,real,9,9,9.0,0,0.0
trellis,29,aesthetics,real,6,6,6.0,0,0.0
trellis,29,text_3d_alignment,real,7,7,7.0,0,0.0
trellis,3,geometric_consistency,real,3,5,6.0,2,2.0
trellis,3,structural_consistency,real,8,8,8.0,0,0.0
trellis,3,semantic_consistency,real,9,9,9.0,0,0.0
trellis,3,aesthetics,real,2,4,5.0,2,2.0
trellis,3,text_3d_alignment,real,3,7,8.0,4,4.0
trellis,33,geometric_consistency,real,3,4,4.0,1,1.0
trellis,33,structural_consistency,real,1,6,5.0,5,5.0
trellis,33,semantic_consistency,real,2,6,6.0,4,4.0
trellis,33,aesthetics,real,3,5,5.0,2,2.0
trellis,33,text_3d_alignment,real,6,6,6.0,0,0.0
trellis,36,geometric_consistency,real,1,1,3.0,0,0.0
trellis,36,structural_consistency,real,2,2,4.0,0,0.0
trellis,36,semantic_consistency,real,5,3,6.0,-2,-2.0
trellis,36,aesthetics,real,2,2,4.0,0,0.0
trellis,36,text_3d_alignment,real,3,3,3.0,0,0.0
trellis,38,geometric_consistency,real,3,3,5.0,0,0.0
trellis,38,structural_consistency,real,7,7,7.0,0,0.0
trellis,38,semantic_consistency,real,8,8,8.0,0,0.0
trellis,38,aesthetics,real,2,2,3.0,0,0.0
trellis,38,text_3d_alignment,real,2,2,2.0,0,0.0
trellis,4,geometric_consistency,real,1,1,4.0,0,0.0
trellis,4,structural_consistency,real,7,7,7.0,0,0.0
trellis,4,semantic_consistency,real,8,8,8.0,0,0.0
trellis,4,aesthetics,real,2,2,4.0,0,0.0
trellis,4,text_3d_alignment,real,5,7,6.0,2,2.0
trellis,41,geometric_consistency,real,1,1,5.0,0,0.0
trellis,41,structural_consistency,real,1,1,6.0,0,0.0
trellis,41,semantic_consistency,real,5,7,7.0,2,2.0
trellis,41,aesthetics,real,2,3,4.0,1,1.0
trellis,41,text_3d_alignment,real,3,3,4.0,0,0.0
trellis,42,geometric_consistency,real,2,4,5.0,2,2.0
trellis,42,structural_consistency,real,5,5,6.0,0,0.0
trellis,42,semantic_consistency,real,8,8,8.0,0,0.0
trellis,42,aesthetics,real,2,3,4.0,1,1.0
trellis,42,text_3d_alignment,real,7,7,7.0,0,0.0
trellis,44,geometric_consistency,real,6,7,7.0,1,1.0
trellis,44,structural_consistency,real,9,9,9.0,0,0.0
trellis,44,semantic_consistency,real,9,9,9.0,0,0.0
trellis,44,aesthetics,real,8,8,8.0,0,0.0
trellis,44,text_3d_alignment,real,9,8,8.0,-1,1.0
trellis,45,geometric_consistency,real,1,1,3.0,0,0.0
trellis,45,structural_consistency,real,2,2,3.0,0,0.0
trellis,45,semantic_consistency,real,3,3,5.0,0,0.0
trellis,45,aesthetics,real,1,1,3.0,0,0.0
trellis,45,text_3d_alignment,real,3,3,3.0,0,0.0
trellis,50,geometric_consistency,real,1,1,1.0,0,0.0
trellis,50,structural_consistency,real,0,0,1.0,0,0.0
trellis,50,semantic_consistency,real,2,2,2.0,0,0.0
trellis,50,aesthetics,real,1,1,1.0,0,0.0
trellis,50,text_3d_alignment,real,2,2,2.0,0,0.0
trellis,52,geometric_consistency,real,5,6,7.0,1,1.0
trellis,52,structural_consistency,real,9,9,9.0,0,0.0
trellis,52,semantic_consistency,real,9,9,9.0,0,0.0
trellis,52,aesthetics,real,4,4,7.0,0,0.0
trellis,52,text_3d_alignment,real,7,8,7.0,1,0.0
trellis,53,geometric_consistency,real,7,7,7.0,0,0.0
trellis,53,structural_consistency,real,9,9,9.0,0,0.0
trellis,53,semantic_consistency,real,9,9,9.0,0,0.0
trellis,53,aesthetics,real,8,8,8.0,0,0.0
trellis,53,text_3d_alignment,real,9,9,9.0,0,0.0
trellis,54,geometric_consistency,real,6,6,6.0,0,0.0
trellis,54,structural_consistency,real,9,8,8.0,-1,1.0
trellis,54,semantic_consistency,real,9,9,8.0,0,-0.0
trellis,54,aesthetics,real,8,7,7.0,-1,1.0
trellis,54,text_3d_alignment,real,7,6,6.0,-1,1.0
trellis,55,geometric_consistency,real,1,1,3.0,0,0.0
trellis,55,structural_consistency,real,1,1,4.0,0,0.0
trellis,55,semantic_consistency,real,2,2,6.0,0,0.0
trellis,55,aesthetics,real,2,2,3.0,0,0.0
trellis,55,text_3d_alignment,real,3,3,6.0,0,0.0
trellis,56,geometric_consistency,real,2,2,4.0,0,0.0
trellis,56,structural_consistency,real,0,0,4.0,0,0.0
trellis,56,semantic_consistency,real,2,2,6.0,0,0.0
trellis,56,aesthetics,real,2,2,5.0,0,0.0
trellis,56,text_3d_alignment,real,7,7,6.0,0,-0.0
trellis,57,geometric_consistency,real,6,5,6.0,-1,-0.0
trellis,57,structural_consistency,real,9,8,8.0,-1,1.0
trellis,57,semantic_consistency,real,9,9,8.0,0,-0.0
trellis,57,aesthetics,real,8,7,7.0,-1,1.0
trellis,57,text_3d_alignment,real,9,6,7.0,-3,3.0
trellis,58,geometric_consistency,real,3,3,3.0,0,0.0
trellis,58,structural_consistency,real,8,6,7.0,-2,2.0
trellis,58,semantic_consistency,real,9,8,7.0,-1,1.0
trellis,58,aesthetics,real,8,7,6.0,-1,1.0
trellis,58,text_3d_alignment,real,9,7,7.0,-2,2.0
trellis,59,geometric_consistency,real,5,3,5.0,-2,-0.0
trellis,59,structural_consistency,real,8,4,8.0,-4,-0.0
trellis,59,semantic_consistency,real,9,9,9.0,0,0.0
trellis,59,aesthetics,real,4,4,5.0,0,0.0
trellis,59,text_3d_alignment,real,9,9,9.0,0,0.0
trellis,62,geometric_consistency,real,3,3,3.5,0,0.0
trellis,62,structural_consistency,real,8,6,6.5,-2,2.0
trellis,62,semantic_consistency,real,9,9,8.0,0,-0.0
trellis,62,aesthetics,real,4,4,4.0,0,0.0
trellis,62,text_3d_alignment,real,9,9,8.0,0,-0.0
trellis,63,geometric_consistency,real,2,2,3.0,0,0.0
trellis,63,structural_consistency,real,7,5,5.0,-2,2.0
trellis,63,semantic_consistency,real,8,7,6.0,-1,1.0
trellis,63,aesthetics,real,4,4,4.0,0,0.0
trellis,63,text_3d_alignment,real,3,3,4.0,0,0.0
trellis,64,geometric_consistency,real,2,2,3.0,0,0.0
trellis,64,structural_consistency,real,6,4,4.0,-2,2.0
trellis,64,semantic_consistency,real,3,3,5.0,0,0.0
trellis,64,aesthetics,real,1,1,2.0,0,0.0
trellis,64,text_3d_alignment,real,0,0,2.0,0,0.0
trellis,68,geometric_consistency,real,2,2,5.0,0,0.0
trellis,68,structural_consistency,real,3,3,5.0,0,0.0
trellis,68,semantic_consistency,real,7,7,7.0,0,0.0
trellis,68,aesthetics,real,3,3,5.0,0,0.0
trellis,68,text_3d_alignment,real,4,4,5.0,0,0.0
trellis,7,geometric_consistency,real,3,6,7.0,3,3.0
trellis,7,structural_consistency,real,8,8,8.0,0,0.0
trellis,7,semantic_consistency,real,1,1,8.0,0,0.0
trellis,7,aesthetics,real,3,3,5.0,0,0.0
trellis,7,text_3d_alignment,real,9,9,8.0,0,-0.0
trellis,70,geometric_consistency,real,3,5,6.0,2,2.0
trellis,70,structural_consistency,real,4,7,7.0,3,3.0
trellis,70,semantic_consistency,real,9,9,9.0,0,0.0
trellis,70,aesthetics,real,4,5,5.0,1,1.0
trellis,70,text_3d_alignment,real,5,5,5.0,0,0.0
trellis,71,geometric_consistency,real,2,2,3.0,0,0.0
trellis,71,structural_consistency,real,1,1,4.0,0,0.0
trellis,71,semantic_consistency,real,5,5,5.0,0,0.0
trellis,71,aesthetics,real,3,3,3.0,0,0.0
trellis,71,text_3d_alignment,real,2,2,2.0,0,0.0
trellis,72,geometric_consistency,real,1,1,4.0,0,0.0
trellis,72,structural_consistency,real,5,5,5.0,0,0.0
trellis,72,semantic_consistency,real,8,8,7.0,0,-0.0
trellis,72,aesthetics,real,2,2,4.0,0,0.0
trellis,72,text_3d_alignment,real,1,1,3.0,0,0.0
trellis,73,geometric_consistency,real,1,1,2.0,0,0.0
trellis,73,structural_consistency,real,2,2,2.0,0,0.0
trellis,73,semantic_consistency,real,7,3,3.0,-4,4.0
trellis,73,aesthetics,real,2,2,2.0,0,0.0
trellis,73,text_3d_alignment,real,4,2,2.0,-2,2.0
trellis,79,geometric_consistency,real,2,2,4.0,0,0.0
trellis,79,structural_consistency,real,4,4,5.0,0,0.0
trellis,79,semantic_consistency,real,8,8,8.0,0,0.0
trellis,79,aesthetics,real,3,3,4.0,0,0.0
trellis,79,text_3d_alignment,real,1,2,3.0,1,1.0
trellis,8,geometric_consistency,real,4,5,6.0,1,1.0
trellis,8,structural_consistency,real,9,9,8.0,0,-0.0
trellis,8,semantic_consistency,real,9,9,8.0,0,-0.0
trellis,8,aesthetics,real,3,3,4.0,0,0.0
trellis,8,text_3d_alignment,real,9,9,8.0,0,-0.0
trellis,80,geometric_consistency,real,2,2,4.0,0,0.0
trellis,80,structural_consistency,real,3,3,5.0,0,0.0
trellis,80,semantic_consistency,real,7,7,7.0,0,0.0
trellis,80,aesthetics,real,3,3,3.0,0,0.0
trellis,80,text_3d_alignment,real,3,3,4.0,0,0.0
trellis,82,geometric_consistency,real,2,2,2.0,0,0.0
trellis,82,structural_consistency,real,5,4,5.0,-1,-0.0
trellis,82,semantic_consistency,real,2,2,4.0,0,0.0
trellis,82,aesthetics,real,4,3,4.0,-1,-0.0
trellis,82,text_3d_alignment,real,1,1,1.0,0,0.0
trellis,84,geometric_consistency,real,2,2,3.0,0,0.0
trellis,84,structural_consistency,real,8,8,7.0,0,-0.0
trellis,84,semantic_consistency,real,9,9,8.0,0,-0.0
trellis,84,aesthetics,real,4,4,4.0,0,0.0
trellis,84,text_3d_alignment,real,2,2,3.0,0,0.0
trellis,85,geometric_consistency,real,8,8,8.0,0,0.0
trellis,85,structural_consistency,real,0,0,7.0,0,0.0
trellis,85,semantic_consistency,real,9,9,9.0,0,0.0
trellis,85,aesthetics,real,8,7,7.0,-1,1.0
trellis,85,text_3d_alignment,real,1,1,2.0,0,0.0
trellis,86,geometric_consistency,real,2,2,3.0,0,0.0
trellis,86,structural_consistency,real,6,4,4.0,-2,2.0
trellis,86,semantic_consistency,real,8,6,6.0,-2,2.0
trellis,86,aesthetics,real,3,3,3.0,0,0.0
trellis,86,text_3d_alignment,real,8,5,5.0,-3,3.0
trellis,87,geometric_consistency,real,2,3,4.0,1,1.0
trellis,87,structural_consistency,real,5,5,5.0,0,0.0
trellis,87,semantic_consistency,real,8,8,7.0,0,-0.0
trellis,87,aesthetics,real,2,2,3.0,0,0.0
trellis,87,text_3d_alignment,real,1,1,2.0,0,0.0
trellis,88,geometric_consistency,real,1,1,1.0,0,0.0
trellis,88,structural_consistency,real,0,0,1.0,0,0.0
trellis,88,semantic_consistency,real,0,0,2.0,0,0.0
trellis,88,aesthetics,real,1,1,1.0,0,0.0
trellis,88,text_3d_alignment,real,1,1,2.0,0,0.0
trellis,89,geometric_consistency,real,4,4,4.0,0,0.0
trellis,89,structural_consistency,real,8,6,6.0,-2,2.0
trellis,89,semantic_consistency,real,8,6,6.0,-2,2.0
trellis,89,aesthetics,real,2,2,3.0,0,0.0
trellis,89,text_3d_alignment,real,0,1,2.0,1,1.0
trellis,9,geometric_consistency,real,8,7,8.0,-1,-0.0
trellis,9,structural_consistency,real,9,9,8.0,0,-0.0
trellis,9,semantic_consistency,real,9,9,8.0,0,-0.0
trellis,9,aesthetics,real,8,7,7.0,-1,1.0
trellis,9,text_3d_alignment,real,9,8,8.0,-1,1.0
trellis,92,geometric_consistency,real,1,1,3.0,0,0.0
trellis,92,structural_consistency,real,3,3,4.0,0,0.0
trellis,92,semantic_consistency,real,4,4,5.0,0,0.0
trellis,92,aesthetics,real,1,1,3.0,0,0.0
trellis,92,text_3d_alignment,real,5,3,5.0,-2,-0.0
trellis,94,geometric_consistency,real,3,4,6.0,1,1.0
trellis,94,structural_consistency,real,8,8,8.0,0,0.0
trellis,94,semantic_consistency,real,9,9,9.0,0,0.0
trellis,94,aesthetics,real,3,4,6.0,1,1.0
trellis,94,text_3d_alignment,real,2,4,4.0,2,2.0
trellis,95,geometric_consistency,real,2,2,2.0,0,0.0
trellis,95,structural_consistency,real,8,5,7.0,-3,3.0
trellis,95,semantic_consistency,real,9,3,4.0,-6,6.0
trellis,95,aesthetics,real,1,1,1.0,0,0.0
trellis,95,text_3d_alignment,real,0,0,0.0,0,0.0
trellis,97,geometric_consistency,real,0,0,1.0,0,0.0
trellis,97,structural_consistency,real,0,0,1.0,0,0.0
trellis,97,semantic_consistency,real,1,1,2.0,0,0.0
trellis,97,aesthetics,real,1,1,1.0,0,0.0
trellis,97,text_3d_alignment,real,2,2,2.0,0,0.0
trellis,99,geometric_consistency,real,2,2,6.0,0,0.0
trellis,99,structural_consistency,real,3,3,7.0,0,0.0
trellis,99,semantic_consistency,real,8,8,8.0,0,0.0
trellis,99,aesthetics,real,3,4,5.0,1,1.0
trellis,99,text_3d_alignment,real,2,2,4.0,0,0.0
triposr,0,geometric_consistency,real,1,1,2.0,0,0.0
triposr,0,structural_consistency,real,5,3,4.0,-2,2.0
triposr,0,semantic_consistency,real,2,2,2.0,0,0.0
triposr,0,aesthetics,real,0,0,1.0,0,0.0
triposr,0,text_3d_alignment,real,1,1,1.0,0,0.0
triposr,10,geometric_consistency,real,2,2,2.0,0,0.0
triposr,10,structural_consistency,real,3,3,3.0,0,0.0
triposr,10,semantic_consistency,real,2,2,3.0,0,0.0
triposr,10,aesthetics,real,1,1,2.0,0,0.0
triposr,10,text_3d_alignment,real,2,2,3.0,0,0.0
triposr,15,geometric_consistency,real,3,3,5.0,0,0.0
triposr,15,structural_consistency,real,9,7,7.0,-2,2.0
triposr,15,semantic_consistency,real,9,9,7.0,0,-0.0
triposr,15,aesthetics,real,2,2,5.0,0,0.0
triposr,15,text_3d_alignment,real,4,4,4.0,0,0.0
triposr,2,geometric_consistency,real,1,1,2.0,0,0.0
triposr,2,structural_consistency,real,6,2,2.0,-4,4.0
triposr,2,semantic_consistency,real,0,0,1.0,0,0.0
triposr,2,aesthetics,real,1,1,1.0,0,0.0
triposr,2,text_3d_alignment,real,0,0,1.0,0,0.0
triposr,20,geometric_consistency,real,1,1,1.0,0,0.0
triposr,20,structural_consistency,real,0,0,1.0,0,0.0
triposr,20,semantic_consistency,real,2,1,2.0,-1,-0.0
triposr,20,aesthetics,real,1,1,1.0,0,0.0
triposr,20,text_3d_alignment,real,0,0,0.0,0,0.0
triposr,23,geometric_consistency,real,1,1,3.0,0,0.0
triposr,23,structural_consistency,real,0,0,3.0,0,0.0
triposr,23,semantic_consistency,real,1,1,4.0,0,0.0
triposr,23,aesthetics,real,0,0,2.0,0,0.0
triposr,23,text_3d_alignment,real,1,1,2.0,0,0.0
triposr,24,geometric_consistency,real,3,3,3.0,0,0.0
triposr,24,structural_consistency,real,8,4,4.0,-4,4.0
triposr,24,semantic_consistency,real,9,5,5.0,-4,4.0
triposr,24,aesthetics,real,3,3,3.0,0,0.0
triposr,24,text_3d_alignment,real,2,2,2.0,0,0.0
triposr,27,geometric_consistency,real,2,2,3.0,0,0.0
triposr,27,structural_consistency,real,5,5,5.0,0,0.0
triposr,27,semantic_consistency,real,1,1,5.0,0,0.0
triposr,27,aesthetics,real,3,3,4.0,0,0.0
triposr,27,text_3d_alignment,real,2,2,4.0,0,0.0
triposr,29,geometric_consistency,real,1,1,3.0,0,0.0
triposr,29,structural_consistency,real,0,0,2.0,0,0.0
triposr,29,semantic_consistency,real,7,6,5.0,-1,1.0
triposr,29,aesthetics,real,1,2,3.0,1,1.0
triposr,29,text_3d_alignment,real,2,2,3.0,0,0.0
triposr,3,geometric_consistency,real,2,2,5.0,0,0.0
triposr,3,structural_consistency,real,9,9,9.0,0,0.0
triposr,3,semantic_consistency,real,9,9,9.0,0,0.0
triposr,3,aesthetics,real,2,2,3.0,0,0.0
triposr,3,text_3d_alignment,real,1,2,5.0,1,1.0
triposr,30,geometric_consistency,real,2,2,2.0,0,0.0
triposr,30,structural_consistency,real,0,0,2.0,0,0.0
triposr,30,semantic_consistency,real,0,0,3.0,0,0.0
triposr,30,aesthetics,real,1,1,2.0,0,0.0
triposr,30,text_3d_alignment,real,2,1,3.0,-1,-1.0
triposr,35,geometric_consistency,real,1,1,2.0,0,0.0
triposr,35,structural_consistency,real,2,2,2.0,0,0.0
triposr,35,semantic_consistency,real,3,3,3.0,0,0.0
triposr,35,aesthetics,real,1,1,1.0,0,0.0
triposr,35,text_3d_alignment,real,2,2,2.0,0,0.0
triposr,36,geometric_consistency,real,0,0,2.0,0,0.0
triposr,36,structural_consistency,real,1,2,2.0,1,1.0
triposr,36,semantic_consistency,real,5,4,4.0,-1,1.0
triposr,36,aesthetics,real,2,2,2.0,0,0.0
triposr,36,text_3d_alignment,real,3,3,3.0,0,0.0
triposr,37,geometric_consistency,real,1,1,3.0,0,0.0
triposr,37,structural_consistency,real,0,0,4.0,0,0.0
triposr,37,semantic_consistency,real,2,2,5.0,0,0.0
triposr,37,aesthetics,real,1,1,2.0,0,0.0
triposr,37,text_3d_alignment,real,2,2,3.0,0,0.0
triposr,38,geometric_consistency,real,2,2,4.0,0,0.0
triposr,38,structural_consistency,real,7,7,7.0,0,0.0
triposr,38,semantic_consistency,real,8,6,6.0,-2,2.0
triposr,38,aesthetics,real,1,1,3.0,0,0.0
triposr,38,text_3d_alignment,real,2,2,2.0,0,0.0
triposr,39,geometric_consistency,real,2,2,2.0,0,0.0
triposr,39,structural_consistency,real,7,6,6.0,-1,1.0
triposr,39,semantic_consistency,real,8,8,7.0,0,-0.0
triposr,39,aesthetics,real,2,2,2.0,0,0.0
triposr,39,text_3d_alignment,real,1,1,2.0,0,0.0
triposr,43,geometric_consistency,real,2,2,5.0,0,0.0
triposr,43,structural_consistency,real,8,8,7.0,0,-0.0
triposr,43,semantic_consistency,real,9,9,8.0,0,-0.0
triposr,43,aesthetics,real,3,3,5.0,0,0.0
triposr,43,text_3d_alignment,real,4,4,4.0,0,0.0
triposr,44,geometric_consistency,real,4,2,4.0,-2,-0.0
triposr,44,structural_consistency,real,8,5,3.0,-3,3.0
triposr,44,semantic_consistency,real,3,3,3.0,0,0.0
triposr,44,aesthetics,real,1,1,2.0,0,0.0
triposr,44,text_3d_alignment,real,1,1,2.0,0,0.0
triposr,48,geometric_consistency,real,2,2,3.0,0,0.0
triposr,48,structural_consistency,real,3,3,4.0,0,0.0
triposr,48,semantic_consistency,real,1,1,3.0,0,0.0
triposr,48,aesthetics,real,1,1,3.0,0,0.0
triposr,48,text_3d_alignment,real,0,0,3.0,0,0.0
triposr,49,geometric_consistency,real,3,1,3.0,-2,-0.0
triposr,49,structural_consistency,real,8,4,8.0,-4,-0.0
triposr,49,semantic_consistency,real,8,8,8.0,0,0.0
triposr,49,aesthetics,real,2,2,3.0,0,0.0
triposr,49,text_3d_alignment,real,1,1,3.0,0,0.0
triposr,52,geometric_consistency,real,2,2,3.0,0,0.0
triposr,52,structural_consistency,real,2,2,4.0,0,0.0
triposr,52,semantic_consistency,real,6,6,6.0,0,0.0
triposr,52,aesthetics,real,1,1,3.0,0,0.0
triposr,52,text_3d_alignment,real,4,4,4.0,0,0.0
triposr,54,geometric_consistency,real,2,2,2.0,0,0.0
triposr,54,structural_consistency,real,1,2,3.0,1,1.0
triposr,54,semantic_consistency,real,3,3,4.0,0,0.0
triposr,54,aesthetics,real,2,2,2.0,0,0.0
triposr,54,text_3d_alignment,real,1,1,3.0,0,0.0
triposr,57,geometric_consistency,real,1,1,2.0,0,0.0
triposr,57,structural_consistency,real,0,0,2.0,0,0.0
triposr,57,semantic_consistency,real,1,2,3.0,1,1.0
triposr,57,aesthetics,real,1,1,2.0,0,0.0
triposr,57,text_3d_alignment,real,2,2,3.0,0,0.0
triposr,58,geometric_consistency,real,0,0,1.0,0,0.0
triposr,58,structural_consistency,real,0,0,1.0,0,0.0
triposr,58,semantic_consistency,real,1,2,3.0,1,1.0
triposr,58,aesthetics,real,2,2,2.0,0,0.0
triposr,58,text_3d_alignment,real,1,1,1.0,0,0.0
triposr,6,geometric_consistency,real,1,1,2.0,0,0.0
triposr,6,structural_consistency,real,4,3,3.0,-1,1.0
triposr,6,semantic_consistency,real,6,5,5.0,-1,1.0
triposr,6,aesthetics,real,1,1,1.0,0,0.0
triposr,6,text_3d_alignment,real,3,3,3.0,0,0.0
triposr,60,geometric_consistency,real,2,2,2.0,0,0.0
triposr,60,structural_consistency,real,7,4,6.0,-3,3.0
triposr,60,semantic_consistency,real,4,2,4.0,-2,-0.0
triposr,60,aesthetics,real,1,1,2.0,0,0.0
triposr,60,text_3d_alignment,real,1,1,3.0,0,0.0
triposr,61,geometric_consistency,real,1,1,3.0,0,0.0
triposr,61,structural_consistency,real,0,0,4.0,0,0.0
triposr,61,semantic_consistency,real,0,0,5.0,0,0.0
triposr,61,aesthetics,real,1,1,2.0,0,0.0
triposr,61,text_3d_alignment,real,2,2,4.0,0,0.0
triposr,62,geometric_consistency,real,2,1,2.0,-1,-0.0
triposr,62,structural_consistency,real,1,1,2.0,0,0.0
triposr,62,semantic_consistency,real,0,0,3.0,0,0.0
triposr,62,aesthetics,real,2,2,2.0,0,0.0
triposr,62,text_3d_alignment,real,3,3,3.0,0,0.0
triposr,69,geometric_consistency,real,4,4,4.0,0,0.0
triposr,69,structural_consistency,real,2,2,4.0,0,0.0
triposr,69,semantic_consistency,real,4,4,6.0,0,0.0
triposr,69,aesthetics,real,3,3,3.0,0,0.0
triposr,69,text_3d_alignment,real,2,2,3.0,0,0.0
triposr,73,geometric_consistency,real,2,2,2.0,0,0.0
triposr,73,structural_consistency,real,6,2,3.0,-4,4.0
triposr,73,semantic_consistency,real,7,1,2.0,-6,6.0
triposr,73,aesthetics,real,1,1,1.0,0,0.0
triposr,73,text_3d_alignment,real,0,0,0.0,0,0.0
triposr,74,geometric_consistency,real,2,1,3.0,-1,-1.0
triposr,74,structural_consistency,real,7,5,5.0,-2,2.0
triposr,74,semantic_consistency,real,1,1,3.0,0,0.0
triposr,74,aesthetics,real,1,1,1.0,0,0.0
triposr,74,text_3d_alignment,real,0,0,1.0,0,0.0
triposr,75,geometric_consistency,real,2,2,3.0,0,0.0
triposr,75,structural_consistency,real,6,4,4.0,-2,2.0
triposr,75,semantic_consistency,real,5,5,5.0,0,0.0
triposr,75,aesthetics,real,1,1,3.0,0,0.0
triposr,75,text_3d_alignment,real,1,1,3.0,0,0.0
triposr,76,geometric_consistency,real,1,1,3.0,0,0.0
triposr,76,structural_consistency,real,3,3,3.0,0,0.0
triposr,76,semantic_consistency,real,6,6,6.0,0,0.0
triposr,76,aesthetics,real,1,3,4.0,2,2.0
triposr,76,text_3d_alignment,real,2,3,4.0,1,1.0
triposr,78,geometric_consistency,real,1,1,2.0,0,0.0
triposr,78,structural_consistency,real,1,1,2.0,0,0.0
triposr,78,semantic_consistency,real,2,2,3.0,0,0.0
triposr,78,aesthetics,real,1,1,2.0,0,0.0
triposr,78,text_3d_alignment,real,2,2,2.0,0,0.0
triposr,81,geometric_consistency,real,1,1,1.0,0,0.0
triposr,81,structural_consistency,real,0,0,1.0,0,0.0
triposr,81,semantic_consistency,real,0,0,0.0,0,0.0
triposr,81,aesthetics,real,1,1,1.0,0,0.0
triposr,81,text_3d_alignment,real,1,0,0.0,-1,1.0
triposr,82,geometric_consistency,real,2,2,2.0,0,0.0
triposr,82,structural_consistency,real,1,1,2.0,0,0.0
triposr,82,semantic_consistency,real,1,1,3.0,0,0.0
triposr,82,aesthetics,real,3,3,3.0,0,0.0
triposr,82,text_3d_alignment,real,0,0,1.0,0,0.0
triposr,84,geometric_consistency,real,0,0,1.0,0,0.0
triposr,84,structural_consistency,real,0,0,1.0,0,0.0
triposr,84,semantic_consistency,real,0,0,1.0,0,0.0
triposr,84,aesthetics,real,0,1,1.0,1,1.0
triposr,84,text_3d_alignment,real,0,1,1.0,1,1.0
triposr,85,geometric_consistency,real,1,3,4.0,2,2.0
triposr,85,structural_consistency,real,0,4,4.0,4,4.0
triposr,85,semantic_consistency,real,2,5,6.0,3,3.0
triposr,85,aesthetics,real,1,3,3.0,2,2.0
triposr,85,text_3d_alignment,real,0,2,2.0,2,2.0
triposr,86,geometric_consistency,real,2,1,2.0,-1,-0.0
triposr,86,structural_consistency,real,7,2,2.0,-5,5.0
triposr,86,semantic_consistency,real,1,1,1.0,0,0.0
triposr,86,aesthetics,real,1,1,1.0,0,0.0
triposr,86,text_3d_alignment,real,0,0,1.0,0,0.0
triposr,87,geometric_consistency,real,8,6,6.0,-2,2.0
triposr,87,structural_consistency,real,9,8,7.0,-1,1.0
triposr,87,semantic_consistency,real,9,5,5.0,-4,4.0
triposr,87,aesthetics,real,6,6,6.0,0,0.0
triposr,87,text_3d_alignment,real,1,2,2.0,1,1.0
triposr,93,geometric_consistency,real,2,2,4.0,0,0.0
triposr,93,structural_consistency,real,0,0,4.0,0,0.0
triposr,93,semantic_consistency,real,1,1,6.0,0,0.0
triposr,93,aesthetics,real,2,2,3.0,0,0.0
triposr,93,text_3d_alignment,real,1,1,3.0,0,0.0
triposr,94,geometric_consistency,real,4,5,6.0,1,1.0
triposr,94,structural_consistency,real,8,7,7.0,-1,1.0
triposr,94,semantic_consistency,real,9,9,8.0,0,-0.0
triposr,94,aesthetics,real,3,4,5.0,1,1.0
triposr,94,text_3d_alignment,real,3,3,5.0,0,0.0
triposr,95,geometric_consistency,real,1,1,2.0,0,0.0
triposr,95,structural_consistency,real,3,1,2.0,-2,2.0
triposr,95,semantic_consistency,real,1,1,2.0,0,0.0
triposr,95,aesthetics,real,1,1,1.0,0,0.0
triposr,95,text_3d_alignment,real,0,0,1.0,0,0.0
unique3d,0,geometric_consistency,real,2,2,2.0,0,0.0
unique3d,0,structural_consistency,real,3,3,3.0,0,0.0
unique3d,0,semantic_consistency,real,1,1,4.0,0,0.0
unique3d,0,aesthetics,real,0,0,1.0,0,0.0
unique3d,0,text_3d_alignment,real,1,1,4.0,0,0.0
unique3d,10,geometric_consistency,real,1,1,1.0,0,0.0
unique3d,10,structural_consistency,real,5,5,5.0,0,0.0
unique3d,10,semantic_consistency,real,6,6,6.0,0,0.0
unique3d,10,aesthetics,real,0,0,0.0,0,0.0
unique3d,10,text_3d_alignment,real,1,1,1.0,0,0.0
unique3d,11,geometric_consistency,real,0,0,1.0,0,0.0
unique3d,11,structural_consistency,real,1,1,1.0,0,0.0
unique3d,11,semantic_consistency,real,2,2,2.0,0,0.0
unique3d,11,aesthetics,real,0,0,0.0,0,0.0
unique3d,11,text_3d_alignment,real,1,1,1.0,0,0.0
unique3d,12,geometric_consistency,real,1,1,1.0,0,0.0
unique3d,12,structural_consistency,real,0,0,3.0,0,0.0
unique3d,12,semantic_consistency,real,2,2,3.0,0,0.0
unique3d,12,aesthetics,real,0,0,0.0,0,0.0
unique3d,12,text_3d_alignment,real,1,1,2.0,0,0.0
unique3d,13,geometric_consistency,real,0,0,1.0,0,0.0
unique3d,13,structural_consistency,real,1,0,1.0,-1,-0.0
unique3d,13,semantic_consistency,real,2,1,2.0,-1,-0.0
unique3d,13,aesthetics,real,0,0,0.0,0,0.0
unique3d,13,text_3d_alignment,real,1,1,1.0,0,0.0
unique3d,14,geometric_consistency,real,0,1,2.0,1,1.0
unique3d,14,structural_consistency,real,0,3,2.0,3,3.0
unique3d,14,semantic_consistency,real,1,3,3.0,2,2.0
unique3d,14,aesthetics,real,0,0,1.0,0,0.0
unique3d,14,text_3d_alignment,real,1,2,2.0,1,1.0
unique3d,15,geometric_consistency,real,1,1,1.0,0,0.0
unique3d,15,structural_consistency,real,7,3,7.0,-4,-0.0
unique3d,15,semantic_consistency,real,9,4,9.0,-5,-0.0
unique3d,15,aesthetics,real,0,0,0.0,0,0.0
unique3d,15,text_3d_alignment,real,2,1,2.0,-1,-0.0
unique3d,16,geometric_consistency,real,0,0,0.0,0,0.0
unique3d,16,structural_consistency,real,0,0,0.0,0,0.0
unique3d,16,semantic_consistency,real,0,0,0.0,0,0.0
unique3d,16,aesthetics,real,0,0,0.0,0,0.0
unique3d,16,text_3d_alignment,real,0,0,0.0,0,0.0
unique3d,17,geometric_consistency,real,2,1,1.0,-1,1.0
unique3d,17,structural_consistency,real,8,3,3.0,-5,5.0
unique3d,17,semantic_consistency,real,8,3,3.0,-5,5.0
unique3d,17,aesthetics,real,0,0,0.0,0,0.0
unique3d,17,text_3d_alignment,real,3,1,1.0,-2,2.0
unique3d,18,geometric_consistency,real,0,0,0.0,0,0.0
unique3d,18,structural_consistency,real,0,0,0.0,0,0.0
unique3d,18,semantic_consistency,real,0,0,0.0,0,0.0
unique3d,18,aesthetics,real,0,0,0.0,0,0.0
unique3d,18,text_3d_alignment,real,0,0,0.0,0,0.0
unique3d,19,geometric_consistency,real,1,1,1.0,0,0.0
unique3d,19,structural_consistency,real,3,2,2.0,-1,1.0
unique3d,19,semantic_consistency,real,1,1,2.0,0,0.0
unique3d,19,aesthetics,real,0,0,0.0,0,0.0
unique3d,19,text_3d_alignment,real,1,1,1.0,0,0.0
unique3d,2,geometric_consistency,real,0,0,0.0,0,0.0
unique3d,2,structural_consistency,real,0,0,0.0,0,0.0
unique3d,2,semantic_consistency,real,0,0,0.0,0,0.0
unique3d,2,aesthetics,real,0,0,0.0,0,0.0
unique3d,2,text_3d_alignment,real,0,0,0.0,0,0.0
unique3d,20,geometric_consistency,real,0,0,1.0,0,0.0
unique3d,20,structural_consistency,real,0,0,1.0,0,0.0
unique3d,20,semantic_consistency,real,0,0,1.0,0,0.0
unique3d,20,aesthetics,real,0,0,0.0,0,0.0
unique3d,20,text_3d_alignment,real,0,0,0.0,0,0.0
unique3d,21,geometric_consistency,real,0,0,1.0,0,0.0
unique3d,21,structural_consistency,real,1,1,1.0,0,0.0
unique3d,21,semantic_consistency,real,5,5,5.0,0,0.0
unique3d,21,aesthetics,real,0,0,0.0,0,0.0
unique3d,21,text_3d_alignment,real,1,1,1.0,0,0.0
unique3d,23,geometric_consistency,real,0,0,1.0,0,0.0
unique3d,23,structural_consistency,real,0,0,1.0,0,0.0
unique3d,23,semantic_consistency,real,0,0,0.0,0,0.0
unique3d,23,aesthetics,real,0,0,0.0,0,0.0
unique3d,23,text_3d_alignment,real,0,0,0.0,0,0.0
unique3d,24,geometric_consistency,real,1,0,1.0,-1,-0.0
unique3d,24,structural_consistency,real,6,4,4.0,-2,2.0
unique3d,24,semantic_consistency,real,7,3,3.0,-4,4.0
unique3d,24,aesthetics,real,0,0,0.0,0,0.0
unique3d,24,text_3d_alignment,real,3,2,2.0,-1,1.0
unique3d,26,geometric_consistency,real,0,0,0.0,0,0.0
unique3d,26,structural_consistency,real,0,0,0.0,0,0.0
unique3d,26,semantic_consistency,real,0,0,0.0,0,0.0
unique3d,26,aesthetics,real,0,0,0.0,0,0.0
unique3d,26,text_3d_alignment,real,0,0,0.0,0,0.0
unique3d,27,geometric_consistency,real,1,1,1.0,0,0.0
unique3d,27,structural_consistency,real,0,0,1.0,0,0.0
unique3d,27,semantic_consistency,real,0,0,1.0,0,0.0
unique3d,27,aesthetics,real,0,0,0.0,0,0.0
unique3d,27,text_3d_alignment,real,0,0,0.0,0,0.0
unique3d,28,geometric_consistency,real,1,1,1.0,0,0.0
unique3d,28,structural_consistency,real,1,1,2.0,0,0.0
unique3d,28,semantic_consistency,real,2,1,2.0,-1,-0.0
unique3d,28,aesthetics,real,0,0,0.0,0,0.0
unique3d,28,text_3d_alignment,real,1,0,0.0,-1,1.0
unique3d,29,geometric_consistency,real,3,1,3.0,-2,-0.0
unique3d,29,structural_consistency,real,8,7,7.0,-1,1.0
unique3d,29,semantic_consistency,real,8,8,6.0,0,-0.0
unique3d,29,aesthetics,real,0,0,0.0,0,0.0
unique3d,29,text_3d_alignment,real,1,1,1.0,0,0.0
unique3d,3,geometric_consistency,real,0,0,2.0,0,0.0
unique3d,3,structural_consistency,real,1,2,4.0,1,1.0
unique3d,3,semantic_consistency,real,1,1,5.0,0,0.0
unique3d,3,aesthetics,real,0,0,1.0,0,0.0
unique3d,3,text_3d_alignment,real,0,0,2.0,0,0.0
unique3d,31,geometric_consistency,real,1,1,1.0,0,0.0
unique3d,31,structural_consistency,real,7,2,3.0,-5,5.0
unique3d,31,semantic_consistency,real,8,3,3.0,-5,5.0
unique3d,31,aesthetics,real,0,0,0.0,0,0.0
unique3d,31,text_3d_alignment,real,4,2,2.0,-2,2.0
unique3d,32,geometric_consistency,real,2,1,2.0,-1,-0.0
unique3d,32,structural_consistency,real,6,3,4.0,-3,3.0
unique3d,32,semantic_consistency,real,8,2,3.0,-6,6.0
unique3d,32,aesthetics,real,0,0,0.0,0,0.0
unique3d,32,text_3d_alignment,real,1,1,1.0,0,0.0
unique3d,33,geometric_consistency,real,0,0,1.0,0,0.0
unique3d,33,structural_consistency,real,0,0,2.0,0,0.0
unique3d,33,semantic_consistency,real,0,0,1.0,0,0.0
unique3d,33,aesthetics,real,0,0,0.0,0,0.0
unique3d,33,text_3d_alignment,real,0,0,0.0,0,0.0
unique3d,34,geometric_consistency,real,0,0,0.0,0,0.0
unique3d,34,structural_consistency,real,0,0,0.0,0,0.0
unique3d,34,semantic_consistency,real,0,0,0.0,0,0.0
unique3d,34,aesthetics,real,0,0,0.0,0,0.0
unique3d,34,text_3d_alignment,real,1,0,0.0,-1,1.0
unique3d,35,geometric_consistency,real,0,1,1.0,1,1.0
unique3d,35,structural_consistency,real,0,1,1.0,1,1.0
unique3d,35,semantic_consistency,real,0,0,0.0,0,0.0
unique3d,35,aesthetics,real,0,0,0.0,0,0.0
unique3d,35,text_3d_alignment,real,0,0,0.0,0,0.0
unique3d,36,geometric_consistency,real,0,0,0.0,0,0.0
unique3d,36,structural_consistency,real,2,1,2.0,-1,-0.0
unique3d,36,semantic_consistency,real,2,2,2.0,0,0.0
unique3d,36,aesthetics,real,0,0,0.0,0,0.0
unique3d,36,text_3d_alignment,real,1,1,1.0,0,0.0
unique3d,37,geometric_consistency,real,0,0,1.0,0,0.0
unique3d,37,structural_consistency,real,1,0,1.0,-1,-0.0
unique3d,37,semantic_consistency,real,2,1,2.0,-1,-0.0
unique3d,37,aesthetics,real,0,0,0.0,0,0.0
unique3d,37,text_3d_alignment,real,1,1,1.0,0,0.0
unique3d,38,geometric_consistency,real,0,0,1.0,0,0.0
unique3d,38,structural_consistency,real,0,0,1.0,0,0.0
unique3d,38,semantic_consistency,real,1,0,2.0,-1,-1.0
unique3d,38,aesthetics,real,0,0,0.0,0,0.0
unique3d,38,text_3d_alignment,real,0,0,1.0,0,0.0
unique3d,39,geometric_consistency,real,1,0,1.0,-1,-0.0
unique3d,39,structural_consistency,real,4,2,4.0,-2,-0.0
unique3d,39,semantic_consistency,real,5,5,5.0,0,0.0
unique3d,39,aesthetics,real,0,0,0.0,0,0.0
unique3d,39,text_3d_alignment,real,2,2,2.0,0,0.0
unique3d,4,geometric_consistency,real,0,0,1.0,0,0.0
unique3d,4,structural_consistency,real,1,0,1.0,-1,-0.0
unique3d,4,semantic_consistency,real,1,0,1.0,-1,-0.0
unique3d,4,aesthetics,real,0,0,0.0,0,0.0
unique3d,4,text_3d_alignment,real,1,0,1.0,-1,-0.0
unique3d,40,geometric_consistency,real,0,0,0.0,0,0.0
unique3d,40,structural_consistency,real,1,0,1.0,-1,-0.0
unique3d,40,semantic_consistency,real,0,0,0.0,0,0.0
unique3d,40,aesthetics,real,0,0,0.0,0,0.0
unique3d,40,text_3d_alignment,real,0,0,0.0,0,0.0
unique3d,41,geometric_consistency,real,1,1,1.0,0,0.0
unique3d,41,structural_consistency,real,0,0,0.0,0,0.0
unique3d,41,semantic_consistency,real,0,0,0.0,0,0.0
unique3d,41,aesthetics,real,0,0,0.0,0,0.0
unique3d,41,text_3d_alignment,real,1,1,1.0,0,0.0
unique3d,42,geometric_consistency,real,1,1,1.0,0,0.0
unique3d,42,structural_consistency,real,0,0,1.0,0,0.0
unique3d,42,semantic_consistency,real,0,0,1.0,0,0.0
unique3d,42,aesthetics,real,1,1,1.0,0,0.0
unique3d,42,text_3d_alignment,real,0,0,1.0,0,0.0
unique3d,44,geometric_consistency,real,1,1,1.0,0,0.0
unique3d,44,structural_consistency,real,1,1,1.0,0,0.0
unique3d,44,semantic_consistency,real,0,0,0.0,0,0.0
unique3d,44,aesthetics,real,0,0,0.0,0,0.0
unique3d,44,text_3d_alignment,real,0,0,0.0,0,0.0
unique3d,45,geometric_consistency,real,0,0,0.0,0,0.0
unique3d,45,structural_consistency,real,0,0,0.0,0,0.0
unique3d,45,semantic_consistency,real,0,0,0.0,0,0.0
unique3d,45,aesthetics,real,0,0,0.0,0,0.0
unique3d,45,text_3d_alignment,real,0,0,0.0,0,0.0
unique3d,46,geometric_consistency,real,0,0,0.0,0,0.0
unique3d,46,structural_consistency,real,0,0,0.0,0,0.0
unique3d,46,semantic_consistency,real,0,0,0.0,0,0.0
unique3d,46,aesthetics,real,0,0,0.0,0,0.0
unique3d,46,text_3d_alignment,real,0,0,0.0,0,0.0
unique3d,47,geometric_consistency,real,0,0,0.0,0,0.0
unique3d,47,structural_consistency,real,0,0,0.0,0,0.0
unique3d,47,semantic_consistency,real,0,0,0.0,0,0.0
unique3d,47,aesthetics,real,0,0,0.0,0,0.0
unique3d,47,text_3d_alignment,real,0,0,0.0,0,0.0
unique3d,48,geometric_consistency,real,0,0,0.0,0,0.0
unique3d,48,structural_consistency,real,0,0,0.0,0,0.0
unique3d,48,semantic_consistency,real,0,0,0.0,0,0.0
unique3d,48,aesthetics,real,0,0,0.0,0,0.0
unique3d,48,text_3d_alignment,real,0,0,0.0,0,0.0
unique3d,5,geometric_consistency,real,0,0,1.0,0,0.0
unique3d,5,structural_consistency,real,1,0,2.0,-1,-1.0
unique3d,5,semantic_consistency,real,2,1,2.0,-1,-0.0
unique3d,5,aesthetics,real,0,0,0.0,0,0.0
unique3d,5,text_3d_alignment,real,0,0,1.0,0,0.0
unique3d,50,geometric_consistency,real,0,0,1.0,0,0.0
unique3d,50,structural_consistency,real,0,0,1.0,0,0.0
unique3d,50,semantic_consistency,real,0,0,0.0,0,0.0
unique3d,50,aesthetics,real,0,0,0.0,0,0.0
unique3d,50,text_3d_alignment,real,0,0,0.0,0,0.0
unique3d,51,geometric_consistency,real,0,0,0.0,0,0.0
unique3d,51,structural_consistency,real,0,0,0.0,0,0.0
unique3d,51,semantic_consistency,real,0,0,0.0,0,0.0
unique3d,51,aesthetics,real,0,0,0.0,0,0.0
unique3d,51,text_3d_alignment,real,0,0,0.0,0,0.0
unique3d,52,geometric_consistency,real,1,1,1.0,0,0.0
unique3d,52,structural_consistency,real,1,1,1.0,0,0.0
unique3d,52,semantic_consistency,real,2,1,2.0,-1,-0.0
unique3d,52,aesthetics,real,0,0,0.0,0,0.0
unique3d,52,text_3d_alignment,real,2,2,2.0,0,0.0
unique3d,53,geometric_consistency,real,0,0,1.0,0,0.0
unique3d,53,structural_consistency,real,4,1,2.0,-3,3.0
unique3d,53,semantic_consistency,real,4,1,1.0,-3,3.0
unique3d,53,aesthetics,real,0,0,0.0,0,0.0
unique3d,53,text_3d_alignment,real,1,0,0.0,-1,1.0
unique3d,54,geometric_consistency,real,1,1,1.0,0,0.0
unique3d,54,structural_consistency,real,6,3,6.0,-3,-0.0
unique3d,54,semantic_consistency,real,7,6,7.0,-1,-0.0
unique3d,54,aesthetics,real,0,0,0.0,0,0.0
unique3d,54,text_3d_alignment,real,1,1,1.0,0,0.0
unique3d,55,geometric_consistency,real,0,0,1.0,0,0.0
unique3d,55,structural_consistency,real,0,0,0.0,0,0.0
unique3d,55,semantic_consistency,real,0,0,0.0,0,0.0
unique3d,55,aesthetics,real,0,0,0.0,0,0.0
unique3d,55,text_3d_alignment,real,0,0,0.0,0,0.0
unique3d,56,geometric_consistency,real,0,0,1.0,0,0.0
unique3d,56,structural_consistency,real,0,0,1.0,0,0.0
unique3d,56,semantic_consistency,real,0,0,1.0,0,0.0
unique3d,56,aesthetics,real,0,0,0.0,0,0.0
unique3d,56,text_3d_alignment,real,0,0,0.0,0,0.0
unique3d,57,geometric_consistency,real,0,0,1.0,0,0.0
unique3d,57,structural_consistency,real,0,0,1.0,0,0.0
unique3d,57,semantic_consistency,real,0,0,1.0,0,0.0
unique3d,57,aesthetics,real,0,0,0.0,0,0.0
unique3d,57,text_3d_alignment,real,0,0,0.0,0,0.0
unique3d,58,geometric_consistency,real,0,0,0.0,0,0.0
unique3d,58,structural_consistency,real,1,0,1.0,-1,-0.0
unique3d,58,semantic_consistency,real,1,0,1.0,-1,-0.0
unique3d,58,aesthetics,real,0,0,0.0,0,0.0
unique3d,58,text_3d_alignment,real,0,0,0.0,0,0.0
unique3d,6,geometric_consistency,real,2,1,2.0,-1,-0.0
unique3d,6,structural_consistency,real,1,1,2.0,0,0.0
unique3d,6,semantic_consistency,real,1,1,3.0,0,0.0
unique3d,6,aesthetics,real,0,0,1.0,0,0.0
unique3d,6,text_3d_alignment,real,0,0,2.0,0,0.0
unique3d,60,geometric_consistency,real,0,0,0.0,0,0.0
unique3d,60,structural_consistency,real,0,0,0.0,0,0.0
unique3d,60,semantic_consistency,real,0,0,0.0,0,0.0
unique3d,60,aesthetics,real,0,0,0.0,0,0.0
unique3d,60,text_3d_alignment,real,0,0,0.0,0,0.0
unique3d,62,geometric_consistency,real,1,1,1.0,0,0.0
unique3d,62,structural_consistency,real,7,3,4.0,-4,4.0
unique3d,62,semantic_consistency,real,8,3,3.0,-5,5.0
unique3d,62,aesthetics,real,1,1,1.0,0,0.0
unique3d,62,text_3d_alignment,real,1,1,1.0,0,0.0
unique3d,63,geometric_consistency,real,0,0,0.0,0,0.0
unique3d,63,structural_consistency,real,0,0,0.0,0,0.0
unique3d,63,semantic_consistency,real,0,0,0.0,0,0.0
unique3d,63,aesthetics,real,0,0,0.0,0,0.0
unique3d,63,text_3d_alignment,real,0,0,0.0,0,0.0
unique3d,64,geometric_consistency,real,0,0,0.0,0,0.0
unique3d,64,structural_consistency,real,0,0,0.0,0,0.0
unique3d,64,semantic_consistency,real,0,0,0.0,0,0.0
unique3d,64,aesthetics,real,0,0,0.0,0,0.0
unique3d,64,text_3d_alignment,real,0,0,0.0,0,0.0
unique3d,66,geometric_consistency,real,1,1,1.0,0,0.0
unique3d,66,structural_consistency,real,2,1,2.0,-1,-0.0
unique3d,66,semantic_consistency,real,2,1,2.0,-1,-0.0
unique3d,66,aesthetics,real,0,0,0.0,0,0.0
unique3d,66,text_3d_alignment,real,0,0,0.0,0,0.0
unique3d,68,geometric_consistency,real,0,0,1.0,0,0.0
unique3d,68,structural_consistency,real,0,0,1.0,0,0.0
unique3d,68,semantic_consistency,real,0,0,1.0,0,0.0
unique3d,68,aesthetics,real,0,0,0.0,0,0.0
unique3d,68,text_3d_alignment,real,0,0,1.0,0,0.0
unique3d,69,geometric_consistency,real,4,1,3.0,-3,3.0
unique3d,69,structural_consistency,real,8,2,4.0,-6,6.0
unique3d,69,semantic_consistency,real,8,2,4.0,-6,6.0
unique3d,69,aesthetics,real,1,1,1.0,0,0.0
unique3d,69,text_3d_alignment,real,0,0,1.0,0,0.0
unique3d,70,geometric_consistency,real,0,1,1.0,1,1.0
unique3d,70,structural_consistency,real,0,1,1.0,1,1.0
unique3d,70,semantic_consistency,real,0,1,1.0,1,1.0
unique3d,70,aesthetics,real,0,0,0.0,0,0.0
unique3d,70,text_3d_alignment,real,0,1,1.0,1,1.0
unique3d,71,geometric_consistency,real,2,1,2.0,-1,-0.0
unique3d,71,structural_consistency,real,8,3,3.0,-5,5.0
unique3d,71,semantic_consistency,real,8,3,3.0,-5,5.0
unique3d,71,aesthetics,real,1,1,1.0,0,0.0
unique3d,71,text_3d_alignment,real,1,1,1.0,0,0.0
unique3d,73,geometric_consistency,real,0,0,0.0,0,0.0
unique3d,73,structural_consistency,real,0,0,0.0,0,0.0
unique3d,73,semantic_consistency,real,0,0,0.0,0,0.0
unique3d,73,aesthetics,real,0,0,0.0,0,0.0
unique3d,73,text_3d_alignment,real,0,0,0.0,0,0.0
unique3d,74,geometric_consistency,real,0,0,0.0,0,0.0
unique3d,74,structural_consistency,real,2,0,1.0,-2,2.0
unique3d,74,semantic_consistency,real,3,0,0.0,-3,3.0
unique3d,74,aesthetics,real,0,0,0.0,0,0.0
unique3d,74,text_3d_alignment,real,1,0,0.0,-1,1.0
unique3d,75,geometric_consistency,real,1,1,1.0,0,0.0
unique3d,75,structural_consistency,real,6,6,6.0,0,0.0
unique3d,75,semantic_consistency,real,8,6,6.0,-2,2.0
unique3d,75,aesthetics,real,0,0,0.0,0,0.0
unique3d,75,text_3d_alignment,real,0,0,1.0,0,0.0
unique3d,76,geometric_consistency,real,0,0,1.0,0,0.0
unique3d,76,structural_consistency,real,0,0,0.0,0,0.0
unique3d,76,semantic_consistency,real,0,0,0.0,0,0.0
unique3d,76,aesthetics,real,0,0,0.0,0,0.0
unique3d,76,text_3d_alignment,real,0,0,0.0,0,0.0
unique3d,77,geometric_consistency,real,0,0,0.0,0,0.0
unique3d,77,structural_consistency,real,0,0,0.0,0,0.0
unique3d,77,semantic_consistency,real,0,0,0.0,0,0.0
unique3d,77,aesthetics,real,0,0,0.0,0,0.0
unique3d,77,text_3d_alignment,real,0,0,0.0,0,0.0
unique3d,78,geometric_consistency,real,1,1,1.0,0,0.0
unique3d,78,structural_consistency,real,1,1,1.0,0,0.0
unique3d,78,semantic_consistency,real,2,1,2.0,-1,-0.0
unique3d,78,aesthetics,real,0,0,0.0,0,0.0
unique3d,78,text_3d_alignment,real,1,1,1.0,0,0.0
unique3d,79,geometric_consistency,real,0,0,0.0,0,0.0
unique3d,79,structural_consistency,real,2,1,2.0,-1,-0.0
unique3d,79,semantic_consistency,real,3,3,3.0,0,0.0
unique3d,79,aesthetics,real,0,0,0.0,0,0.0
unique3d,79,text_3d_alignment,real,1,1,1.0,0,0.0
unique3d,8,geometric_consistency,real,3,3,3.0,0,0.0
unique3d,8,structural_consistency,real,8,7,7.0,-1,1.0
unique3d,8,semantic_consistency,real,2,2,4.0,0,0.0
unique3d,8,aesthetics,real,2,2,2.0,0,0.0
unique3d,8,text_3d_alignment,real,1,1,3.0,0,0.0
unique3d,80,geometric_consistency,real,1,1,1.0,0,0.0
unique3d,80,structural_consistency,real,0,0,1.0,0,0.0
unique3d,80,semantic_consistency,real,1,1,2.0,0,0.0
unique3d,80,aesthetics,real,0,0,0.0,0,0.0
unique3d,80,text_3d_alignment,real,2,2,2.0,0,0.0
unique3d,81,geometric_consistency,real,0,0,0.0,0,0.0
unique3d,81,structural_consistency,real,0,0,0.0,0,0.0
unique3d,81,semantic_consistency,real,0,0,0.0,0,0.0
unique3d,81,aesthetics,real,0,0,0.0,0,0.0
unique3d,81,text_3d_alignment,real,0,0,0.0,0,0.0
unique3d,82,geometric_consistency,real,0,0,1.0,0,0.0
unique3d,82,structural_consistency,real,0,0,1.0,0,0.0
unique3d,82,semantic_consistency,real,0,0,0.0,0,0.0
unique3d,82,aesthetics,real,0,0,0.0,0,0.0
unique3d,82,text_3d_alignment,real,0,0,0.0,0,0.0
unique3d,83,geometric_consistency,real,0,0,0.0,0,0.0
unique3d,83,structural_consistency,real,0,0,0.0,0,0.0
unique3d,83,semantic_consistency,real,0,0,0.0,0,0.0
unique3d,83,aesthetics,real,0,0,0.0,0,0.0
unique3d,83,text_3d_alignment,real,0,0,0.0,0,0.0
unique3d,84,geometric_consistency,real,0,0,0.0,0,0.0
unique3d,84,structural_consistency,real,0,0,0.0,0,0.0
unique3d,84,semantic_consistency,real,0,0,0.0,0,0.0
unique3d,84,aesthetics,real,0,0,0.0,0,0.0
unique3d,84,text_3d_alignment,real,0,0,0.0,0,0.0
unique3d,88,geometric_consistency,real,0,0,0.0,0,0.0
unique3d,88,structural_consistency,real,0,0,0.0,0,0.0
unique3d,88,semantic_consistency,real,0,0,0.0,0,0.0
unique3d,88,aesthetics,real,0,0,0.0,0,0.0
unique3d,88,text_3d_alignment,real,0,0,0.0,0,0.0
unique3d,89,geometric_consistency,real,1,1,1.0,0,0.0
unique3d,89,structural_consistency,real,0,0,2.0,0,0.0
unique3d,89,semantic_consistency,real,1,1,2.0,0,0.0
unique3d,89,aesthetics,real,0,0,0.0,0,0.0
unique3d,89,text_3d_alignment,real,1,1,1.0,0,0.0
unique3d,9,geometric_consistency,real,1,1,1.0,0,0.0
unique3d,9,structural_consistency,real,0,0,0.0,0,0.0
unique3d,9,semantic_consistency,real,0,0,0.0,0,0.0
unique3d,9,aesthetics,real,0,0,0.0,0,0.0
unique3d,9,text_3d_alignment,real,1,0,0.0,-1,1.0
unique3d,92,geometric_consistency,real,0,0,0.0,0,0.0
unique3d,92,structural_consistency,real,0,0,0.0,0,0.0
unique3d,92,semantic_consistency,real,0,0,0.0,0,0.0
unique3d,92,aesthetics,real,0,0,0.0,0,0.0
unique3d,92,text_3d_alignment,real,0,0,0.0,0,0.0
unique3d,94,geometric_consistency,real,2,1,2.0,-1,-0.0
unique3d,94,structural_consistency,real,4,2,3.0,-2,2.0
unique3d,94,semantic_consistency,real,1,1,1.0,0,0.0
unique3d,94,aesthetics,real,0,0,0.0,0,0.0
unique3d,94,text_3d_alignment,real,0,0,0.0,0,0.0
unique3d,95,geometric_consistency,real,2,1,2.0,-1,-0.0
unique3d,95,structural_consistency,real,0,0,1.0,0,0.0
unique3d,95,semantic_consistency,real,0,0,0.0,0,0.0
unique3d,95,aesthetics,real,0,0,0.0,0,0.0
unique3d,95,text_3d_alignment,real,0,0,0.0,0,0.0
unique3d,96,geometric_consistency,real,0,0,1.0,0,0.0
unique3d,96,structural_consistency,real,1,0,2.0,-1,-1.0
unique3d,96,semantic_consistency,real,1,1,2.0,0,0.0
unique3d,96,aesthetics,real,0,0,0.0,0,0.0
unique3d,96,text_3d_alignment,real,0,0,1.0,0,0.0
unique3d,97,geometric_consistency,real,0,0,0.0,0,0.0
unique3d,97,structural_consistency,real,0,0,0.0,0,0.0
unique3d,97,semantic_consistency,real,0,0,0.0,0,0.0
unique3d,97,aesthetics,real,0,0,0.0,0,0.0
unique3d,97,text_3d_alignment,real,0,0,0.0,0,0.0
unique3d,99,geometric_consistency,real,0,0,0.0,0,0.0
unique3d,99,structural_consistency,real,0,0,0.0,0,0.0
unique3d,99,semantic_consistency,real,0,0,0.0,0,0.0
unique3d,99,aesthetics,real,0,0,0.0,0,0.0
unique3d,99,text_3d_alignment,real,0,0,0.0,0,0.0
hunyuan,10,geometric_consistency,fake,5,3,3.0,-2,2.0
hunyuan,10,structural_consistency,fake,9,1,1.0,-8,8.0
hunyuan,10,semantic_consistency,fake,9,2,0.0,-7,7.0
hunyuan,10,aesthetics,fake,4,4,3.0,0,-0.0
hunyuan,10,text_3d_alignment,fake,8,2,1.0,-6,6.0
hunyuan,15,geometric_consistency,fake,5,4,4.0,-1,1.0
hunyuan,15,structural_consistency,fake,8,1,1.0,-7,7.0
hunyuan,15,semantic_consistency,fake,9,1,0.0,-8,8.0
hunyuan,15,aesthetics,fake,4,4,4.0,0,0.0
hunyuan,15,text_3d_alignment,fake,3,3,4.0,0,0.0
hunyuan,16,geometric_consistency,fake,3,3,5.0,0,0.0
hunyuan,16,structural_consistency,fake,2,2,4.0,0,0.0
hunyuan,16,semantic_consistency,fake,8,3,3.0,-5,5.0
hunyuan,16,aesthetics,fake,2,2,7.0,0,0.0
hunyuan,16,text_3d_alignment,fake,8,3,3.0,-5,5.0
hunyuan,18,geometric_consistency,fake,2,2,6.0,0,0.0
hunyuan,18,structural_consistency,fake,0,0,5.0,0,0.0
hunyuan,18,semantic_consistency,fake,0,0,3.0,0,0.0
hunyuan,18,aesthetics,fake,3,4,6.0,1,1.0
hunyuan,18,text_3d_alignment,fake,2,2,3.0,0,0.0
hunyuan,21,geometric_consistency,fake,2,1,4.0,-1,-1.0
hunyuan,21,structural_consistency,fake,8,1,1.0,-7,7.0
hunyuan,21,semantic_consistency,fake,9,1,0.0,-8,8.0
hunyuan,21,aesthetics,fake,3,2,4.0,-1,-1.0
hunyuan,21,text_3d_alignment,fake,4,4,4.0,0,0.0
hunyuan,26,geometric_consistency,fake,1,6,7.0,5,5.0
hunyuan,26,structural_consistency,fake,2,7,7.0,5,5.0
hunyuan,26,semantic_consistency,fake,4,5,5.0,1,1.0
hunyuan,26,aesthetics,fake,1,7,8.0,6,6.0
hunyuan,26,text_3d_alignment,fake,2,7,7.0,5,5.0
hunyuan,27,geometric_consistency,fake,3,3,4.0,0,0.0
hunyuan,27,structural_consistency,fake,2,2,4.0,0,0.0
hunyuan,27,semantic_consistency,fake,5,2,2.0,-3,3.0
hunyuan,27,aesthetics,fake,3,4,5.0,1,1.0
hunyuan,27,text_3d_alignment,fake,2,2,2.0,0,0.0
hunyuan,31,geometric_consistency,fake,3,3,4.0,0,0.0
hunyuan,31,structural_consistency,fake,9,1,2.0,-8,8.0
hunyuan,31,semantic_consistency,fake,9,1,1.0,-8,8.0
hunyuan,31,aesthetics,fake,2,3,4.0,1,1.0
hunyuan,31,text_3d_alignment,fake,9,2,2.0,-7,7.0
hunyuan,34,geometric_consistency,fake,1,1,6.0,0,0.0
hunyuan,34,structural_consistency,fake,0,0,5.0,0,0.0
hunyuan,34,semantic_consistency,fake,1,1,3.0,0,0.0
hunyuan,34,aesthetics,fake,1,1,6.0,0,0.0
hunyuan,34,text_3d_alignment,fake,2,2,5.0,0,0.0
hunyuan,37,geometric_consistency,fake,2,2,3.0,0,0.0
hunyuan,37,structural_consistency,fake,2,2,4.0,0,0.0
hunyuan,37,semantic_consistency,fake,1,1,3.0,0,0.0
hunyuan,37,aesthetics,fake,2,2,4.0,0,0.0
hunyuan,37,text_3d_alignment,fake,2,2,4.0,0,0.0
hunyuan,38,geometric_consistency,fake,1,1,5.0,0,0.0
hunyuan,38,structural_consistency,fake,4,4,4.0,0,0.0
hunyuan,38,semantic_consistency,fake,9,2,2.0,-7,7.0
hunyuan,38,aesthetics,fake,2,2,6.0,0,0.0
hunyuan,38,text_3d_alignment,fake,3,3,6.0,0,0.0
hunyuan,40,geometric_consistency,fake,2,2,2.0,0,0.0
hunyuan,40,structural_consistency,fake,1,1,2.0,0,0.0
hunyuan,40,semantic_consistency,fake,6,2,2.0,-4,4.0
hunyuan,40,aesthetics,fake,3,3,2.0,0,-0.0
hunyuan,40,text_3d_alignment,fake,8,2,1.0,-6,6.0
hunyuan,41,geometric_consistency,fake,2,2,5.0,0,0.0
hunyuan,41,structural_consistency,fake,3,3,4.0,0,0.0
hunyuan,41,semantic_consistency,fake,4,2,2.0,-2,2.0
hunyuan,41,aesthetics,fake,2,2,5.0,0,0.0
hunyuan,41,text_3d_alignment,fake,3,3,3.0,0,0.0
hunyuan,44,geometric_consistency,fake,5,3,3.0,-2,2.0
hunyuan,44,structural_consistency,fake,9,2,2.0,-7,7.0
hunyuan,44,semantic_consistency,fake,9,2,2.0,-7,7.0
hunyuan,44,aesthetics,fake,3,5,5.0,2,2.0
hunyuan,44,text_3d_alignment,fake,4,4,4.0,0,0.0
hunyuan,48,geometric_consistency,fake,2,2,4.0,0,0.0
hunyuan,48,structural_consistency,fake,3,4,4.0,1,1.0
hunyuan,48,semantic_consistency,fake,7,2,2.0,-5,5.0
hunyuan,48,aesthetics,fake,2,2,4.0,0,0.0
hunyuan,48,text_3d_alignment,fake,4,2,2.0,-2,2.0
hunyuan,47,geometric_consistency,fake,2,2,3.0,0,0.0
hunyuan,47,structural_consistency,fake,0,0,2.0,0,0.0
hunyuan,47,semantic_consistency,fake,1,0,2.0,-1,-1.0
hunyuan,47,aesthetics,fake,2,2,4.0,0,0.0
hunyuan,47,text_3d_alignment,fake,3,2,5.0,-1,-1.0
hunyuan,50,geometric_consistency,fake,1,1,4.0,0,0.0
hunyuan,50,structural_consistency,fake,1,1,4.0,0,0.0
hunyuan,50,semantic_consistency,fake,2,2,2.0,0,0.0
hunyuan,50,aesthetics,fake,3,2,4.0,-1,-1.0
hunyuan,50,text_3d_alignment,fake,4,2,2.0,-2,2.0
hunyuan,5,geometric_consistency,fake,1,1,6.0,0,0.0
hunyuan,5,structural_consistency,fake,4,4,5.0,0,0.0
hunyuan,5,semantic_consistency,fake,9,7,1.0,-2,2.0
hunyuan,5,aesthetics,fake,2,2,6.0,0,0.0
hunyuan,5,text_3d_alignment,fake,8,8,1.0,0,-0.0
hunyuan,56,geometric_consistency,fake,1,1,5.0,0,0.0
hunyuan,56,structural_consistency,fake,0,0,4.0,0,0.0
hunyuan,56,semantic_consistency,fake,1,1,3.0,0,0.0
hunyuan,56,aesthetics,fake,2,2,5.0,0,0.0
hunyuan,56,text_3d_alignment,fake,2,2,3.0,0,0.0
hunyuan,61,geometric_consistency,fake,1,1,5.0,0,0.0
hunyuan,61,structural_consistency,fake,1,1,5.0,0,0.0
hunyuan,61,semantic_consistency,fake,2,2,3.0,0,0.0
hunyuan,61,aesthetics,fake,1,1,5.0,0,0.0
hunyuan,61,text_3d_alignment,fake,3,2,2.0,-1,1.0
hunyuan,63,geometric_consistency,fake,0,8,8.0,8,8.0
hunyuan,63,structural_consistency,fake,3,8,6.0,5,5.0
hunyuan,63,semantic_consistency,fake,4,8,5.0,4,4.0
hunyuan,63,aesthetics,fake,2,9,7.0,7,7.0
hunyuan,63,text_3d_alignment,fake,1,9,7.0,8,8.0
hunyuan,69,geometric_consistency,fake,6,3,3.0,-3,3.0
hunyuan,69,structural_consistency,fake,2,2,2.0,0,0.0
hunyuan,69,semantic_consistency,fake,2,2,2.0,0,0.0
hunyuan,69,aesthetics,fake,3,3,4.0,0,0.0
hunyuan,69,text_3d_alignment,fake,1,1,5.0,0,0.0
hunyuan,71,geometric_consistency,fake,1,0,4.0,-1,-1.0
hunyuan,71,structural_consistency,fake,0,0,3.0,0,0.0
hunyuan,71,semantic_consistency,fake,9,0,0.0,-9,9.0
hunyuan,71,aesthetics,fake,8,1,1.0,-7,7.0
hunyuan,71,text_3d_alignment,fake,3,3,6.0,0,0.0
hunyuan,75,geometric_consistency,fake,2,3,4.0,1,1.0
hunyuan,75,structural_consistency,fake,0,0,3.0,0,0.0
hunyuan,75,semantic_consistency,fake,1,1,2.0,0,0.0
hunyuan,75,aesthetics,fake,2,3,4.0,1,1.0
hunyuan,75,text_3d_alignment,fake,0,0,5.0,0,0.0
hunyuan,77,geometric_consistency,fake,7,6,6.0,-1,1.0
hunyuan,77,structural_consistency,fake,8,7,7.0,-1,1.0
hunyuan,77,semantic_consistency,fake,7,7,7.0,0,0.0
hunyuan,77,aesthetics,fake,5,5,6.0,0,0.0
hunyuan,77,text_3d_alignment,fake,1,8,8.0,7,7.0
hunyuan,8,geometric_consistency,fake,4,4,4.0,0,0.0
hunyuan,8,structural_consistency,fake,7,2,2.0,-5,5.0
hunyuan,8,semantic_consistency,fake,9,1,0.0,-8,8.0
hunyuan,8,aesthetics,fake,3,5,6.0,2,2.0
hunyuan,8,text_3d_alignment,fake,9,1,0.0,-8,8.0
hunyuan,80,geometric_consistency,fake,2,2,5.0,0,0.0
hunyuan,80,structural_consistency,fake,0,0,5.0,0,0.0
hunyuan,80,semantic_consistency,fake,2,2,3.0,0,0.0
hunyuan,80,aesthetics,fake,3,4,6.0,1,1.0
hunyuan,80,text_3d_alignment,fake,3,3,5.0,0,0.0
hunyuan,9,geometric_consistency,fake,3,3,3.0,0,0.0
hunyuan,9,structural_consistency,fake,0,0,2.0,0,0.0
hunyuan,9,semantic_consistency,fake,1,0,2.0,-1,-1.0
hunyuan,9,aesthetics,fake,3,3,3.0,0,0.0
hunyuan,9,text_3d_alignment,fake,4,2,2.0,-2,2.0
hunyuan,90,geometric_consistency,fake,4,3,3.0,-1,1.0
hunyuan,90,structural_consistency,fake,1,1,4.0,0,0.0
hunyuan,90,semantic_consistency,fake,2,2,2.0,0,0.0
hunyuan,90,aesthetics,fake,5,3,4.0,-2,2.0
hunyuan,90,text_3d_alignment,fake,2,2,5.0,0,0.0
hunyuan,93,geometric_consistency,fake,3,2,4.0,-1,-1.0
hunyuan,93,structural_consistency,fake,0,0,4.0,0,0.0
hunyuan,93,semantic_consistency,fake,1,1,2.0,0,0.0
hunyuan,93,aesthetics,fake,2,2,4.0,0,0.0
hunyuan,93,text_3d_alignment,fake,2,2,5.0,0,0.0
hunyuan,96,geometric_consistency,fake,2,1,4.0,-1,-1.0
hunyuan,96,structural_consistency,fake,0,0,4.0,0,0.0
hunyuan,96,semantic_consistency,fake,0,0,2.0,0,0.0
hunyuan,96,aesthetics,fake,3,3,4.0,0,0.0
hunyuan,96,text_3d_alignment,fake,2,2,5.0,0,0.0
hunyuan,97,geometric_consistency,fake,1,1,7.0,0,0.0
hunyuan,97,structural_consistency,fake,0,0,7.0,0,0.0
hunyuan,97,semantic_consistency,fake,0,0,6.0,0,0.0
hunyuan,97,aesthetics,fake,1,1,6.0,0,0.0
hunyuan,97,text_3d_alignment,fake,1,1,6.0,0,0.0
spard,0,geometric_consistency,fake,7,2,2.0,-5,5.0
spard,0,structural_consistency,fake,9,1,1.0,-8,8.0
spard,0,semantic_consistency,fake,9,1,1.0,-8,8.0
spard,0,aesthetics,fake,8,2,3.0,-6,6.0
spard,0,text_3d_alignment,fake,7,2,4.0,-5,5.0
spard,11,geometric_consistency,fake,3,5,6.0,2,2.0
spard,11,structural_consistency,fake,8,2,3.0,-6,6.0
spard,11,semantic_consistency,fake,9,1,1.0,-8,8.0
spard,11,aesthetics,fake,4,5,5.0,1,1.0
spard,11,text_3d_alignment,fake,9,2,1.0,-7,7.0
spard,17,geometric_consistency,fake,4,4,4.0,0,0.0
spard,17,structural_consistency,fake,0,0,3.0,0,0.0
spard,17,semantic_consistency,fake,0,0,2.0,0,0.0
spard,17,aesthetics,fake,2,2,4.0,0,0.0
spard,17,text_3d_alignment,fake,7,1,2.0,-6,6.0
spard,22,geometric_consistency,fake,2,1,6.0,-1,-1.0
spard,22,structural_consistency,fake,0,0,5.0,0,0.0
spard,22,semantic_consistency,fake,3,3,4.0,0,0.0
spard,22,aesthetics,fake,2,2,7.0,0,0.0
spard,22,text_3d_alignment,fake,3,3,7.0,0,0.0
spard,23,geometric_consistency,fake,8,1,2.0,-7,7.0
spard,23,structural_consistency,fake,9,1,1.0,-8,8.0
spard,23,semantic_consistency,fake,9,1,1.0,-8,8.0
spard,23,aesthetics,fake,8,2,2.0,-6,6.0
spard,23,text_3d_alignment,fake,3,2,5.0,-1,-1.0
spard,33,geometric_consistency,fake,1,1,5.0,0,0.0
spard,33,structural_consistency,fake,0,0,3.0,0,0.0
spard,33,semantic_consistency,fake,2,2,2.0,0,0.0
spard,33,aesthetics,fake,2,2,4.0,0,0.0
spard,33,text_3d_alignment,fake,3,3,3.0,0,0.0
spard,35,geometric_consistency,fake,7,1,2.0,-6,6.0
spard,35,structural_consistency,fake,9,0,0.0,-9,9.0
spard,35,semantic_consistency,fake,9,1,0.0,-8,8.0
spard,35,aesthetics,fake,8,1,1.0,-7,7.0
spard,35,text_3d_alignment,fake,8,0,1.0,-8,8.0
spard,4,geometric_consistency,fake,2,3,5.0,1,1.0
spard,4,structural_consistency,fake,4,4,4.0,0,0.0
spard,4,semantic_consistency,fake,8,2,1.0,-6,6.0
spard,4,aesthetics,fake,3,4,5.0,1,1.0
spard,4,text_3d_alignment,fake,4,3,3.0,-1,1.0
spard,43,geometric_consistency,fake,7,1,2.0,-6,6.0
spard,43,structural_consistency,fake,9,1,1.0,-8,8.0
spard,43,semantic_consistency,fake,8,1,1.0,-7,7.0
spard,43,aesthetics,fake,8,1,2.0,-7,7.0
spard,43,text_3d_alignment,fake,9,1,0.0,-8,8.0
spard,45,geometric_consistency,fake,0,0,8.0,0,0.0
spard,45,structural_consistency,fake,0,0,8.0,0,0.0
spard,45,semantic_consistency,fake,0,0,7.0,0,0.0
spard,45,aesthetics,fake,2,1,7.0,-1,-1.0
spard,45,text_3d_alignment,fake,2,1,6.0,-1,-1.0
spard,46,geometric_consistency,fake,0,4,6.0,4,4.0
spard,46,structural_consistency,fake,0,7,7.0,7,7.0
spard,46,semantic_consistency,fake,1,7,6.0,6,6.0
spard,46,aesthetics,fake,1,6,6.0,5,5.0
spard,46,text_3d_alignment,fake,2,6,6.0,4,4.0
spard,5,geometric_consistency,fake,1,1,5.0,0,0.0
spard,5,structural_consistency,fake,0,0,4.0,0,0.0
spard,5,semantic_consistency,fake,1,1,3.0,0,0.0
spard,5,aesthetics,fake,1,1,5.0,0,0.0
spard,5,text_3d_alignment,fake,6,2,2.0,-4,4.0
spard,50,geometric_consistency,fake,7,1,2.0,-6,6.0
spard,50,structural_consistency,fake,9,1,1.0,-8,8.0
spard,50,semantic_consistency,fake,9,1,1.0,-8,8.0
spard,50,aesthetics,fake,8,2,2.0,-6,6.0
spard,50,text_3d_alignment,fake,2,2,2.0,0,0.0
spard,53,geometric_consistency,fake,4,1,3.0,-3,3.0
spard,53,structural_consistency,fake,8,1,1.0,-7,7.0
spard,53,semantic_consistency,fake,9,2,1.0,-7,7.0
spard,53,aesthetics,fake,5,2,2.0,-3,3.0
spard,53,text_3d_alignment,fake,8,2,1.0,-6,6.0
spard,56,geometric_consistency,fake,3,1,5.0,-2,-2.0
spard,56,structural_consistency,fake,0,0,4.0,0,0.0
spard,56,semantic_consistency,fake,1,0,3.0,-1,-1.0
spard,56,aesthetics,fake,4,1,4.0,-3,-0.0
spard,56,text_3d_alignment,fake,2,1,2.0,-1,-0.0
spard,58,geometric_consistency,fake,0,0,8.0,0,0.0
spard,58,structural_consistency,fake,1,1,8.0,0,0.0
spard,58,semantic_consistency,fake,2,2,7.0,0,0.0
spard,58,aesthetics,fake,2,2,7.0,0,0.0
spard,58,text_3d_alignment,fake,1,1,8.0,0,0.0
spard,59,geometric_consistency,fake,3,3,4.0,0,0.0
spard,59,structural_consistency,fake,1,1,3.0,0,0.0
spard,59,semantic_consistency,fake,3,2,2.0,-1,1.0
spard,59,aesthetics,fake,3,3,4.0,0,0.0
spard,59,text_3d_alignment,fake,7,1,1.0,-6,6.0
spard,6,geometric_consistency,fake,1,1,5.0,0,0.0
spard,6,structural_consistency,fake,0,0,4.0,0,0.0
spard,6,semantic_consistency,fake,1,1,3.0,0,0.0
spard,6,aesthetics,fake,1,1,6.0,0,0.0
spard,6,text_3d_alignment,fake,2,2,4.0,0,0.0
spard,61,geometric_consistency,fake,2,2,4.0,0,0.0
spard,61,structural_consistency,fake,0,0,4.0,0,0.0
spard,61,semantic_consistency,fake,1,0,2.0,-1,-1.0
spard,61,aesthetics,fake,3,4,4.0,1,1.0
spard,61,text_3d_alignment,fake,6,2,2.0,-4,4.0
spard,62,geometric_consistency,fake,2,2,6.0,0,0.0
spard,62,structural_consistency,fake,3,3,4.0,0,0.0
spard,62,semantic_consistency,fake,1,1,4.0,0,0.0
spard,62,aesthetics,fake,2,2,7.0,0,0.0
spard,62,text_3d_alignment,fake,4,4,5.0,0,0.0
spard,64,geometric_consistency,fake,1,1,8.0,0,0.0
spard,64,structural_consistency,fake,0,0,8.0,0,0.0
spard,64,semantic_consistency,fake,0,0,6.0,0,0.0
spard,64,aesthetics,fake,1,1,7.0,0,0.0
spard,64,text_3d_alignment,fake,1,1,7.0,0,0.0
spard,69,geometric_consistency,fake,2,2,6.0,0,0.0
spard,69,structural_consistency,fake,3,3,4.0,0,0.0
spard,69,semantic_consistency,fake,4,4,3.0,0,-0.0
spard,69,aesthetics,fake,1,2,6.0,1,1.0
spard,69,text_3d_alignment,fake,3,3,6.0,0,0.0
spard,7,geometric_consistency,fake,4,4,4.0,0,0.0
spard,7,structural_consistency,fake,0,0,5.0,0,0.0
spard,7,semantic_consistency,fake,1,1,4.0,0,0.0
spard,7,aesthetics,fake,3,4,5.0,1,1.0
spard,7,text_3d_alignment,fake,2,2,3.0,0,0.0
spard,70,geometric_consistency,fake,2,2,4.0,0,0.0
spard,70,structural_consistency,fake,8,3,3.0,-5,5.0
spard,70,semantic_consistency,fake,9,2,1.0,-7,7.0
spard,70,aesthetics,fake,4,4,4.0,0,0.0
spard,70,text_3d_alignment,fake,3,3,5.0,0,0.0
spard,74,geometric_consistency,fake,1,1,6.0,0,0.0
spard,74,structural_consistency,fake,3,4,5.0,1,1.0
spard,74,semantic_consistency,fake,4,4,4.0,0,0.0
spard,74,aesthetics,fake,1,1,7.0,0,0.0
spard,74,text_3d_alignment,fake,2,2,7.0,0,0.0
spard,8,geometric_consistency,fake,7,2,3.0,-5,5.0
spard,8,structural_consistency,fake,9,2,2.0,-7,7.0
spard,8,semantic_consistency,fake,9,1,1.0,-8,8.0
spard,8,aesthetics,fake,8,2,2.0,-6,6.0
spard,8,text_3d_alignment,fake,9,2,1.0,-7,7.0
spard,80,geometric_consistency,fake,1,1,5.0,0,0.0
spard,80,structural_consistency,fake,0,0,5.0,0,0.0
spard,80,semantic_consistency,fake,2,2,3.0,0,0.0
spard,80,aesthetics,fake,6,3,3.0,-3,3.0
spard,80,text_3d_alignment,fake,2,2,3.0,0,0.0
spard,83,geometric_consistency,fake,7,1,3.0,-6,6.0
spard,83,structural_consistency,fake,9,1,2.0,-8,8.0
spard,83,semantic_consistency,fake,9,1,1.0,-8,8.0
spard,83,aesthetics,fake,5,3,4.0,-2,2.0
spard,83,text_3d_alignment,fake,2,2,4.0,0,0.0
spard,82,geometric_consistency,fake,1,8,8.0,7,7.0
spard,82,structural_consistency,fake,0,8,8.0,8,8.0
spard,82,semantic_consistency,fake,1,8,8.0,7,7.0
spard,82,aesthetics,fake,3,8,6.0,5,5.0
spard,82,text_3d_alignment,fake,1,8,8.0,7,7.0
spard,88,geometric_consistency,fake,0,0,8.0,0,0.0
spard,88,structural_consistency,fake,0,0,8.0,0,0.0
spard,88,semantic_consistency,fake,1,0,7.0,-1,-1.0
spard,88,aesthetics,fake,1,0,8.0,-1,-1.0
spard,88,text_3d_alignment,fake,1,0,8.0,-1,-1.0
spard,90,geometric_consistency,fake,4,2,3.0,-2,2.0
spard,90,structural_consistency,fake,9,1,1.0,-8,8.0
spard,90,semantic_consistency,fake,9,1,0.0,-8,8.0
spard,90,aesthetics,fake,5,2,2.0,-3,3.0
spard,90,text_3d_alignment,fake,7,2,2.0,-5,5.0
spard,95,geometric_consistency,fake,4,2,5.0,-2,-2.0
spard,95,structural_consistency,fake,0,0,5.0,0,0.0
spard,95,semantic_consistency,fake,1,0,5.0,-1,-1.0
spard,95,aesthetics,fake,3,2,6.0,-1,-1.0
spard,95,text_3d_alignment,fake,0,0,7.0,0,0.0
trellis,1,geometric_consistency,fake,2,1,3.0,-1,-1.0
trellis,1,structural_consistency,fake,4,1,2.0,-3,3.0
trellis,1,semantic_consistency,fake,3,1,1.0,-2,2.0
trellis,1,aesthetics,fake,2,2,3.0,0,0.0
trellis,1,text_3d_alignment,fake,3,2,2.0,-1,1.0
trellis,12,geometric_consistency,fake,3,3,3.0,0,0.0
trellis,12,structural_consistency,fake,8,1,1.0,-7,7.0
trellis,12,semantic_consistency,fake,9,0,0.0,-9,9.0
trellis,12,aesthetics,fake,6,3,3.0,-3,3.0
trellis,12,text_3d_alignment,fake,5,3,4.0,-2,2.0
trellis,14,geometric_consistency,fake,2,2,4.0,0,0.0
trellis,14,structural_consistency,fake,2,2,3.0,0,0.0
trellis,14,semantic_consistency,fake,6,2,2.0,-4,4.0
trellis,14,aesthetics,fake,1,1,5.0,0,0.0
trellis,14,text_3d_alignment,fake,7,2,2.0,-5,5.0
trellis,13,geometric_consistency,fake,3,5,6.0,2,2.0
trellis,13,structural_consistency,fake,8,2,2.0,-6,6.0
trellis,13,semantic_consistency,fake,8,1,1.0,-7,7.0
trellis,13,aesthetics,fake,2,4,6.0,2,2.0
trellis,13,text_3d_alignment,fake,2,5,5.0,3,3.0
trellis,16,geometric_consistency,fake,1,1,5.0,0,0.0
trellis,16,structural_consistency,fake,0,0,6.0,0,0.0
trellis,16,semantic_consistency,fake,1,1,6.0,0,0.0
trellis,16,aesthetics,fake,2,2,5.0,0,0.0
trellis,16,text_3d_alignment,fake,4,4,5.0,0,0.0
trellis,19,geometric_consistency,fake,4,3,4.0,-1,-0.0
trellis,19,structural_consistency,fake,1,1,4.0,0,0.0
trellis,19,semantic_consistency,fake,3,2,2.0,-1,1.0
trellis,19,aesthetics,fake,4,3,4.0,-1,-0.0
trellis,19,text_3d_alignment,fake,2,2,5.0,0,0.0
trellis,2,geometric_consistency,fake,3,3,4.0,0,0.0
trellis,2,structural_consistency,fake,1,1,3.0,0,0.0
trellis,2,semantic_consistency,fake,3,3,2.0,0,-0.0
trellis,2,aesthetics,fake,4,4,4.0,0,0.0
trellis,2,text_3d_alignment,fake,9,1,1.0,-8,8.0
trellis,21,geometric_consistency,fake,3,3,4.0,0,0.0
trellis,21,structural_consistency,fake,8,3,1.0,-5,5.0
trellis,21,semantic_consistency,fake,9,3,0.0,-6,6.0
trellis,21,aesthetics,fake,2,2,4.0,0,0.0
trellis,21,text_3d_alignment,fake,3,3,4.0,0,0.0
trellis,3,geometric_consistency,fake,3,3,3.0,0,0.0
trellis,3,structural_consistency,fake,8,1,1.0,-7,7.0
trellis,3,semantic_consistency,fake,9,0,0.0,-9,9.0
trellis,3,aesthetics,fake,2,2,4.0,0,0.0
trellis,3,text_3d_alignment,fake,3,1,1.0,-2,2.0
trellis,33,geometric_consistency,fake,3,3,5.0,0,0.0
trellis,33,structural_consistency,fake,1,1,4.0,0,0.0
trellis,33,semantic_consistency,fake,2,2,3.0,0,0.0
trellis,33,aesthetics,fake,3,3,4.0,0,0.0
trellis,33,text_3d_alignment,fake,6,3,3.0,-3,3.0
trellis,37,geometric_consistency,fake,3,2,2.0,-1,1.0
trellis,37,structural_consistency,fake,5,3,3.0,-2,2.0
trellis,37,semantic_consistency,fake,2,2,3.0,0,0.0
trellis,37,aesthetics,fake,2,2,3.0,0,0.0
trellis,37,text_3d_alignment,fake,4,3,4.0,-1,-0.0
trellis,36,geometric_consistency,fake,1,1,6.0,0,0.0
trellis,36,structural_consistency,fake,2,2,5.0,0,0.0
trellis,36,semantic_consistency,fake,5,3,3.0,-2,2.0
trellis,36,aesthetics,fake,2,3,5.0,1,1.0
trellis,36,text_3d_alignment,fake,3,3,6.0,0,0.0
trellis,39,geometric_consistency,fake,2,2,5.0,0,0.0
trellis,39,structural_consistency,fake,1,1,4.0,0,0.0
trellis,39,semantic_consistency,fake,4,3,3.0,-1,1.0
trellis,39,aesthetics,fake,5,2,4.0,-3,3.0
trellis,39,text_3d_alignment,fake,1,1,5.0,0,0.0
trellis,40,geometric_consistency,fake,2,2,3.0,0,0.0
trellis,40,structural_consistency,fake,0,0,3.0,0,0.0
trellis,40,semantic_consistency,fake,7,1,1.0,-6,6.0
trellis,40,aesthetics,fake,1,1,3.0,0,0.0
trellis,40,text_3d_alignment,fake,8,1,1.0,-7,7.0
trellis,41,geometric_consistency,fake,1,1,4.0,0,0.0
trellis,41,structural_consistency,fake,1,1,3.0,0,0.0
trellis,41,semantic_consistency,fake,5,2,2.0,-3,3.0
trellis,41,aesthetics,fake,2,2,5.0,0,0.0
trellis,41,text_3d_alignment,fake,3,3,5.0,0,0.0
trellis,46,geometric_consistency,fake,1,1,4.0,0,0.0
trellis,46,structural_consistency,fake,0,0,3.0,0,0.0
trellis,46,semantic_consistency,fake,0,0,2.0,0,0.0
trellis,46,aesthetics,fake,1,2,4.0,1,1.0
trellis,46,text_3d_alignment,fake,2,2,4.0,0,0.0
trellis,47,geometric_consistency,fake,1,1,4.0,0,0.0
trellis,47,structural_consistency,fake,0,0,3.0,0,0.0
trellis,47,semantic_consistency,fake,1,1,3.0,0,0.0
trellis,47,aesthetics,fake,1,1,4.0,0,0.0
trellis,47,text_3d_alignment,fake,2,2,4.0,0,0.0
trellis,48,geometric_consistency,fake,2,2,5.0,0,0.0
trellis,48,structural_consistency,fake,1,2,4.0,1,1.0
trellis,48,semantic_consistency,fake,7,2,2.0,-5,5.0
trellis,48,aesthetics,fake,2,2,4.0,0,0.0
trellis,48,text_3d_alignment,fake,5,2,2.0,-3,3.0
trellis,51,geometric_consistency,fake,3,3,4.0,0,0.0
trellis,51,structural_consistency,fake,2,2,2.0,0,0.0
trellis,51,semantic_consistency,fake,7,2,1.0,-5,5.0
trellis,51,aesthetics,fake,5,3,3.0,-2,2.0
trellis,51,text_3d_alignment,fake,3,3,6.0,0,0.0
trellis,55,geometric_consistency,fake,1,1,6.0,0,0.0
trellis,55,structural_consistency,fake,1,1,5.0,0,0.0
trellis,55,semantic_consistency,fake,2,2,3.0,0,0.0
trellis,55,aesthetics,fake,2,2,6.0,0,0.0
trellis,55,text_3d_alignment,fake,3,3,3.0,0,0.0
trellis,54,geometric_consistency,fake,6,2,3.0,-4,4.0
trellis,54,structural_consistency,fake,9,1,1.0,-8,8.0
trellis,54,semantic_consistency,fake,9,1,1.0,-8,8.0
trellis,54,aesthetics,fake,8,2,2.0,-6,6.0
trellis,54,text_3d_alignment,fake,7,3,3.0,-4,4.0
trellis,56,geometric_consistency,fake,2,2,5.0,0,0.0
trellis,56,structural_consistency,fake,0,0,5.0,0,0.0
trellis,56,semantic_consistency,fake,2,2,3.0,0,0.0
trellis,56,aesthetics,fake,2,2,4.0,0,0.0
trellis,56,text_3d_alignment,fake,7,2,3.0,-5,5.0
trellis,57,geometric_consistency,fake,6,3,3.0,-3,3.0
trellis,57,structural_consistency,fake,9,1,1.0,-8,8.0
trellis,57,semantic_consistency,fake,9,2,1.0,-7,7.0
trellis,57,aesthetics,fake,8,2,2.0,-6,6.0
trellis,57,text_3d_alignment,fake,9,2,2.0,-7,7.0
trellis,59,geometric_consistency,fake,5,5,4.0,0,-0.0
trellis,59,structural_consistency,fake,8,1,1.0,-7,7.0
trellis,59,semantic_consistency,fake,9,2,0.0,-7,7.0
trellis,59,aesthetics,fake,4,4,4.0,0,0.0
trellis,59,text_3d_alignment,fake,9,1,0.0,-8,8.0
trellis,61,geometric_consistency,fake,3,2,3.0,-1,-0.0
trellis,61,structural_consistency,fake,0,0,2.0,0,0.0
trellis,61,semantic_consistency,fake,2,1,2.0,-1,-0.0
trellis,61,aesthetics,fake,2,3,3.0,1,1.0
trellis,61,text_3d_alignment,fake,4,1,1.0,-3,3.0
trellis,66,geometric_consistency,fake,3,3,5.0,0,0.0
trellis,66,structural_consistency,fake,5,3,4.0,-2,2.0
trellis,66,semantic_consistency,fake,7,2,2.0,-5,5.0
trellis,66,aesthetics,fake,2,2,5.0,0,0.0
trellis,66,text_3d_alignment,fake,4,5,5.0,1,1.0
trellis,67,geometric_consistency,fake,2,2,5.0,0,0.0
trellis,67,structural_consistency,fake,3,3,5.0,0,0.0
trellis,67,semantic_consistency,fake,6,3,3.0,-3,3.0
trellis,67,aesthetics,fake,3,4,6.0,1,1.0
trellis,67,text_3d_alignment,fake,2,2,4.0,0,0.0
trellis,7,geometric_consistency,fake,3,3,2.0,0,-0.0
trellis,7,structural_consistency,fake,8,1,1.0,-7,7.0
trellis,7,semantic_consistency,fake,1,1,1.0,0,0.0
trellis,7,aesthetics,fake,3,3,4.0,0,0.0
trellis,7,text_3d_alignment,fake,9,1,1.0,-8,8.0
trellis,70,geometric_consistency,fake,3,3,3.0,0,0.0
trellis,70,structural_consistency,fake,4,2,2.0,-2,2.0
trellis,70,semantic_consistency,fake,9,9,0.0,0,-0.0
trellis,70,aesthetics,fake,4,4,4.0,0,0.0
trellis,70,text_3d_alignment,fake,5,5,4.0,0,-0.0
trellis,73,geometric_consistency,fake,1,7,7.0,6,6.0
trellis,73,structural_consistency,fake,2,7,7.0,5,5.0
trellis,73,semantic_consistency,fake,7,7,6.0,0,-0.0
trellis,73,aesthetics,fake,2,7,7.0,5,5.0
trellis,73,text_3d_alignment,fake,4,7,7.0,3,3.0
trellis,78,geometric_consistency,fake,2,2,2.0,0,0.0
trellis,78,structural_consistency,fake,2,2,2.0,0,0.0
trellis,78,semantic_consistency,fake,8,2,1.0,-6,6.0
trellis,78,aesthetics,fake,1,1,2.0,0,0.0
trellis,78,text_3d_alignment,fake,3,1,1.0,-2,2.0
trellis,81,geometric_consistency,fake,2,2,7.0,0,0.0
trellis,81,structural_consistency,fake,4,5,5.0,1,1.0
trellis,81,semantic_consistency,fake,0,0,5.0,0,0.0
trellis,81,aesthetics,fake,3,3,6.0,0,0.0
trellis,81,text_3d_alignment,fake,1,1,5.0,0,0.0
trellis,80,geometric_consistency,fake,2,2,5.0,0,0.0
trellis,80,structural_consistency,fake,3,3,4.0,0,0.0
trellis,80,semantic_consistency,fake,7,2,2.0,-5,5.0
trellis,80,aesthetics,fake,3,3,6.0,0,0.0
trellis,80,text_3d_alignment,fake,3,3,5.0,0,0.0
trellis,85,geometric_consistency,fake,8,1,1.0,-7,7.0
trellis,85,structural_consistency,fake,0,0,2.0,0,0.0
trellis,85,semantic_consistency,fake,9,0,0.0,-9,9.0
trellis,85,aesthetics,fake,8,2,2.0,-6,6.0
trellis,85,text_3d_alignment,fake,1,2,7.0,1,1.0
trellis,86,geometric_consistency,fake,2,2,6.0,0,0.0
trellis,86,structural_consistency,fake,6,5,5.0,-1,1.0
trellis,86,semantic_consistency,fake,8,2,3.0,-6,6.0
trellis,86,aesthetics,fake,3,3,6.0,0,0.0
trellis,86,text_3d_alignment,fake,8,3,4.0,-5,5.0
trellis,90,geometric_consistency,fake,4,4,3.0,0,-0.0
trellis,90,structural_consistency,fake,9,9,1.0,0,-0.0
trellis,90,semantic_consistency,fake,9,9,1.0,0,-0.0
trellis,90,aesthetics,fake,5,3,3.0,-2,2.0
trellis,90,text_3d_alignment,fake,2,2,4.0,0,0.0
trellis,96,geometric_consistency,fake,3,3,3.0,0,0.0
trellis,96,structural_consistency,fake,0,0,4.0,0,0.0
trellis,96,semantic_consistency,fake,7,2,2.0,-5,5.0
trellis,96,aesthetics,fake,4,4,3.0,0,-0.0
trellis,96,text_3d_alignment,fake,2,2,5.0,0,0.0
trellis,97,geometric_consistency,fake,0,0,8.0,0,0.0
trellis,97,structural_consistency,fake,0,0,8.0,0,0.0
trellis,97,semantic_consistency,fake,1,1,7.0,0,0.0
trellis,97,aesthetics,fake,1,2,8.0,1,1.0
trellis,97,text_3d_alignment,fake,2,2,7.0,0,0.0
triposr,10,geometric_consistency,fake,2,7,7.0,5,5.0
triposr,10,structural_consistency,fake,3,7,6.0,4,4.0
triposr,10,semantic_consistency,fake,2,7,6.0,5,5.0
triposr,10,aesthetics,fake,1,7,7.0,6,6.0
triposr,10,text_3d_alignment,fake,2,7,6.0,5,5.0
triposr,11,geometric_consistency,fake,1,7,7.0,6,6.0
triposr,11,structural_consistency,fake,0,8,7.0,8,8.0
triposr,11,semantic_consistency,fake,1,7,6.0,6,6.0
triposr,11,aesthetics,fake,0,7,7.0,7,7.0
triposr,11,text_3d_alignment,fake,1,8,7.0,7,7.0
triposr,17,geometric_consistency,fake,2,2,2.0,0,0.0
triposr,17,structural_consistency,fake,1,1,3.0,0,0.0
triposr,17,semantic_consistency,fake,2,2,2.0,0,0.0
triposr,17,aesthetics,fake,1,1,3.0,0,0.0
triposr,17,text_3d_alignment,fake,4,2,2.0,-2,2.0
triposr,18,geometric_consistency,fake,0,3,7.0,3,3.0
triposr,18,structural_consistency,fake,0,6,7.0,6,6.0
triposr,18,semantic_consistency,fake,0,9,7.0,9,9.0
triposr,18,aesthetics,fake,0,7,8.0,7,7.0
triposr,18,text_3d_alignment,fake,0,9,8.0,9,9.0
triposr,19,geometric_consistency,fake,0,0,6.0,0,0.0
triposr,19,structural_consistency,fake,0,0,7.0,0,0.0
triposr,19,semantic_consistency,fake,0,0,6.0,0,0.0
triposr,19,aesthetics,fake,0,0,7.0,0,0.0
triposr,19,text_3d_alignment,fake,0,0,7.0,0,0.0
triposr,20,geometric_consistency,fake,1,8,8.0,7,7.0
triposr,20,structural_consistency,fake,0,9,8.0,9,9.0
triposr,20,semantic_consistency,fake,2,8,7.0,6,6.0
triposr,20,aesthetics,fake,1,8,8.0,7,7.0
triposr,20,text_3d_alignment,fake,0,7,9.0,7,7.0
triposr,22,geometric_consistency,fake,1,7,7.0,6,6.0
triposr,22,structural_consistency,fake,0,7,7.0,7,7.0
triposr,22,semantic_consistency,fake,1,6,6.0,5,5.0
triposr,22,aesthetics,fake,0,8,8.0,8,8.0
triposr,22,text_3d_alignment,fake,2,5,7.0,3,3.0
triposr,25,geometric_consistency,fake,2,2,7.0,0,0.0
triposr,25,structural_consistency,fake,0,0,7.0,0,0.0
triposr,25,semantic_consistency,fake,1,1,6.0,0,0.0
triposr,25,aesthetics,fake,1,1,8.0,0,0.0
triposr,25,text_3d_alignment,fake,2,2,7.0,0,0.0
triposr,27,geometric_consistency,fake,2,1,6.0,-1,-1.0
triposr,27,structural_consistency,fake,5,4,4.0,-1,1.0
triposr,27,semantic_consistency,fake,1,1,4.0,0,0.0
triposr,27,aesthetics,fake,3,3,5.0,0,0.0
triposr,27,text_3d_alignment,fake,2,2,5.0,0,0.0
triposr,36,geometric_consistency,fake,0,0,7.0,0,0.0
triposr,36,structural_consistency,fake,1,1,7.0,0,0.0
triposr,36,semantic_consistency,fake,5,5,5.0,0,0.0
triposr,36,aesthetics,fake,2,6,7.0,4,4.0
triposr,36,text_3d_alignment,fake,3,3,6.0,0,0.0
triposr,37,geometric_consistency,fake,1,1,6.0,0,0.0
triposr,37,structural_consistency,fake,0,0,5.0,0,0.0
triposr,37,semantic_consistency,fake,2,2,4.0,0,0.0
triposr,37,aesthetics,fake,1,1,7.0,0,0.0
triposr,37,text_3d_alignment,fake,2,2,6.0,0,0.0
triposr,40,geometric_consistency,fake,2,4,6.0,2,2.0
triposr,40,structural_consistency,fake,1,7,7.0,6,6.0
triposr,40,semantic_consistency,fake,1,6,6.0,5,5.0
triposr,40,aesthetics,fake,1,5,6.0,4,4.0
triposr,40,text_3d_alignment,fake,2,6,6.0,4,4.0
triposr,41,geometric_consistency,fake,2,4,6.0,2,2.0
triposr,41,structural_consistency,fake,2,3,5.0,1,1.0
triposr,41,semantic_consistency,fake,3,3,3.0,0,0.0
triposr,41,aesthetics,fake,1,4,6.0,3,3.0
triposr,41,text_3d_alignment,fake,2,2,4.0,0,0.0
triposr,45,geometric_consistency,fake,2,8,7.0,6,6.0
triposr,45,structural_consistency,fake,0,8,7.0,8,8.0
triposr,45,semantic_consistency,fake,0,8,7.0,8,8.0
triposr,45,aesthetics,fake,1,9,8.0,8,8.0
triposr,45,text_3d_alignment,fake,1,9,8.0,8,8.0
triposr,53,geometric_consistency,fake,1,1,5.0,0,0.0
triposr,53,structural_consistency,fake,1,1,3.0,0,0.0
triposr,53,semantic_consistency,fake,2,2,3.0,0,0.0
triposr,53,aesthetics,fake,2,4,5.0,2,2.0
triposr,53,text_3d_alignment,fake,3,3,4.0,0,0.0
triposr,56,geometric_consistency,fake,1,1,7.0,0,0.0
triposr,56,structural_consistency,fake,1,1,7.0,0,0.0
triposr,56,semantic_consistency,fake,0,0,6.0,0,0.0
triposr,56,aesthetics,fake,1,1,7.0,0,0.0
triposr,56,text_3d_alignment,fake,2,2,7.0,0,0.0
triposr,58,geometric_consistency,fake,0,0,8.0,0,0.0
triposr,58,structural_consistency,fake,0,0,8.0,0,0.0
triposr,58,semantic_consistency,fake,1,1,6.0,0,0.0
triposr,58,aesthetics,fake,2,2,7.0,0,0.0
triposr,58,text_3d_alignment,fake,1,1,8.0,0,0.0
triposr,62,geometric_consistency,fake,2,7,7.0,5,5.0
triposr,62,structural_consistency,fake,1,7,7.0,6,6.0
triposr,62,semantic_consistency,fake,0,6,6.0,6,6.0
triposr,62,aesthetics,fake,2,7,7.0,5,5.0
triposr,62,text_3d_alignment,fake,3,6,6.0,3,3.0
triposr,64,geometric_consistency,fake,1,1,7.0,0,0.0
triposr,64,structural_consistency,fake,0,0,8.0,0,0.0
triposr,64,semantic_consistency,fake,0,0,8.0,0,0.0
triposr,64,aesthetics,fake,0,0,8.0,0,0.0
triposr,64,text_3d_alignment,fake,0,0,8.0,0,0.0
triposr,71,geometric_consistency,fake,2,2,5.0,0,0.0
triposr,71,structural_consistency,fake,3,3,5.0,0,0.0
triposr,71,semantic_consistency,fake,8,2,1.0,-6,6.0
triposr,71,aesthetics,fake,4,4,5.0,0,0.0
triposr,71,text_3d_alignment,fake,2,2,6.0,0,0.0
triposr,84,geometric_consistency,fake,0,8,8.0,8,8.0
triposr,84,structural_consistency,fake,0,9,8.0,9,9.0
triposr,84,semantic_consistency,fake,0,9,8.0,9,9.0
triposr,84,aesthetics,fake,0,8,8.0,8,8.0
triposr,84,text_3d_alignment,fake,0,8,8.0,8,8.0
triposr,9,geometric_consistency,fake,1,1,5.0,0,0.0
triposr,9,structural_consistency,fake,0,0,4.0,0,0.0
triposr,9,semantic_consistency,fake,1,1,3.0,0,0.0
triposr,9,aesthetics,fake,1,1,5.0,0,0.0
triposr,9,text_3d_alignment,fake,1,1,3.0,0,0.0
triposr,90,geometric_consistency,fake,2,2,5.0,0,0.0
triposr,90,structural_consistency,fake,0,0,5.0,0,0.0
triposr,90,semantic_consistency,fake,1,1,3.0,0,0.0
triposr,90,aesthetics,fake,3,3,4.0,0,0.0
triposr,90,text_3d_alignment,fake,2,2,4.0,0,0.0
triposr,91,geometric_consistency,fake,1,7,7.0,6,6.0
triposr,91,structural_consistency,fake,1,8,7.0,7,7.0
triposr,91,semantic_consistency,fake,2,7,6.0,5,5.0
triposr,91,aesthetics,fake,1,7,7.0,6,6.0
triposr,91,text_3d_alignment,fake,2,6,6.0,4,4.0
triposr,96,geometric_consistency,fake,2,4,6.0,2,2.0
triposr,96,structural_consistency,fake,6,3,3.0,-3,3.0
triposr,96,semantic_consistency,fake,8,3,2.0,-5,5.0
triposr,96,aesthetics,fake,3,5,6.0,2,2.0
triposr,96,text_3d_alignment,fake,3,4,5.0,1,1.0
unique3d,1,geometric_consistency,fake,0,7,8.0,7,7.0
unique3d,1,structural_consistency,fake,0,8,8.0,8,8.0
unique3d,1,semantic_consistency,fake,0,8,8.0,8,8.0
unique3d,1,aesthetics,fake,0,8,9.0,8,8.0
unique3d,1,text_3d_alignment,fake,0,9,8.0,9,9.0
unique3d,12,geometric_consistency,fake,1,8,8.0,7,7.0
unique3d,12,structural_consistency,fake,0,8,6.0,8,8.0
unique3d,12,semantic_consistency,fake,2,8,6.0,6,6.0
unique3d,12,aesthetics,fake,0,9,9.0,9,9.0
unique3d,12,text_3d_alignment,fake,1,8,7.0,7,7.0
unique3d,13,geometric_consistency,fake,0,8,8.0,8,8.0
unique3d,13,structural_consistency,fake,1,9,8.0,8,8.0
unique3d,13,semantic_consistency,fake,2,9,7.0,7,7.0
unique3d,13,aesthetics,fake,0,9,9.0,9,9.0
unique3d,13,text_3d_alignment,fake,1,8,8.0,7,7.0
unique3d,17,geometric_consistency,fake,2,8,8.0,6,6.0
unique3d,17,structural_consistency,fake,8,6,6.0,-2,2.0
unique3d,17,semantic_consistency,fake,8,6,6.0,-2,2.0
unique3d,17,aesthetics,fake,0,9,9.0,9,9.0
unique3d,17,text_3d_alignment,fake,3,6,8.0,3,3.0
unique3d,23,geometric_consistency,fake,0,9,8.0,9,9.0
unique3d,23,structural_consistency,fake,0,9,8.0,9,9.0
unique3d,23,semantic_consistency,fake,0,9,9.0,9,9.0
unique3d,23,aesthetics,fake,0,9,9.0,9,9.0
unique3d,23,text_3d_alignment,fake,0,9,9.0,9,9.0
unique3d,24,geometric_consistency,fake,1,9,8.0,8,8.0
unique3d,24,structural_consistency,fake,6,9,5.0,3,-3.0
unique3d,24,semantic_consistency,fake,7,7,6.0,0,-0.0
unique3d,24,aesthetics,fake,0,9,9.0,9,9.0
unique3d,24,text_3d_alignment,fake,3,3,7.0,0,0.0
unique3d,3,geometric_consistency,fake,0,0,7.0,0,0.0
unique3d,3,structural_consistency,fake,1,1,5.0,0,0.0
unique3d,3,semantic_consistency,fake,1,1,4.0,0,0.0
unique3d,3,aesthetics,fake,0,0,8.0,0,0.0
unique3d,3,text_3d_alignment,fake,0,0,7.0,0,0.0
unique3d,31,geometric_consistency,fake,1,8,8.0,7,7.0
unique3d,31,structural_consistency,fake,7,6,6.0,-1,1.0
unique3d,31,semantic_consistency,fake,8,6,6.0,-2,2.0
unique3d,31,aesthetics,fake,0,9,9.0,9,9.0
unique3d,31,text_3d_alignment,fake,4,7,7.0,3,3.0
unique3d,33,geometric_consistency,fake,0,0,8.0,0,0.0
unique3d,33,structural_consistency,fake,0,0,7.0,0,0.0
unique3d,33,semantic_consistency,fake,0,0,8.0,0,0.0
unique3d,33,aesthetics,fake,0,0,9.0,0,0.0
unique3d,33,text_3d_alignment,fake,0,0,9.0,0,0.0
unique3d,35,geometric_consistency,fake,0,9,8.0,9,9.0
unique3d,35,structural_consistency,fake,0,9,8.0,9,9.0
unique3d,35,semantic_consistency,fake,0,9,9.0,9,9.0
unique3d,35,aesthetics,fake,0,9,9.0,9,9.0
unique3d,35,text_3d_alignment,fake,0,9,9.0,9,9.0
unique3d,34,geometric_consistency,fake,0,9,9.0,9,9.0
unique3d,34,structural_consistency,fake,0,9,9.0,9,9.0
unique3d,34,semantic_consistency,fake,0,9,9.0,9,9.0
unique3d,34,aesthetics,fake,0,8,9.0,8,8.0
unique3d,34,text_3d_alignment,fake,1,2,9.0,1,1.0
unique3d,38,geometric_consistency,fake,0,5,8.0,5,5.0
unique3d,38,structural_consistency,fake,0,7,8.0,7,7.0
unique3d,38,semantic_consistency,fake,1,6,7.0,5,5.0
unique3d,38,aesthetics,fake,0,6,9.0,6,6.0
unique3d,38,text_3d_alignment,fake,0,8,8.0,8,8.0
unique3d,4,geometric_consistency,fake,0,8,8.0,8,8.0
unique3d,4,structural_consistency,fake,1,9,8.0,8,8.0
unique3d,4,semantic_consistency,fake,1,9,8.0,8,8.0
unique3d,4,aesthetics,fake,0,9,9.0,9,9.0
unique3d,4,text_3d_alignment,fake,1,8,8.0,7,7.0
unique3d,41,geometric_consistency,fake,1,9,8.0,8,8.0
unique3d,41,structural_consistency,fake,0,9,9.0,9,9.0
unique3d,41,semantic_consistency,fake,0,9,9.0,9,9.0
unique3d,41,aesthetics,fake,0,9,9.0,9,9.0
unique3d,41,text_3d_alignment,fake,1,8,8.0,7,7.0
unique3d,42,geometric_consistency,fake,1,8,8.0,7,7.0
unique3d,42,structural_consistency,fake,0,9,8.0,9,9.0
unique3d,42,semantic_consistency,fake,0,9,8.0,9,9.0
unique3d,42,aesthetics,fake,1,8,8.0,7,7.0
unique3d,42,text_3d_alignment,fake,0,10,8.0,10,10.0
unique3d,44,geometric_consistency,fake,1,9,8.0,8,8.0
unique3d,44,structural_consistency,fake,1,9,8.0,8,8.0
unique3d,44,semantic_consistency,fake,0,9,9.0,9,9.0
unique3d,44,aesthetics,fake,0,9,9.0,9,9.0
unique3d,44,text_3d_alignment,fake,0,8,9.0,8,8.0
unique3d,45,geometric_consistency,fake,0,0,9.0,0,0.0
unique3d,45,structural_consistency,fake,0,0,9.0,0,0.0
unique3d,45,semantic_consistency,fake,0,0,9.0,0,0.0
unique3d,45,aesthetics,fake,0,0,9.0,0,0.0
unique3d,45,text_3d_alignment,fake,0,0,9.0,0,0.0
unique3d,49,geometric_consistency,fake,1,8,8.0,7,7.0
unique3d,49,structural_consistency,fake,4,8,6.0,4,4.0
unique3d,49,semantic_consistency,fake,5,8,6.0,3,3.0
unique3d,49,aesthetics,fake,0,9,9.0,9,9.0
unique3d,49,text_3d_alignment,fake,1,8,8.0,7,7.0
unique3d,48,geometric_consistency,fake,0,0,9.0,0,0.0
unique3d,48,structural_consistency,fake,0,0,9.0,0,0.0
unique3d,48,semantic_consistency,fake,0,0,9.0,0,0.0
unique3d,48,aesthetics,fake,0,0,9.0,0,0.0
unique3d,48,text_3d_alignment,fake,0,0,9.0,0,0.0
unique3d,5,geometric_consistency,fake,0,0,8.0,0,0.0
unique3d,5,structural_consistency,fake,1,1,7.0,0,0.0
unique3d,5,semantic_consistency,fake,2,2,7.0,0,0.0
unique3d,5,aesthetics,fake,0,0,9.0,0,0.0
unique3d,5,text_3d_alignment,fake,0,0,8.0,0,0.0
unique3d,53,geometric_consistency,fake,0,9,8.0,9,9.0
unique3d,53,structural_consistency,fake,4,9,7.0,5,5.0
unique3d,53,semantic_consistency,fake,4,9,8.0,5,5.0
unique3d,53,aesthetics,fake,0,9,9.0,9,9.0
unique3d,53,text_3d_alignment,fake,1,9,9.0,8,8.0
unique3d,59,geometric_consistency,fake,1,9,8.0,8,8.0
unique3d,59,structural_consistency,fake,0,9,8.0,9,9.0
unique3d,59,semantic_consistency,fake,1,9,7.0,8,8.0
unique3d,59,aesthetics,fake,1,9,8.0,8,8.0
unique3d,59,text_3d_alignment,fake,2,9,7.0,7,7.0
unique3d,6,geometric_consistency,fake,2,7,7.0,5,5.0
unique3d,6,structural_consistency,fake,1,8,7.0,7,7.0
unique3d,6,semantic_consistency,fake,1,7,6.0,6,6.0
unique3d,6,aesthetics,fake,0,8,8.0,8,8.0
unique3d,6,text_3d_alignment,fake,0,8,7.0,8,8.0
unique3d,61,geometric_consistency,fake,0,9,8.0,9,9.0
unique3d,61,structural_consistency,fake,1,9,7.0,8,8.0
unique3d,61,semantic_consistency,fake,0,9,8.0,9,9.0
unique3d,61,aesthetics,fake,0,9,9.0,9,9.0
unique3d,61,text_3d_alignment,fake,0,9,8.0,9,9.0
unique3d,68,geometric_consistency,fake,0,0,8.0,0,0.0
unique3d,68,structural_consistency,fake,0,0,8.0,0,0.0
unique3d,68,semantic_consistency,fake,0,0,8.0,0,0.0
unique3d,68,aesthetics,fake,0,0,9.0,0,0.0
unique3d,68,text_3d_alignment,fake,0,0,8.0,0,0.0
unique3d,7,geometric_consistency,fake,1,8,8.0,7,7.0
unique3d,7,structural_consistency,fake,0,9,8.0,9,9.0
unique3d,7,semantic_consistency,fake,0,10,8.0,10,10.0
unique3d,7,aesthetics,fake,0,9,9.0,9,9.0
unique3d,7,text_3d_alignment,fake,1,9,8.0,8,8.0
unique3d,73,geometric_consistency,fake,0,0,9.0,0,0.0
unique3d,73,structural_consistency,fake,0,0,9.0,0,0.0
unique3d,73,semantic_consistency,fake,0,0,9.0,0,0.0
unique3d,73,aesthetics,fake,0,0,9.0,0,0.0
unique3d,73,text_3d_alignment,fake,0,0,9.0,0,0.0
unique3d,75,geometric_consistency,fake,1,8,8.0,7,7.0
unique3d,75,structural_consistency,fake,6,4,3.0,-2,2.0
unique3d,75,semantic_consistency,fake,8,3,3.0,-5,5.0
unique3d,75,aesthetics,fake,0,9,9.0,9,9.0
unique3d,75,text_3d_alignment,fake,0,8,8.0,8,8.0
unique3d,77,geometric_consistency,fake,0,0,9.0,0,0.0
unique3d,77,structural_consistency,fake,0,0,9.0,0,0.0
unique3d,77,semantic_consistency,fake,0,0,9.0,0,0.0
unique3d,77,aesthetics,fake,0,0,9.0,0,0.0
unique3d,77,text_3d_alignment,fake,0,0,9.0,0,0.0
unique3d,80,geometric_consistency,fake,1,1,8.0,0,0.0
unique3d,80,structural_consistency,fake,0,0,8.0,0,0.0
unique3d,80,semantic_consistency,fake,1,1,7.0,0,0.0
unique3d,80,aesthetics,fake,0,0,9.0,0,0.0
unique3d,80,text_3d_alignment,fake,2,1,7.0,-1,-1.0
unique3d,84,geometric_consistency,fake,0,0,9.0,0,0.0
unique3d,84,structural_consistency,fake,0,0,9.0,0,0.0
unique3d,84,semantic_consistency,fake,0,0,9.0,0,0.0
unique3d,84,aesthetics,fake,0,0,9.0,0,0.0
unique3d,84,text_3d_alignment,fake,0,0,9.0,0,0.0
unique3d,88,geometric_consistency,fake,0,0,9.0,0,0.0
unique3d,88,structural_consistency,fake,0,0,9.0,0,0.0
unique3d,88,semantic_consistency,fake,0,0,9.0,0,0.0
unique3d,88,aesthetics,fake,0,0,9.0,0,0.0
unique3d,88,text_3d_alignment,fake,0,0,9.0,0,0.0
unique3d,89,geometric_consistency,fake,1,1,8.0,0,0.0
unique3d,89,structural_consistency,fake,0,0,7.0,0,0.0
unique3d,89,semantic_consistency,fake,1,1,7.0,0,0.0
unique3d,89,aesthetics,fake,0,0,9.0,0,0.0
unique3d,89,text_3d_alignment,fake,1,1,8.0,0,0.0
unique3d,91,geometric_consistency,fake,0,0,8.0,0,0.0
unique3d,91,structural_consistency,fake,0,0,8.0,0,0.0
unique3d,91,semantic_consistency,fake,0,0,9.0,0,0.0
unique3d,91,aesthetics,fake,0,0,9.0,0,0.0
unique3d,91,text_3d_alignment,fake,0,0,9.0,0,0.0
