model,prompt_id,judge,criterion,score
spard,0,automated,geometric_consistency,4
spard,0,automated,structural_consistency,2
spard,0,automated,semantic_consistency,1
spard,0,automated,aesthetics,2
spard,0,automated,text_3d_alignment,3
spard,1,automated,geometric_consistency,5
spard,1,automated,structural_consistency,3
spard,1,automated,semantic_consistency,1
spard,1,automated,aesthetics,2
spard,1,automated,text_3d_alignment,3
spard,10,automated,geometric_consistency,4
spard,10,automated,structural_consistency,2
spard,10,automated,semantic_consistency,1
spard,10,automated,aesthetics,2
spard,10,automated,text_3d_alignment,3
spard,11,automated,geometric_consistency,4
spard,11,automated,structural_consistency,2
spard,11,automated,semantic_consistency,1
spard,11,automated,aesthetics,2
spard,11,automated,text_3d_alignment,3
spard,12,automated,geometric_consistency,6
spard,12,automated,structural_consistency,2
spard,12,automated,semantic_consistency,1
spard,12,automated,aesthetics,2
spard,12,automated,text_3d_alignment,3
spard,13,automated,geometric_consistency,4
spard,13,automated,structural_consistency,2
spard,13,automated,semantic_consistency,1
spard,13,automated,aesthetics,2
spard,13,automated,text_3d_alignment,3
spard,14,automated,geometric_consistency,4
spard,14,automated,structural_consistency,2
spard,14,automated,semantic_consistency,1
spard,14,automated,aesthetics,2
spard,14,automated,text_3d_alignment,3
spard,15,automated,geometric_consistency,7
spard,15,automated,structural_consistency,2
spard,15,automated,semantic_consistency,1
spard,15,automated,aesthetics,3
spard,15,automated,text_3d_alignment,3
spard,16,automated,geometric_consistency,6
spard,16,automated,structural_consistency,2
spard,16,automated,semantic_consistency,1
spard,16,automated,aesthetics,3
spard,16,automated,text_3d_alignment,3
spard,17,automated,geometric_consistency,6
spard,17,automated,structural_consistency,2
spard,17,automated,semantic_consistency,1
spard,17,automated,aesthetics,3
spard,17,automated,text_3d_alignment,3
spard,18,automated,geometric_consistency,4
spard,18,automated,structural_consistency,2
spard,18,automated,semantic_consistency,1
spard,18,automated,aesthetics,2
spard,18,automated,text_3d_alignment,3
spard,19,automated,geometric_consistency,6
spard,19,automated,structural_consistency,2
spard,19,automated,semantic_consistency,1
spard,19,automated,aesthetics,2
spard,19,automated,text_3d_alignment,4
spard,2,automated,geometric_consistency,6
spard,2,automated,structural_consistency,2
spard,2,automated,semantic_consistency,1
spard,2,automated,aesthetics,2
spard,2,automated,text_3d_alignment,3
spard,20,automated,geometric_consistency,3
spard,20,automated,structural_consistency,2
spard,20,automated,semantic_consistency,1
spard,20,automated,aesthetics,2
spard,20,automated,text_3d_alignment,3
spard,21,automated,geometric_consistency,6
spard,21,automated,structural_consistency,2
spard,21,automated,semantic_consistency,1
spard,21,automated,aesthetics,2
spard,21,automated,text_3d_alignment,4
spard,22,automated,geometric_consistency,4
spard,22,automated,structural_consistency,2
spard,22,automated,semantic_consistency,1
spard,22,automated,aesthetics,2
spard,22,automated,text_3d_alignment,3
spard,23,automated,geometric_consistency,4
spard,23,automated,structural_consistency,2
spard,23,automated,semantic_consistency,1
spard,23,automated,aesthetics,2
spard,23,automated,text_3d_alignment,3
spard,24,automated,geometric_consistency,6
spard,24,automated,structural_consistency,2
spard,24,automated,semantic_consistency,1
spard,24,automated,aesthetics,2
spard,24,automated,text_3d_alignment,3
spard,25,automated,geometric_consistency,6
spard,25,automated,structural_consistency,2
spard,25,automated,semantic_consistency,1
spard,25,automated,aesthetics,2
spard,25,automated,text_3d_alignment,3
spard,26,automated,geometric_consistency,4
spard,26,automated,structural_consistency,2
spard,26,automated,semantic_consistency,1
spard,26,automated,aesthetics,2
spard,26,automated,text_3d_alignment,3
spard,27,automated,geometric_consistency,4
spard,27,automated,structural_consistency,2
spard,27,automated,semantic_consistency,1
spard,27,automated,aesthetics,2
spard,27,automated,text_3d_alignment,3
spard,28,automated,geometric_consistency,4
spard,28,automated,structural_consistency,2
spard,28,automated,semantic_consistency,0
spard,28,automated,aesthetics,2
spard,28,automated,text_3d_alignment,3
spard,29,automated,geometric_consistency,6
spard,29,automated,structural_consistency,2
spard,29,automated,semantic_consistency,1
spard,29,automated,aesthetics,2
spard,29,automated,text_3d_alignment,3
spard,3,automated,geometric_consistency,6
spard,3,automated,structural_consistency,3
spard,3,automated,semantic_consistency,1
spard,3,automated,aesthetics,3
spard,3,automated,text_3d_alignment,4
spard,30,automated,geometric_consistency,4
spard,30,automated,structural_consistency,2
spard,30,automated,semantic_consistency,1
spard,30,automated,aesthetics,2
spard,30,automated,text_3d_alignment,3
spard,31,automated,geometric_consistency,6
spard,31,automated,structural_consistency,2
spard,31,automated,semantic_consistency,1
spard,31,automated,aesthetics,2
spard,31,automated,text_3d_alignment,3
spard,32,automated,geometric_consistency,6
spard,32,automated,structural_consistency,2
spard,32,automated,semantic_consistency,1
spard,32,automated,aesthetics,3
spard,32,automated,text_3d_alignment,3
spard,33,automated,geometric_consistency,6
spard,33,automated,structural_consistency,2
spard,33,automated,semantic_consistency,1
spard,33,automated,aesthetics,2
spard,33,automated,text_3d_alignment,3
spard,34,automated,geometric_consistency,4
spard,34,automated,structural_consistency,2
spard,34,automated,semantic_consistency,1
spard,34,automated,aesthetics,2
spard,34,automated,text_3d_alignment,3
spard,35,automated,geometric_consistency,4
spard,35,automated,structural_consistency,2
spard,35,automated,semantic_consistency,1
spard,35,automated,aesthetics,2
spard,35,automated,text_3d_alignment,3
spard,36,automated,geometric_consistency,4
spard,36,automated,structural_consistency,2
spard,36,automated,semantic_consistency,1
spard,36,automated,aesthetics,2
spard,36,automated,text_3d_alignment,3
spard,37,automated,geometric_consistency,6
spard,37,automated,structural_consistency,3
spard,37,automated,semantic_consistency,1
spard,37,automated,aesthetics,2
spard,37,automated,text_3d_alignment,3
spard,38,automated,geometric_consistency,6
spard,38,automated,structural_consistency,2
spard,38,automated,semantic_consistency,1
spard,38,automated,aesthetics,2
spard,38,automated,text_3d_alignment,4
spard,39,automated,geometric_consistency,5
spard,39,automated,structural_consistency,3
spard,39,automated,semantic_consistency,1
spard,39,automated,aesthetics,3
spard,39,automated,text_3d_alignment,3
spard,4,automated,geometric_consistency,6
spard,4,automated,structural_consistency,3
spard,4,automated,semantic_consistency,1
spard,4,automated,aesthetics,2
spard,4,automated,text_3d_alignment,3
spard,40,automated,geometric_consistency,6
spard,40,automated,structural_consistency,3
spard,40,automated,semantic_consistency,1
spard,40,automated,aesthetics,3
spard,40,automated,text_3d_alignment,4
spard,41,automated,geometric_consistency,4
spard,41,automated,structural_consistency,2
spard,41,automated,semantic_consistency,1
spard,41,automated,aesthetics,2
spard,41,automated,text_3d_alignment,3
spard,42,automated,geometric_consistency,6
spard,42,automated,structural_consistency,2
spard,42,automated,semantic_consistency,1
spard,42,automated,aesthetics,2
spard,42,automated,text_3d_alignment,3
spard,43,automated,geometric_consistency,4
spard,43,automated,structural_consistency,2
spard,43,automated,semantic_consistency,1
spard,43,automated,aesthetics,3
spard,43,automated,text_3d_alignment,3
spard,44,automated,geometric_consistency,5
spard,44,automated,structural_consistency,2
spard,44,automated,semantic_consistency,1
spard,44,automated,aesthetics,2
spard,44,automated,text_3d_alignment,3
spard,45,automated,geometric_consistency,6
spard,45,automated,structural_consistency,2
spard,45,automated,semantic_consistency,1
spard,45,automated,aesthetics,3
spard,45,automated,text_3d_alignment,3
spard,46,automated,geometric_consistency,4
spard,46,automated,structural_consistency,2
spard,46,automated,semantic_consistency,1
spard,46,automated,aesthetics,2
spard,46,automated,text_3d_alignment,3
spard,47,automated,geometric_consistency,4
spard,47,automated,structural_consistency,2
spard,47,automated,semantic_consistency,1
spard,47,automated,aesthetics,2
spard,47,automated,text_3d_alignment,3
spard,48,automated,geometric_consistency,4
spard,48,automated,structural_consistency,2
spard,48,automated,semantic_consistency,1
spard,48,automated,aesthetics,2
spard,48,automated,text_3d_alignment,3
spard,49,automated,geometric_consistency,4
spard,49,automated,structural_consistency,2
spard,49,automated,semantic_consistency,1
spard,49,automated,aesthetics,2
spard,49,automated,text_3d_alignment,3
spard,5,automated,geometric_consistency,4
spard,5,automated,structural_consistency,2
spard,5,automated,semantic_consistency,1
spard,5,automated,aesthetics,2
spard,5,automated,text_3d_alignment,3
spard,50,automated,geometric_consistency,7
spard,50,automated,structural_consistency,2
spard,50,automated,semantic_consistency,1
spard,50,automated,aesthetics,3
spard,50,automated,text_3d_alignment,4
spard,51,automated,geometric_consistency,4
spard,51,automated,structural_consistency,2
spard,51,automated,semantic_consistency,1
spard,51,automated,aesthetics,2
spard,51,automated,text_3d_alignment,3
spard,52,automated,geometric_consistency,6
spard,52,automated,structural_consistency,2
spard,52,automated,semantic_consistency,1
spard,52,automated,aesthetics,2
spard,52,automated,text_3d_alignment,3
spard,53,automated,geometric_consistency,6
spard,53,automated,structural_consistency,2
spard,53,automated,semantic_consistency,1
spard,53,automated,aesthetics,3
spard,53,automated,text_3d_alignment,3
spard,54,automated,geometric_consistency,6
spard,54,automated,structural_consistency,2
spard,54,automated,semantic_consistency,1
spard,54,automated,aesthetics,2
spard,54,automated,text_3d_alignment,3
spard,55,automated,geometric_consistency,4
spard,55,automated,structural_consistency,2
spard,55,automated,semantic_consistency,1
spard,55,automated,aesthetics,2
spard,55,automated,text_3d_alignment,3
spard,56,automated,geometric_consistency,6
spard,56,automated,structural_consistency,2
spard,56,automated,semantic_consistency,1
spard,56,automated,aesthetics,2
spard,56,automated,text_3d_alignment,3
spard,57,automated,geometric_consistency,4
spard,57,automated,structural_consistency,2
spard,57,automated,semantic_consistency,1
spard,57,automated,aesthetics,2
spard,57,automated,text_3d_alignment,3
spard,58,automated,geometric_consistency,3
spard,58,automated,structural_consistency,1
spard,58,automated,semantic_consistency,1
spard,58,automated,aesthetics,2
spard,58,automated,text_3d_alignment,2
spard,59,automated,geometric_consistency,6
spard,59,automated,structural_consistency,2
spard,59,automated,semantic_consistency,1
spard,59,automated,aesthetics,3
spard,59,automated,text_3d_alignment,3
spard,6,automated,geometric_consistency,6
spard,6,automated,structural_consistency,2
spard,6,automated,semantic_consistency,1
spard,6,automated,aesthetics,2
spard,6,automated,text_3d_alignment,3
spard,60,automated,geometric_consistency,4
spard,60,automated,structural_consistency,2
spard,60,automated,semantic_consistency,1
spard,60,automated,aesthetics,2
spard,60,automated,text_3d_alignment,3
spard,61,automated,geometric_consistency,4
spard,61,automated,structural_consistency,2
spard,61,automated,semantic_consistency,1
spard,61,automated,aesthetics,2
spard,61,automated,text_3d_alignment,3
spard,62,automated,geometric_consistency,7
spard,62,automated,structural_consistency,3
spard,62,automated,semantic_consistency,1
spard,62,automated,aesthetics,2
spard,62,automated,text_3d_alignment,3
spard,63,automated,geometric_consistency,6
spard,63,automated,structural_consistency,2
spard,63,automated,semantic_consistency,1
spard,63,automated,aesthetics,3
spard,63,automated,text_3d_alignment,3
spard,64,automated,geometric_consistency,4
spard,64,automated,structural_consistency,1
spard,64,automated,semantic_consistency,1
spard,64,automated,aesthetics,2
spard,64,automated,text_3d_alignment,3
spard,65,automated,geometric_consistency,6
spard,65,automated,structural_consistency,2
spard,65,automated,semantic_consistency,1
spard,65,automated,aesthetics,2
spard,65,automated,text_3d_alignment,3
spard,66,automated,geometric_consistency,4
spard,66,automated,structural_consistency,2
spard,66,automated,semantic_consistency,1
spard,66,automated,aesthetics,2
spard,66,automated,text_3d_alignment,3
spard,67,automated,geometric_consistency,4
spard,67,automated,structural_consistency,2
spard,67,automated,semantic_consistency,1
spard,67,automated,aesthetics,2
spard,67,automated,text_3d_alignment,3
spard,68,automated,geometric_consistency,4
spard,68,automated,structural_consistency,2
spard,68,automated,semantic_consistency,1
spard,68,automated,aesthetics,2
spard,68,automated,text_3d_alignment,3
spard,69,automated,geometric_consistency,6
spard,69,automated,structural_consistency,2
spard,69,automated,semantic_consistency,1
spard,69,automated,aesthetics,2
spard,69,automated,text_3d_alignment,3
spard,7,automated,geometric_consistency,7
spard,7,automated,structural_consistency,2
spard,7,automated,semantic_consistency,1
spard,7,automated,aesthetics,3
spard,7,automated,text_3d_alignment,3
spard,70,automated,geometric_consistency,6
spard,70,automated,structural_consistency,2
spard,70,automated,semantic_consistency,1
spard,70,automated,aesthetics,2
spard,70,automated,text_3d_alignment,3
spard,71,automated,geometric_consistency,4
spard,71,automated,structural_consistency,2
spard,71,automated,semantic_consistency,1
spard,71,automated,aesthetics,2
spard,71,automated,text_3d_alignment,3
spard,72,automated,geometric_consistency,4
spard,72,automated,structural_consistency,2
spard,72,automated,semantic_consistency,1
spard,72,automated,aesthetics,2
spard,72,automated,text_3d_alignment,3
spard,73,automated,geometric_consistency,4
spard,73,automated,structural_consistency,2
spard,73,automated,semantic_consistency,0
spard,73,automated,aesthetics,2
spard,73,automated,text_3d_alignment,2
spard,74,automated,geometric_consistency,6
spard,74,automated,structural_consistency,2
spard,74,automated,semantic_consistency,1
spard,74,automated,aesthetics,2
spard,74,automated,text_3d_alignment,3
spard,75,automated,geometric_consistency,6
spard,75,automated,structural_consistency,2
spard,75,automated,semantic_consistency,1
spard,75,automated,aesthetics,2
spard,75,automated,text_3d_alignment,3
spard,76,automated,geometric_consistency,6
spard,76,automated,structural_consistency,2
spard,76,automated,semantic_consistency,1
spard,76,automated,aesthetics,2
spard,76,automated,text_3d_alignment,3
spard,77,automated,geometric_consistency,6
spard,77,automated,structural_consistency,2
spard,77,automated,semantic_consistency,1
spard,77,automated,aesthetics,2
spard,77,automated,text_3d_alignment,3
spard,78,automated,geometric_consistency,6
spard,78,automated,structural_consistency,2
spard,78,automated,semantic_consistency,1
spard,78,automated,aesthetics,2
spard,78,automated,text_3d_alignment,3
spard,79,automated,geometric_consistency,4
spard,79,automated,structural_consistency,2
spard,79,automated,semantic_consistency,1
spard,79,automated,aesthetics,2
spard,79,automated,text_3d_alignment,3
spard,8,automated,geometric_consistency,6
spard,8,automated,structural_consistency,2
spard,8,automated,semantic_consistency,1
spard,8,automated,aesthetics,2
spard,8,automated,text_3d_alignment,3
spard,80,automated,geometric_consistency,6
spard,80,automated,structural_consistency,2
spard,80,automated,semantic_consistency,1
spard,80,automated,aesthetics,2
spard,80,automated,text_3d_alignment,3
spard,81,automated,geometric_consistency,3
spard,81,automated,structural_consistency,1
spard,81,automated,semantic_consistency,0
spard,81,automated,aesthetics,2
spard,81,automated,text_3d_alignment,2
spard,82,automated,geometric_consistency,6
spard,82,automated,structural_consistency,2
spard,82,automated,semantic_consistency,1
spard,82,automated,aesthetics,3
spard,82,automated,text_3d_alignment,3
spard,83,automated,geometric_consistency,5
spard,83,automated,structural_consistency,3
spard,83,automated,semantic_consistency,1
spard,83,automated,aesthetics,3
spard,83,automated,text_3d_alignment,4
spard,84,automated,geometric_consistency,6
spard,84,automated,structural_consistency,2
spard,84,automated,semantic_consistency,1
spard,84,automated,aesthetics,3
spard,84,automated,text_3d_alignment,3
spard,85,automated,geometric_consistency,6
spard,85,automated,structural_consistency,2
spard,85,automated,semantic_consistency,1
spard,85,automated,aesthetics,2
spard,85,automated,text_3d_alignment,3
spard,86,automated,geometric_consistency,4
spard,86,automated,structural_consistency,2
spard,86,automated,semantic_consistency,1
spard,86,automated,aesthetics,2
spard,86,automated,text_3d_alignment,2
spard,87,automated,geometric_consistency,5
spard,87,automated,structural_consistency,2
spard,87,automated,semantic_consistency,1
spard,87,automated,aesthetics,3
spard,87,automated,text_3d_alignment,3
spard,88,automated,geometric_consistency,4
spard,88,automated,structural_consistency,2
spard,88,automated,semantic_consistency,1
spard,88,automated,aesthetics,2
spard,88,automated,text_3d_alignment,2
spard,89,automated,geometric_consistency,4
spard,89,automated,structural_consistency,2
spard,89,automated,semantic_consistency,1
spard,89,automated,aesthetics,2
spard,89,automated,text_3d_alignment,3
spard,9,automated,geometric_consistency,4
spard,9,automated,structural_consistency,2
spard,9,automated,semantic_consistency,1
spard,9,automated,aesthetics,2
spard,9,automated,text_3d_alignment,3
spard,90,automated,geometric_consistency,7
spard,90,automated,structural_consistency,3
spard,90,automated,semantic_consistency,1
spard,90,automated,aesthetics,3
spard,90,automated,text_3d_alignment,4
spard,91,automated,geometric_consistency,4
spard,91,automated,structural_consistency,2
spard,91,automated,semantic_consistency,1
spard,91,automated,aesthetics,3
spard,91,automated,text_3d_alignment,3
spard,92,automated,geometric_consistency,3
spard,92,automated,structural_consistency,2
spard,92,automated,semantic_consistency,1
spard,92,automated,aesthetics,2
spard,92,automated,text_3d_alignment,3
spard,93,automated,geometric_consistency,7
spard,93,automated,structural_consistency,2
spard,93,automated,semantic_consistency,1
spard,93,automated,aesthetics,3
spard,93,automated,text_3d_alignment,3
spard,94,automated,geometric_consistency,6
spard,94,automated,structural_consistency,3
spard,94,automated,semantic_consistency,1
spard,94,automated,aesthetics,2
spard,94,automated,text_3d_alignment,3
spard,95,automated,geometric_consistency,4
spard,95,automated,structural_consistency,2
spard,95,automated,semantic_consistency,1
spard,95,automated,aesthetics,2
spard,95,automated,text_3d_alignment,2
spard,96,automated,geometric_consistency,6
spard,96,automated,structural_consistency,2
spard,96,automated,semantic_consistency,1
spard,96,automated,aesthetics,2
spard,96,automated,text_3d_alignment,3
spard,97,automated,geometric_consistency,4
spard,97,automated,structural_consistency,2
spard,97,automated,semantic_consistency,1
spard,97,automated,aesthetics,2
spard,97,automated,text_3d_alignment,2
spard,98,automated,geometric_consistency,6
spard,98,automated,structural_consistency,2
spard,98,automated,semantic_consistency,1
spard,98,automated,aesthetics,2
spard,98,automated,text_3d_alignment,4
spard,99,automated,geometric_consistency,4
spard,99,automated,structural_consistency,2
spard,99,automated,semantic_consistency,1
spard,99,automated,aesthetics,2
spard,99,automated,text_3d_alignment,2
trellis,0,automated,geometric_consistency,4
trellis,0,automated,structural_consistency,2
trellis,0,automated,semantic_consistency,1
trellis,0,automated,aesthetics,2
trellis,0,automated,text_3d_alignment,3
trellis,1,automated,geometric_consistency,6
trellis,1,automated,structural_consistency,2
trellis,1,automated,semantic_consistency,1
trellis,1,automated,aesthetics,2
trellis,1,automated,text_3d_alignment,3
trellis,10,automated,geometric_consistency,6
trellis,10,automated,structural_consistency,3
trellis,10,automated,semantic_consistency,1
trellis,10,automated,aesthetics,2
trellis,10,automated,text_3d_alignment,3
trellis,11,automated,geometric_consistency,6
trellis,11,automated,structural_consistency,2
trellis,11,automated,semantic_consistency,1
trellis,11,automated,aesthetics,2
trellis,11,automated,text_3d_alignment,3
trellis,12,automated,geometric_consistency,5
trellis,12,automated,structural_consistency,3
trellis,12,automated,semantic_consistency,1
trellis,12,automated,aesthetics,3
trellis,12,automated,text_3d_alignment,4
trellis,13,automated,geometric_consistency,6
trellis,13,automated,structural_consistency,2
trellis,13,automated,semantic_consistency,1
trellis,13,automated,aesthetics,2
trellis,13,automated,text_3d_alignment,3
trellis,14,automated,geometric_consistency,5
trellis,14,automated,structural_consistency,2
trellis,14,automated,semantic_consistency,1
trellis,14,automated,aesthetics,2
trellis,14,automated,text_3d_alignment,3
trellis,15,automated,geometric_consistency,6
trellis,15,automated,structural_consistency,2
trellis,15,automated,semantic_consistency,1
trellis,15,automated,aesthetics,2
trellis,15,automated,text_3d_alignment,3
trellis,16,automated,geometric_consistency,6
trellis,16,automated,structural_consistency,3
trellis,16,automated,semantic_consistency,1
trellis,16,automated,aesthetics,3
trellis,16,automated,text_3d_alignment,3
trellis,17,automated,geometric_consistency,5
trellis,17,automated,structural_consistency,3
trellis,17,automated,semantic_consistency,1
trellis,17,automated,aesthetics,3
trellis,17,automated,text_3d_alignment,4
trellis,18,automated,geometric_consistency,6
trellis,18,automated,structural_consistency,2
trellis,18,automated,semantic_consistency,1
trellis,18,automated,aesthetics,3
trellis,18,automated,text_3d_alignment,3
trellis,19,automated,geometric_consistency,7
trellis,19,automated,structural_consistency,3
trellis,19,automated,semantic_consistency,1
trellis,19,automated,aesthetics,2
trellis,19,automated,text_3d_alignment,4
trellis,2,automated,geometric_consistency,4
trellis,2,automated,structural_consistency,2
trellis,2,automated,semantic_consistency,1
trellis,2,automated,aesthetics,2
trellis,2,automated,text_3d_alignment,3
trellis,20,automated,geometric_consistency,6
trellis,20,automated,structural_consistency,2
trellis,20,automated,semantic_consistency,1
trellis,20,automated,aesthetics,2
trellis,20,automated,text_3d_alignment,3
trellis,21,automated,geometric_consistency,5
trellis,21,automated,structural_consistency,2
trellis,21,automated,semantic_consistency,1
trellis,21,automated,aesthetics,2
trellis,21,automated,text_3d_alignment,3
trellis,22,automated,geometric_consistency,4
trellis,22,automated,structural_consistency,2
trellis,22,automated,semantic_consistency,1
trellis,22,automated,aesthetics,2
trellis,22,automated,text_3d_alignment,3
trellis,23,automated,geometric_consistency,4
trellis,23,automated,structural_consistency,2
trellis,23,automated,semantic_consistency,1
trellis,23,automated,aesthetics,2
trellis,23,automated,text_3d_alignment,3
trellis,24,automated,geometric_consistency,4
trellis,24,automated,structural_consistency,1
trellis,24,automated,semantic_consistency,1
trellis,24,automated,aesthetics,2
trellis,24,automated,text_3d_alignment,3
trellis,25,automated,geometric_consistency,6
trellis,25,automated,structural_consistency,2
trellis,25,automated,semantic_consistency,1
trellis,25,automated,aesthetics,2
trellis,25,automated,text_3d_alignment,3
trellis,26,automated,geometric_consistency,5
trellis,26,automated,structural_consistency,2
trellis,26,automated,semantic_consistency,1
trellis,26,automated,aesthetics,2
trellis,26,automated,text_3d_alignment,3
trellis,27,automated,geometric_consistency,5
trellis,27,automated,structural_consistency,2
trellis,27,automated,semantic_consistency,1
trellis,27,automated,aesthetics,3
trellis,27,automated,text_3d_alignment,3
trellis,28,automated,geometric_consistency,5
trellis,28,automated,structural_consistency,2
trellis,28,automated,semantic_consistency,1
trellis,28,automated,aesthetics,2
trellis,28,automated,text_3d_alignment,3
trellis,29,automated,geometric_consistency,6
trellis,29,automated,structural_consistency,2
trellis,29,automated,semantic_consistency,1
trellis,29,automated,aesthetics,3
trellis,29,automated,text_3d_alignment,3
trellis,3,automated,geometric_consistency,5
trellis,3,automated,structural_consistency,3
trellis,3,automated,semantic_consistency,1
trellis,3,automated,aesthetics,2
trellis,3,automated,text_3d_alignment,3
trellis,30,automated,geometric_consistency,5
trellis,30,automated,structural_consistency,2
trellis,30,automated,semantic_consistency,1
trellis,30,automated,aesthetics,3
trellis,30,automated,text_3d_alignment,4
trellis,31,automated,geometric_consistency,7
trellis,31,automated,structural_consistency,3
trellis,31,automated,semantic_consistency,1
trellis,31,automated,aesthetics,3
trellis,31,automated,text_3d_alignment,3
trellis,32,automated,geometric_consistency,6
trellis,32,automated,structural_consistency,2
trellis,32,automated,semantic_consistency,1
trellis,32,automated,aesthetics,3
trellis,32,automated,text_3d_alignment,3
trellis,33,automated,geometric_consistency,4
trellis,33,automated,structural_consistency,2
trellis,33,automated,semantic_consistency,1
trellis,33,automated,aesthetics,3
trellis,33,automated,text_3d_alignment,3
trellis,34,automated,geometric_consistency,4
trellis,34,automated,structural_consistency,2
trellis,34,automated,semantic_consistency,1
trellis,34,automated,aesthetics,2
trellis,34,automated,text_3d_alignment,3
trellis,35,automated,geometric_consistency,4
trellis,35,automated,structural_consistency,2
trellis,35,automated,semantic_consistency,1
trellis,35,automated,aesthetics,2
trellis,35,automated,text_3d_alignment,3
trellis,36,automated,geometric_consistency,4
trellis,36,automated,structural_consistency,2
trellis,36,automated,semantic_consistency,1
trellis,36,automated,aesthetics,2
trellis,36,automated,text_3d_alignment,3
trellis,37,automated,geometric_consistency,7
trellis,37,automated,structural_consistency,3
trellis,37,automated,semantic_consistency,1
trellis,37,automated,aesthetics,3
trellis,37,automated,text_3d_alignment,3
trellis,38,automated,geometric_consistency,6
trellis,38,automated,structural_consistency,2
trellis,38,automated,semantic_consistency,1
trellis,38,automated,aesthetics,2
trellis,38,automated,text_3d_alignment,3
trellis,39,automated,geometric_consistency,7
trellis,39,automated,structural_consistency,3
trellis,39,automated,semantic_consistency,1
trellis,39,automated,aesthetics,3
trellis,39,automated,text_3d_alignment,3
trellis,4,automated,geometric_consistency,6
trellis,4,automated,structural_consistency,3
trellis,4,automated,semantic_consistency,1
trellis,4,automated,aesthetics,2
trellis,4,automated,text_3d_alignment,3
trellis,40,automated,geometric_consistency,4
trellis,40,automated,structural_consistency,2
trellis,40,automated,semantic_consistency,1
trellis,40,automated,aesthetics,3
trellis,40,automated,text_3d_alignment,3
trellis,41,automated,geometric_consistency,6
trellis,41,automated,structural_consistency,2
trellis,41,automated,semantic_consistency,1
trellis,41,automated,aesthetics,2
trellis,41,automated,text_3d_alignment,3
trellis,42,automated,geometric_consistency,4
trellis,42,automated,structural_consistency,2
trellis,42,automated,semantic_consistency,1
trellis,42,automated,aesthetics,2
trellis,42,automated,text_3d_alignment,3
trellis,43,automated,geometric_consistency,4
trellis,43,automated,structural_consistency,2
trellis,43,automated,semantic_consistency,1
trellis,43,automated,aesthetics,2
trellis,43,automated,text_3d_alignment,3
trellis,44,automated,geometric_consistency,6
trellis,44,automated,structural_consistency,2
trellis,44,automated,semantic_consistency,1
trellis,44,automated,aesthetics,2
trellis,44,automated,text_3d_alignment,3
trellis,45,automated,geometric_consistency,4
trellis,45,automated,structural_consistency,2
trellis,45,automated,semantic_consistency,1
trellis,45,automated,aesthetics,2
trellis,45,automated,text_3d_alignment,3
trellis,46,automated,geometric_consistency,6
trellis,46,automated,structural_consistency,2
trellis,46,automated,semantic_consistency,1
trellis,46,automated,aesthetics,2
trellis,46,automated,text_3d_alignment,3
trellis,47,automated,geometric_consistency,4
trellis,47,automated,structural_consistency,2
trellis,47,automated,semantic_consistency,1
trellis,47,automated,aesthetics,2
trellis,47,automated,text_3d_alignment,3
trellis,48,automated,geometric_consistency,5
trellis,48,automated,structural_consistency,3
trellis,48,automated,semantic_consistency,1
trellis,48,automated,aesthetics,2
trellis,48,automated,text_3d_alignment,3
trellis,49,automated,geometric_consistency,5
trellis,49,automated,structural_consistency,2
trellis,49,automated,semantic_consistency,1
trellis,49,automated,aesthetics,2
trellis,49,automated,text_3d_alignment,3
trellis,5,automated,geometric_consistency,5
trellis,5,automated,structural_consistency,3
trellis,5,automated,semantic_consistency,1
trellis,5,automated,aesthetics,3
trellis,5,automated,text_3d_alignment,3
trellis,50,automated,geometric_consistency,3
trellis,50,automated,structural_consistency,1
trellis,50,automated,semantic_consistency,1
trellis,50,automated,aesthetics,2
trellis,50,automated,text_3d_alignment,2
trellis,51,automated,geometric_consistency,7
trellis,51,automated,structural_consistency,2
trellis,51,automated,semantic_consistency,1
trellis,51,automated,aesthetics,2
trellis,51,automated,text_3d_alignment,4
trellis,52,automated,geometric_consistency,6
trellis,52,automated,structural_consistency,3
trellis,52,automated,semantic_consistency,1
trellis,52,automated,aesthetics,3
trellis,52,automated,text_3d_alignment,4
trellis,53,automated,geometric_consistency,6
trellis,53,automated,structural_consistency,3
trellis,53,automated,semantic_consistency,1
trellis,53,automated,aesthetics,3
trellis,53,automated,text_3d_alignment,4
trellis,54,automated,geometric_consistency,6
trellis,54,automated,structural_consistency,2
trellis,54,automated,semantic_consistency,1
trellis,54,automated,aesthetics,2
trellis,54,automated,text_3d_alignment,3
trellis,55,automated,geometric_consistency,4
trellis,55,automated,structural_consistency,2
trellis,55,automated,semantic_consistency,1
trellis,55,automated,aesthetics,2
trellis,55,automated,text_3d_alignment,3
trellis,56,automated,geometric_consistency,6
trellis,56,automated,structural_consistency,2
trellis,56,automated,semantic_consistency,1
trellis,56,automated,aesthetics,3
trellis,56,automated,text_3d_alignment,3
trellis,57,automated,geometric_consistency,6
trellis,57,automated,structural_consistency,2
trellis,57,automated,semantic_consistency,1
trellis,57,automated,aesthetics,2
trellis,57,automated,text_3d_alignment,3
trellis,58,automated,geometric_consistency,4
trellis,58,automated,structural_consistency,2
trellis,58,automated,semantic_consistency,1
trellis,58,automated,aesthetics,2
trellis,58,automated,text_3d_alignment,3
trellis,59,automated,geometric_consistency,6
trellis,59,automated,structural_consistency,2
trellis,59,automated,semantic_consistency,1
trellis,59,automated,aesthetics,2
trellis,59,automated,text_3d_alignment,3
trellis,6,automated,geometric_consistency,4
trellis,6,automated,structural_consistency,2
trellis,6,automated,semantic_consistency,1
trellis,6,automated,aesthetics,2
trellis,6,automated,text_3d_alignment,3
trellis,60,automated,geometric_consistency,4
trellis,60,automated,structural_consistency,2
trellis,60,automated,semantic_consistency,1
trellis,60,automated,aesthetics,2
trellis,60,automated,text_3d_alignment,3
trellis,61,automated,geometric_consistency,4
trellis,61,automated,structural_consistency,2
trellis,61,automated,semantic_consistency,1
trellis,61,automated,aesthetics,2
trellis,61,automated,text_3d_alignment,3
trellis,62,automated,geometric_consistency,5
trellis,62,automated,structural_consistency,3
trellis,62,automated,semantic_consistency,1
trellis,62,automated,aesthetics,2
trellis,62,automated,text_3d_alignment,3
trellis,63,automated,geometric_consistency,4
trellis,63,automated,structural_consistency,2
trellis,63,automated,semantic_consistency,1
trellis,63,automated,aesthetics,3
trellis,63,automated,text_3d_alignment,3
trellis,64,automated,geometric_consistency,6
trellis,64,automated,structural_consistency,2
trellis,64,automated,semantic_consistency,1
trellis,64,automated,aesthetics,2
trellis,64,automated,text_3d_alignment,3
trellis,65,automated,geometric_consistency,6
trellis,65,automated,structural_consistency,2
trellis,65,automated,semantic_consistency,1
trellis,65,automated,aesthetics,2
trellis,65,automated,text_3d_alignment,4
trellis,66,automated,geometric_consistency,5
trellis,66,automated,structural_consistency,3
trellis,66,automated,semantic_consistency,1
trellis,66,automated,aesthetics,3
trellis,66,automated,text_3d_alignment,4
trellis,67,automated,geometric_consistency,6
trellis,67,automated,structural_consistency,3
trellis,67,automated,semantic_consistency,1
trellis,67,automated,aesthetics,3
trellis,67,automated,text_3d_alignment,4
trellis,68,automated,geometric_consistency,6
trellis,68,automated,structural_consistency,3
trellis,68,automated,semantic_consistency,1
trellis,68,automated,aesthetics,3
trellis,68,automated,text_3d_alignment,4
trellis,69,automated,geometric_consistency,6
trellis,69,automated,structural_consistency,2
trellis,69,automated,semantic_consistency,1
trellis,69,automated,aesthetics,2
trellis,69,automated,text_3d_alignment,3
trellis,7,automated,geometric_consistency,6
trellis,7,automated,structural_consistency,2
trellis,7,automated,semantic_consistency,1
trellis,7,automated,aesthetics,3
trellis,7,automated,text_3d_alignment,3
trellis,70,automated,geometric_consistency,6
trellis,70,automated,structural_consistency,2
trellis,70,automated,semantic_consistency,1
trellis,70,automated,aesthetics,3
trellis,70,automated,text_3d_alignment,3
trellis,71,automated,geometric_consistency,4
trellis,71,automated,structural_consistency,2
trellis,71,automated,semantic_consistency,1
trellis,71,automated,aesthetics,2
trellis,71,automated,text_3d_alignment,3
trellis,72,automated,geometric_consistency,6
trellis,72,automated,structural_consistency,2
trellis,72,automated,semantic_consistency,1
trellis,72,automated,aesthetics,3
trellis,72,automated,text_3d_alignment,3
trellis,73,automated,geometric_consistency,3
trellis,73,automated,structural_consistency,2
trellis,73,automated,semantic_consistency,1
trellis,73,automated,aesthetics,2
trellis,73,automated,text_3d_alignment,3
trellis,74,automated,geometric_consistency,6
trellis,74,automated,structural_consistency,2
trellis,74,automated,semantic_consistency,1
trellis,74,automated,aesthetics,2
trellis,74,automated,text_3d_alignment,3
trellis,75,automated,geometric_consistency,4
trellis,75,automated,structural_consistency,2
trellis,75,automated,semantic_consistency,1
trellis,75,automated,aesthetics,3
trellis,75,automated,text_3d_alignment,3
trellis,76,automated,geometric_consistency,6
trellis,76,automated,structural_consistency,2
trellis,76,automated,semantic_consistency,1
trellis,76,automated,aesthetics,2
trellis,76,automated,text_3d_alignment,3
trellis,77,automated,geometric_consistency,4
trellis,77,automated,structural_consistency,2
trellis,77,automated,semantic_consistency,1
trellis,77,automated,aesthetics,2
trellis,77,automated,text_3d_alignment,3
trellis,78,automated,geometric_consistency,4
trellis,78,automated,structural_consistency,2
trellis,78,automated,semantic_consistency,1
trellis,78,automated,aesthetics,2
trellis,78,automated,text_3d_alignment,3
trellis,79,automated,geometric_consistency,4
trellis,79,automated,structural_consistency,2
trellis,79,automated,semantic_consistency,1
trellis,79,automated,aesthetics,2
trellis,79,automated,text_3d_alignment,3
trellis,8,automated,geometric_consistency,6
trellis,8,automated,structural_consistency,2
trellis,8,automated,semantic_consistency,1
trellis,8,automated,aesthetics,2
trellis,8,automated,text_3d_alignment,3
trellis,80,automated,geometric_consistency,6
trellis,80,automated,structural_consistency,2
trellis,80,automated,semantic_consistency,1
trellis,80,automated,aesthetics,2
trellis,80,automated,text_3d_alignment,3
trellis,81,automated,geometric_consistency,4
trellis,81,automated,structural_consistency,2
trellis,81,automated,semantic_consistency,1
trellis,81,automated,aesthetics,2
trellis,81,automated,text_3d_alignment,3
trellis,82,automated,geometric_consistency,6
trellis,82,automated,structural_consistency,3
trellis,82,automated,semantic_consistency,1
trellis,82,automated,aesthetics,3
trellis,82,automated,text_3d_alignment,3
trellis,83,automated,geometric_consistency,6
trellis,83,automated,structural_consistency,2
trellis,83,automated,semantic_consistency,1
trellis,83,automated,aesthetics,3
trellis,83,automated,text_3d_alignment,3
trellis,84,automated,geometric_consistency,5
trellis,84,automated,structural_consistency,2
trellis,84,automated,semantic_consistency,1
trellis,84,automated,aesthetics,2
trellis,84,automated,text_3d_alignment,3
trellis,85,automated,geometric_consistency,6
trellis,85,automated,structural_consistency,2
trellis,85,automated,semantic_consistency,1
trellis,85,automated,aesthetics,3
trellis,85,automated,text_3d_alignment,3
trellis,86,automated,geometric_consistency,7
trellis,86,automated,structural_consistency,3
trellis,86,automated,semantic_consistency,1
trellis,86,automated,aesthetics,2
trellis,86,automated,text_3d_alignment,3
trellis,87,automated,geometric_consistency,4
trellis,87,automated,structural_consistency,2
trellis,87,automated,semantic_consistency,1
trellis,87,automated,aesthetics,2
trellis,87,automated,text_3d_alignment,3
trellis,88,automated,geometric_consistency,4
trellis,88,automated,structural_consistency,2
trellis,88,automated,semantic_consistency,1
trellis,88,automated,aesthetics,2
trellis,88,automated,text_3d_alignment,3
trellis,89,automated,geometric_consistency,4
trellis,89,automated,structural_consistency,2
trellis,89,automated,semantic_consistency,1
trellis,89,automated,aesthetics,2
trellis,89,automated,text_3d_alignment,3
trellis,9,automated,geometric_consistency,6
trellis,9,automated,structural_consistency,3
trellis,9,automated,semantic_consistency,1
trellis,9,automated,aesthetics,3
trellis,9,automated,text_3d_alignment,3
trellis,90,automated,geometric_consistency,6
trellis,90,automated,structural_consistency,2
trellis,90,automated,semantic_consistency,1
trellis,90,automated,aesthetics,2
trellis,90,automated,text_3d_alignment,3
trellis,91,automated,geometric_consistency,3
trellis,91,automated,structural_consistency,2
trellis,91,automated,semantic_consistency,1
trellis,91,automated,aesthetics,2
trellis,91,automated,text_3d_alignment,3
trellis,92,automated,geometric_consistency,6
trellis,92,automated,structural_consistency,2
trellis,92,automated,semantic_consistency,1
trellis,92,automated,aesthetics,2
trellis,92,automated,text_3d_alignment,4
trellis,93,automated,geometric_consistency,6
trellis,93,automated,structural_consistency,2
trellis,93,automated,semantic_consistency,1
trellis,93,automated,aesthetics,2
trellis,93,automated,text_3d_alignment,3
trellis,94,automated,geometric_consistency,6
trellis,94,automated,structural_consistency,3
trellis,94,automated,semantic_consistency,1
trellis,94,automated,aesthetics,3
trellis,94,automated,text_3d_alignment,3
trellis,95,automated,geometric_consistency,3
trellis,95,automated,structural_consistency,1
trellis,95,automated,semantic_consistency,1
trellis,95,automated,aesthetics,2
trellis,95,automated,text_3d_alignment,2
trellis,96,automated,geometric_consistency,5
trellis,96,automated,structural_consistency,2
trellis,96,automated,semantic_consistency,1
trellis,96,automated,aesthetics,2
trellis,96,automated,text_3d_alignment,3
trellis,97,automated,geometric_consistency,3
trellis,97,automated,structural_consistency,2
trellis,97,automated,semantic_consistency,1
trellis,97,automated,aesthetics,2
trellis,97,automated,text_3d_alignment,2
trellis,98,automated,geometric_consistency,4
trellis,98,automated,structural_consistency,2
trellis,98,automated,semantic_consistency,1
trellis,98,automated,aesthetics,2
trellis,98,automated,text_3d_alignment,3
trellis,99,automated,geometric_consistency,6
trellis,99,automated,structural_consistency,2
trellis,99,automated,semantic_consistency,1
trellis,99,automated,aesthetics,2
trellis,99,automated,text_3d_alignment,2
unique3d,0,automated,geometric_consistency,6
unique3d,0,automated,structural_consistency,3
unique3d,0,automated,semantic_consistency,1
unique3d,0,automated,aesthetics,2
unique3d,0,automated,text_3d_alignment,3
unique3d,1,automated,geometric_consistency,4
unique3d,1,automated,structural_consistency,2
unique3d,1,automated,semantic_consistency,1
unique3d,1,automated,aesthetics,1
unique3d,1,automated,text_3d_alignment,3
unique3d,10,automated,geometric_consistency,4
unique3d,10,automated,structural_consistency,2
unique3d,10,automated,semantic_consistency,1
unique3d,10,automated,aesthetics,2
unique3d,10,automated,text_3d_alignment,3
unique3d,11,automated,geometric_consistency,4
unique3d,11,automated,structural_consistency,2
unique3d,11,automated,semantic_consistency,1
unique3d,11,automated,aesthetics,1
unique3d,11,automated,text_3d_alignment,3
unique3d,12,automated,geometric_consistency,7
unique3d,12,automated,structural_consistency,3
unique3d,12,automated,semantic_consistency,1
unique3d,12,automated,aesthetics,3
unique3d,12,automated,text_3d_alignment,3
unique3d,13,automated,geometric_consistency,4
unique3d,13,automated,structural_consistency,2
unique3d,13,automated,semantic_consistency,1
unique3d,13,automated,aesthetics,2
unique3d,13,automated,text_3d_alignment,3
unique3d,14,automated,geometric_consistency,4
unique3d,14,automated,structural_consistency,2
unique3d,14,automated,semantic_consistency,1
unique3d,14,automated,aesthetics,2
unique3d,14,automated,text_3d_alignment,3
unique3d,15,automated,geometric_consistency,6
unique3d,15,automated,structural_consistency,2
unique3d,15,automated,semantic_consistency,1
unique3d,15,automated,aesthetics,2
unique3d,15,automated,text_3d_alignment,3
unique3d,16,automated,geometric_consistency,3
unique3d,16,automated,structural_consistency,2
unique3d,16,automated,semantic_consistency,0
unique3d,16,automated,aesthetics,2
unique3d,16,automated,text_3d_alignment,3
unique3d,17,automated,geometric_consistency,6
unique3d,17,automated,structural_consistency,3
unique3d,17,automated,semantic_consistency,1
unique3d,17,automated,aesthetics,2
unique3d,17,automated,text_3d_alignment,3
unique3d,18,automated,geometric_consistency,3
unique3d,18,automated,structural_consistency,2
unique3d,18,automated,semantic_consistency,1
unique3d,18,automated,aesthetics,1
unique3d,18,automated,text_3d_alignment,2
unique3d,19,automated,geometric_consistency,6
unique3d,19,automated,structural_consistency,2
unique3d,19,automated,semantic_consistency,1
unique3d,19,automated,aesthetics,3
unique3d,19,automated,text_3d_alignment,3
unique3d,2,automated,geometric_consistency,3
unique3d,2,automated,structural_consistency,2
unique3d,2,automated,semantic_consistency,1
unique3d,2,automated,aesthetics,1
unique3d,2,automated,text_3d_alignment,3
unique3d,20,automated,geometric_consistency,4
unique3d,20,automated,structural_consistency,2
unique3d,20,automated,semantic_consistency,1
unique3d,20,automated,aesthetics,2
unique3d,20,automated,text_3d_alignment,3
unique3d,21,automated,geometric_consistency,4
unique3d,21,automated,structural_consistency,2
unique3d,21,automated,semantic_consistency,1
unique3d,21,automated,aesthetics,1
unique3d,21,automated,text_3d_alignment,4
unique3d,22,automated,geometric_consistency,3
unique3d,22,automated,structural_consistency,1
unique3d,22,automated,semantic_consistency,0
unique3d,22,automated,aesthetics,1
unique3d,22,automated,text_3d_alignment,2
unique3d,23,automated,geometric_consistency,6
unique3d,23,automated,structural_consistency,2
unique3d,23,automated,semantic_consistency,1
unique3d,23,automated,aesthetics,2
unique3d,23,automated,text_3d_alignment,3
unique3d,24,automated,geometric_consistency,5
unique3d,24,automated,structural_consistency,1
unique3d,24,automated,semantic_consistency,1
unique3d,24,automated,aesthetics,2
unique3d,24,automated,text_3d_alignment,3
unique3d,25,automated,geometric_consistency,4
unique3d,25,automated,structural_consistency,3
unique3d,25,automated,semantic_consistency,1
unique3d,25,automated,aesthetics,2
unique3d,25,automated,text_3d_alignment,3
unique3d,26,automated,geometric_consistency,4
unique3d,26,automated,structural_consistency,2
unique3d,26,automated,semantic_consistency,1
unique3d,26,automated,aesthetics,2
unique3d,26,automated,text_3d_alignment,3
unique3d,27,automated,geometric_consistency,4
unique3d,27,automated,structural_consistency,2
unique3d,27,automated,semantic_consistency,1
unique3d,27,automated,aesthetics,2
unique3d,27,automated,text_3d_alignment,3
unique3d,28,automated,geometric_consistency,4
unique3d,28,automated,structural_consistency,2
unique3d,28,automated,semantic_consistency,1
unique3d,28,automated,aesthetics,2
unique3d,28,automated,text_3d_alignment,3
unique3d,29,automated,geometric_consistency,6
unique3d,29,automated,structural_consistency,2
unique3d,29,automated,semantic_consistency,1
unique3d,29,automated,aesthetics,2
unique3d,29,automated,text_3d_alignment,3
unique3d,3,automated,geometric_consistency,4
unique3d,3,automated,structural_consistency,2
unique3d,3,automated,semantic_consistency,1
unique3d,3,automated,aesthetics,2
unique3d,3,automated,text_3d_alignment,3
unique3d,30,automated,geometric_consistency,4
unique3d,30,automated,structural_consistency,2
unique3d,30,automated,semantic_consistency,1
unique3d,30,automated,aesthetics,2
unique3d,30,automated,text_3d_alignment,3
unique3d,31,automated,geometric_consistency,6
unique3d,31,automated,structural_consistency,2
unique3d,31,automated,semantic_consistency,1
unique3d,31,automated,aesthetics,2
unique3d,31,automated,text_3d_alignment,3
unique3d,32,automated,geometric_consistency,4
unique3d,32,automated,structural_consistency,2
unique3d,32,automated,semantic_consistency,1
unique3d,32,automated,aesthetics,1
unique3d,32,automated,text_3d_alignment,2
unique3d,33,automated,geometric_consistency,4
unique3d,33,automated,structural_consistency,2
unique3d,33,automated,semantic_consistency,0
unique3d,33,automated,aesthetics,2
unique3d,33,automated,text_3d_alignment,3
unique3d,34,automated,geometric_consistency,4
unique3d,34,automated,structural_consistency,2
unique3d,34,automated,semantic_consistency,1
unique3d,34,automated,aesthetics,2
unique3d,34,automated,text_3d_alignment,3
unique3d,35,automated,geometric_consistency,3
unique3d,35,automated,structural_consistency,2
unique3d,35,automated,semantic_consistency,1
unique3d,35,automated,aesthetics,2
unique3d,35,automated,text_3d_alignment,3
unique3d,36,automated,geometric_consistency,3
unique3d,36,automated,structural_consistency,2
unique3d,36,automated,semantic_consistency,1
unique3d,36,automated,aesthetics,1
unique3d,36,automated,text_3d_alignment,2
unique3d,37,automated,geometric_consistency,6
unique3d,37,automated,structural_consistency,3
unique3d,37,automated,semantic_consistency,1
unique3d,37,automated,aesthetics,2
unique3d,37,automated,text_3d_alignment,3
unique3d,38,automated,geometric_consistency,4
unique3d,38,automated,structural_consistency,2
unique3d,38,automated,semantic_consistency,1
unique3d,38,automated,aesthetics,2
unique3d,38,automated,text_3d_alignment,3
unique3d,39,automated,geometric_consistency,5
unique3d,39,automated,structural_consistency,3
unique3d,39,automated,semantic_consistency,1
unique3d,39,automated,aesthetics,3
unique3d,39,automated,text_3d_alignment,3
unique3d,4,automated,geometric_consistency,4
unique3d,4,automated,structural_consistency,3
unique3d,4,automated,semantic_consistency,1
unique3d,4,automated,aesthetics,2
unique3d,4,automated,text_3d_alignment,3
unique3d,40,automated,geometric_consistency,4
unique3d,40,automated,structural_consistency,2
unique3d,40,automated,semantic_consistency,1
unique3d,40,automated,aesthetics,2
unique3d,40,automated,text_3d_alignment,3
unique3d,41,automated,geometric_consistency,4
unique3d,41,automated,structural_consistency,2
unique3d,41,automated,semantic_consistency,1
unique3d,41,automated,aesthetics,2
unique3d,41,automated,text_3d_alignment,3
unique3d,42,automated,geometric_consistency,6
unique3d,42,automated,structural_consistency,3
unique3d,42,automated,semantic_consistency,1
unique3d,42,automated,aesthetics,2
unique3d,42,automated,text_3d_alignment,3
unique3d,43,automated,geometric_consistency,4
unique3d,43,automated,structural_consistency,2
unique3d,43,automated,semantic_consistency,1
unique3d,43,automated,aesthetics,2
unique3d,43,automated,text_3d_alignment,3
unique3d,44,automated,geometric_consistency,6
unique3d,44,automated,structural_consistency,2
unique3d,44,automated,semantic_consistency,1
unique3d,44,automated,aesthetics,2
unique3d,44,automated,text_3d_alignment,3
unique3d,45,automated,geometric_consistency,4
unique3d,45,automated,structural_consistency,2
unique3d,45,automated,semantic_consistency,1
unique3d,45,automated,aesthetics,2
unique3d,45,automated,text_3d_alignment,2
unique3d,46,automated,geometric_consistency,4
unique3d,46,automated,structural_consistency,2
unique3d,46,automated,semantic_consistency,1
unique3d,46,automated,aesthetics,2
unique3d,46,automated,text_3d_alignment,2
unique3d,47,automated,geometric_consistency,4
unique3d,47,automated,structural_consistency,2
unique3d,47,automated,semantic_consistency,1
unique3d,47,automated,aesthetics,2
unique3d,47,automated,text_3d_alignment,3
unique3d,48,automated,geometric_consistency,4
unique3d,48,automated,structural_consistency,2
unique3d,48,automated,semantic_consistency,1
unique3d,48,automated,aesthetics,2
unique3d,48,automated,text_3d_alignment,3
unique3d,49,automated,geometric_consistency,6
unique3d,49,automated,structural_consistency,2
unique3d,49,automated,semantic_consistency,1
unique3d,49,automated,aesthetics,2
unique3d,49,automated,text_3d_alignment,3
unique3d,5,automated,geometric_consistency,3
unique3d,5,automated,structural_consistency,2
unique3d,5,automated,semantic_consistency,1
unique3d,5,automated,aesthetics,2
unique3d,5,automated,text_3d_alignment,3
unique3d,50,automated,geometric_consistency,4
unique3d,50,automated,structural_consistency,2
unique3d,50,automated,semantic_consistency,1
unique3d,50,automated,aesthetics,2
unique3d,50,automated,text_3d_alignment,3
unique3d,51,automated,geometric_consistency,4
unique3d,51,automated,structural_consistency,2
unique3d,51,automated,semantic_consistency,1
unique3d,51,automated,aesthetics,2
unique3d,51,automated,text_3d_alignment,3
unique3d,52,automated,geometric_consistency,4
unique3d,52,automated,structural_consistency,2
unique3d,52,automated,semantic_consistency,1
unique3d,52,automated,aesthetics,1
unique3d,52,automated,text_3d_alignment,3
unique3d,53,automated,geometric_consistency,4
unique3d,53,automated,structural_consistency,3
unique3d,53,automated,semantic_consistency,1
unique3d,53,automated,aesthetics,2
unique3d,53,automated,text_3d_alignment,3
unique3d,54,automated,geometric_consistency,5
unique3d,54,automated,structural_consistency,3
unique3d,54,automated,semantic_consistency,1
unique3d,54,automated,aesthetics,2
unique3d,54,automated,text_3d_alignment,3
unique3d,55,automated,geometric_consistency,4
unique3d,55,automated,structural_consistency,2
unique3d,55,automated,semantic_consistency,1
unique3d,55,automated,aesthetics,2
unique3d,55,automated,text_3d_alignment,3
unique3d,56,automated,geometric_consistency,4
unique3d,56,automated,structural_consistency,2
unique3d,56,automated,semantic_consistency,1
unique3d,56,automated,aesthetics,2
unique3d,56,automated,text_3d_alignment,3
unique3d,57,automated,geometric_consistency,3
unique3d,57,automated,structural_consistency,2
unique3d,57,automated,semantic_consistency,1
unique3d,57,automated,aesthetics,2
unique3d,57,automated,text_3d_alignment,3
unique3d,58,automated,geometric_consistency,4
unique3d,58,automated,structural_consistency,2
unique3d,58,automated,semantic_consistency,1
unique3d,58,automated,aesthetics,1
unique3d,58,automated,text_3d_alignment,3
unique3d,59,automated,geometric_consistency,4
unique3d,59,automated,structural_consistency,2
unique3d,59,automated,semantic_consistency,1
unique3d,59,automated,aesthetics,2
unique3d,59,automated,text_3d_alignment,3
unique3d,6,automated,geometric_consistency,4
unique3d,6,automated,structural_consistency,2
unique3d,6,automated,semantic_consistency,1
unique3d,6,automated,aesthetics,1
unique3d,6,automated,text_3d_alignment,3
unique3d,60,automated,geometric_consistency,4
unique3d,60,automated,structural_consistency,2
unique3d,60,automated,semantic_consistency,1
unique3d,60,automated,aesthetics,1
unique3d,60,automated,text_3d_alignment,3
unique3d,61,automated,geometric_consistency,5
unique3d,61,automated,structural_consistency,2
unique3d,61,automated,semantic_consistency,1
unique3d,61,automated,aesthetics,2
unique3d,61,automated,text_3d_alignment,3
unique3d,62,automated,geometric_consistency,6
unique3d,62,automated,structural_consistency,2
unique3d,62,automated,semantic_consistency,1
unique3d,62,automated,aesthetics,2
unique3d,62,automated,text_3d_alignment,3
unique3d,63,automated,geometric_consistency,4
unique3d,63,automated,structural_consistency,2
unique3d,63,automated,semantic_consistency,1
unique3d,63,automated,aesthetics,2
unique3d,63,automated,text_3d_alignment,3
unique3d,64,automated,geometric_consistency,4
unique3d,64,automated,structural_consistency,2
unique3d,64,automated,semantic_consistency,1
unique3d,64,automated,aesthetics,2
unique3d,64,automated,text_3d_alignment,3
unique3d,65,automated,geometric_consistency,6
unique3d,65,automated,structural_consistency,2
unique3d,65,automated,semantic_consistency,1
unique3d,65,automated,aesthetics,2
unique3d,65,automated,text_3d_alignment,3
unique3d,66,automated,geometric_consistency,6
unique3d,66,automated,structural_consistency,3
unique3d,66,automated,semantic_consistency,1
unique3d,66,automated,aesthetics,2
unique3d,66,automated,text_3d_alignment,3
unique3d,67,automated,geometric_consistency,4
unique3d,67,automated,structural_consistency,2
unique3d,67,automated,semantic_consistency,1
unique3d,67,automated,aesthetics,2
unique3d,67,automated,text_3d_alignment,3
unique3d,68,automated,geometric_consistency,6
unique3d,68,automated,structural_consistency,3
unique3d,68,automated,semantic_consistency,1
unique3d,68,automated,aesthetics,2
unique3d,68,automated,text_3d_alignment,3
unique3d,69,automated,geometric_consistency,6
unique3d,69,automated,structural_consistency,2
unique3d,69,automated,semantic_consistency,1
unique3d,69,automated,aesthetics,2
unique3d,69,automated,text_3d_alignment,3
unique3d,7,automated,geometric_consistency,4
unique3d,7,automated,structural_consistency,2
unique3d,7,automated,semantic_consistency,1
unique3d,7,automated,aesthetics,2
unique3d,7,automated,text_3d_alignment,3
unique3d,70,automated,geometric_consistency,6
unique3d,70,automated,structural_consistency,2
unique3d,70,automated,semantic_consistency,1
unique3d,70,automated,aesthetics,2
unique3d,70,automated,text_3d_alignment,3
unique3d,71,automated,geometric_consistency,7
unique3d,71,automated,structural_consistency,2
unique3d,71,automated,semantic_consistency,1
unique3d,71,automated,aesthetics,2
unique3d,71,automated,text_3d_alignment,3
unique3d,72,automated,geometric_consistency,4
unique3d,72,automated,structural_consistency,2
unique3d,72,automated,semantic_consistency,1
unique3d,72,automated,aesthetics,3
unique3d,72,automated,text_3d_alignment,3
unique3d,73,automated,geometric_consistency,4
unique3d,73,automated,structural_consistency,2
unique3d,73,automated,semantic_consistency,1
unique3d,73,automated,aesthetics,1
unique3d,73,automated,text_3d_alignment,3
unique3d,74,automated,geometric_consistency,4
unique3d,74,automated,structural_consistency,3
unique3d,74,automated,semantic_consistency,1
unique3d,74,automated,aesthetics,3
unique3d,74,automated,text_3d_alignment,3
unique3d,75,automated,geometric_consistency,4
unique3d,75,automated,structural_consistency,3
unique3d,75,automated,semantic_consistency,1
unique3d,75,automated,aesthetics,2
unique3d,75,automated,text_3d_alignment,3
unique3d,76,automated,geometric_consistency,3
unique3d,76,automated,structural_consistency,2
unique3d,76,automated,semantic_consistency,0
unique3d,76,automated,aesthetics,1
unique3d,76,automated,text_3d_alignment,2
unique3d,77,automated,geometric_consistency,4
unique3d,77,automated,structural_consistency,2
unique3d,77,automated,semantic_consistency,1
unique3d,77,automated,aesthetics,2
unique3d,77,automated,text_3d_alignment,2
unique3d,78,automated,geometric_consistency,4
unique3d,78,automated,structural_consistency,2
unique3d,78,automated,semantic_consistency,1
unique3d,78,automated,aesthetics,2
unique3d,78,automated,text_3d_alignment,3
unique3d,79,automated,geometric_consistency,6
unique3d,79,automated,structural_consistency,2
unique3d,79,automated,semantic_consistency,1
unique3d,79,automated,aesthetics,2
unique3d,79,automated,text_3d_alignment,3
unique3d,8,automated,geometric_consistency,6
unique3d,8,automated,structural_consistency,3
unique3d,8,automated,semantic_consistency,1
unique3d,8,automated,aesthetics,2
unique3d,8,automated,text_3d_alignment,3
unique3d,80,automated,geometric_consistency,5
unique3d,80,automated,structural_consistency,2
unique3d,80,automated,semantic_consistency,1
unique3d,80,automated,aesthetics,2
unique3d,80,automated,text_3d_alignment,3
unique3d,81,automated,geometric_consistency,4
unique3d,81,automated,structural_consistency,2
unique3d,81,automated,semantic_consistency,1
unique3d,81,automated,aesthetics,2
unique3d,81,automated,text_3d_alignment,2
unique3d,82,automated,geometric_consistency,4
unique3d,82,automated,structural_consistency,2
unique3d,82,automated,semantic_consistency,1
unique3d,82,automated,aesthetics,2
unique3d,82,automated,text_3d_alignment,3
unique3d,83,automated,geometric_consistency,4
unique3d,83,automated,structural_consistency,2
unique3d,83,automated,semantic_consistency,1
unique3d,83,automated,aesthetics,2
unique3d,83,automated,text_3d_alignment,3
unique3d,84,automated,geometric_consistency,3
unique3d,84,automated,structural_consistency,2
unique3d,84,automated,semantic_consistency,0
unique3d,84,automated,aesthetics,2
unique3d,84,automated,text_3d_alignment,2
unique3d,85,automated,geometric_consistency,6
unique3d,85,automated,structural_consistency,3
unique3d,85,automated,semantic_consistency,1
unique3d,85,automated,aesthetics,2
unique3d,85,automated,text_3d_alignment,4
unique3d,86,automated,geometric_consistency,4
unique3d,86,automated,structural_consistency,2
unique3d,86,automated,semantic_consistency,0
unique3d,86,automated,aesthetics,1
unique3d,86,automated,text_3d_alignment,2
unique3d,87,automated,geometric_consistency,6
unique3d,87,automated,structural_consistency,2
unique3d,87,automated,semantic_consistency,1
unique3d,87,automated,aesthetics,3
unique3d,87,automated,text_3d_alignment,4
unique3d,88,automated,geometric_consistency,3
unique3d,88,automated,structural_consistency,2
unique3d,88,automated,semantic_consistency,1
unique3d,88,automated,aesthetics,2
unique3d,88,automated,text_3d_alignment,2
unique3d,89,automated,geometric_consistency,4
unique3d,89,automated,structural_consistency,2
unique3d,89,automated,semantic_consistency,1
unique3d,89,automated,aesthetics,2
unique3d,89,automated,text_3d_alignment,3
unique3d,9,automated,geometric_consistency,3
unique3d,9,automated,structural_consistency,2
unique3d,9,automated,semantic_consistency,1
unique3d,9,automated,aesthetics,2
unique3d,9,automated,text_3d_alignment,3
unique3d,90,automated,geometric_consistency,6
unique3d,90,automated,structural_consistency,2
unique3d,90,automated,semantic_consistency,1
unique3d,90,automated,aesthetics,2
unique3d,90,automated,text_3d_alignment,3
unique3d,91,automated,geometric_consistency,3
unique3d,91,automated,structural_consistency,1
unique3d,91,automated,semantic_consistency,0
unique3d,91,automated,aesthetics,1
unique3d,91,automated,text_3d_alignment,2
unique3d,92,automated,geometric_consistency,4
unique3d,92,automated,structural_consistency,2
unique3d,92,automated,semantic_consistency,0
unique3d,92,automated,aesthetics,1
unique3d,92,automated,text_3d_alignment,3
unique3d,93,automated,geometric_consistency,3
unique3d,93,automated,structural_consistency,2
unique3d,93,automated,semantic_consistency,1
unique3d,93,automated,aesthetics,3
unique3d,93,automated,text_3d_alignment,3
unique3d,94,automated,geometric_consistency,5
unique3d,94,automated,structural_consistency,3
unique3d,94,automated,semantic_consistency,1
unique3d,94,automated,aesthetics,2
unique3d,94,automated,text_3d_alignment,3
unique3d,95,automated,geometric_consistency,4
unique3d,95,automated,structural_consistency,2
unique3d,95,automated,semantic_consistency,1
unique3d,95,automated,aesthetics,2
unique3d,95,automated,text_3d_alignment,3
unique3d,96,automated,geometric_consistency,4
unique3d,96,automated,structural_consistency,2
unique3d,96,automated,semantic_consistency,1
unique3d,96,automated,aesthetics,3
unique3d,96,automated,text_3d_alignment,3
unique3d,97,automated,geometric_consistency,3
unique3d,97,automated,structural_consistency,1
unique3d,97,automated,semantic_consistency,0
unique3d,97,automated,aesthetics,1
unique3d,97,automated,text_3d_alignment,2
unique3d,98,automated,geometric_consistency,4
unique3d,98,automated,structural_consistency,2
unique3d,98,automated,semantic_consistency,1
unique3d,98,automated,aesthetics,2
unique3d,98,automated,text_3d_alignment,3
unique3d,99,automated,geometric_consistency,5
unique3d,99,automated,structural_consistency,2
unique3d,99,automated,semantic_consistency,1
unique3d,99,automated,aesthetics,2
unique3d,99,automated,text_3d_alignment,2
triposr,0,automated,geometric_consistency,6
triposr,0,automated,structural_consistency,2
triposr,0,automated,semantic_consistency,1
triposr,0,automated,aesthetics,2
triposr,0,automated,text_3d_alignment,3
triposr,1,automated,geometric_consistency,4
triposr,1,automated,structural_consistency,2
triposr,1,automated,semantic_consistency,1
triposr,1,automated,aesthetics,2
triposr,1,automated,text_3d_alignment,3
triposr,10,automated,geometric_consistency,5
triposr,10,automated,structural_consistency,2
triposr,10,automated,semantic_consistency,1
triposr,10,automated,aesthetics,2
triposr,10,automated,text_3d_alignment,3
triposr,11,automated,geometric_consistency,4
triposr,11,automated,structural_consistency,2
triposr,11,automated,semantic_consistency,1
triposr,11,automated,aesthetics,2
triposr,11,automated,text_3d_alignment,3
triposr,12,automated,geometric_consistency,6
triposr,12,automated,structural_consistency,3
triposr,12,automated,semantic_consistency,1
triposr,12,automated,aesthetics,3
triposr,12,automated,text_3d_alignment,3
triposr,13,automated,geometric_consistency,4
triposr,13,automated,structural_consistency,2
triposr,13,automated,semantic_consistency,1
triposr,13,automated,aesthetics,2
triposr,13,automated,text_3d_alignment,3
triposr,14,automated,geometric_consistency,4
triposr,14,automated,structural_consistency,2
triposr,14,automated,semantic_consistency,1
triposr,14,automated,aesthetics,2
triposr,14,automated,text_3d_alignment,3
triposr,15,automated,geometric_consistency,7
triposr,15,automated,structural_consistency,3
triposr,15,automated,semantic_consistency,1
triposr,15,automated,aesthetics,2
triposr,15,automated,text_3d_alignment,3
triposr,16,automated,geometric_consistency,6
triposr,16,automated,structural_consistency,2
triposr,16,automated,semantic_consistency,1
triposr,16,automated,aesthetics,2
triposr,16,automated,text_3d_alignment,3
triposr,17,automated,geometric_consistency,4
triposr,17,automated,structural_consistency,2
triposr,17,automated,semantic_consistency,1
triposr,17,automated,aesthetics,2
triposr,17,automated,text_3d_alignment,3
triposr,18,automated,geometric_consistency,6
triposr,18,automated,structural_consistency,2
triposr,18,automated,semantic_consistency,1
triposr,18,automated,aesthetics,2
triposr,18,automated,text_3d_alignment,3
triposr,19,automated,geometric_consistency,4
triposr,19,automated,structural_consistency,2
triposr,19,automated,semantic_consistency,1
triposr,19,automated,aesthetics,2
triposr,19,automated,text_3d_alignment,3
triposr,2,automated,geometric_consistency,4
triposr,2,automated,structural_consistency,2
triposr,2,automated,semantic_consistency,1
triposr,2,automated,aesthetics,2
triposr,2,automated,text_3d_alignment,2
triposr,20,automated,geometric_consistency,4
triposr,20,automated,structural_consistency,2
triposr,20,automated,semantic_consistency,1
triposr,20,automated,aesthetics,2
triposr,20,automated,text_3d_alignment,3
triposr,21,automated,geometric_consistency,6
triposr,21,automated,structural_consistency,2
triposr,21,automated,semantic_consistency,1
triposr,21,automated,aesthetics,2
triposr,21,automated,text_3d_alignment,3
triposr,22,automated,geometric_consistency,4
triposr,22,automated,structural_consistency,2
triposr,22,automated,semantic_consistency,1
triposr,22,automated,aesthetics,2
triposr,22,automated,text_3d_alignment,3
triposr,23,automated,geometric_consistency,4
triposr,23,automated,structural_consistency,2
triposr,23,automated,semantic_consistency,1
triposr,23,automated,aesthetics,3
triposr,23,automated,text_3d_alignment,3
triposr,24,automated,geometric_consistency,3
triposr,24,automated,structural_consistency,2
triposr,24,automated,semantic_consistency,1
triposr,24,automated,aesthetics,2
triposr,24,automated,text_3d_alignment,3
triposr,25,automated,geometric_consistency,4
triposr,25,automated,structural_consistency,3
triposr,25,automated,semantic_consistency,1
triposr,25,automated,aesthetics,2
triposr,25,automated,text_3d_alignment,3
triposr,26,automated,geometric_consistency,4
triposr,26,automated,structural_consistency,2
triposr,26,automated,semantic_consistency,1
triposr,26,automated,aesthetics,2
triposr,26,automated,text_3d_alignment,2
triposr,27,automated,geometric_consistency,4
triposr,27,automated,structural_consistency,2
triposr,27,automated,semantic_consistency,1
triposr,27,automated,aesthetics,2
triposr,27,automated,text_3d_alignment,3
triposr,28,automated,geometric_consistency,5
triposr,28,automated,structural_consistency,2
triposr,28,automated,semantic_consistency,1
triposr,28,automated,aesthetics,2
triposr,28,automated,text_3d_alignment,3
triposr,29,automated,geometric_consistency,4
triposr,29,automated,structural_consistency,2
triposr,29,automated,semantic_consistency,1
triposr,29,automated,aesthetics,2
triposr,29,automated,text_3d_alignment,3
triposr,3,automated,geometric_consistency,5
triposr,3,automated,structural_consistency,2
triposr,3,automated,semantic_consistency,1
triposr,3,automated,aesthetics,2
triposr,3,automated,text_3d_alignment,3
triposr,30,automated,geometric_consistency,5
triposr,30,automated,structural_consistency,3
triposr,30,automated,semantic_consistency,1
triposr,30,automated,aesthetics,2
triposr,30,automated,text_3d_alignment,3
triposr,31,automated,geometric_consistency,4
triposr,31,automated,structural_consistency,2
triposr,31,automated,semantic_consistency,1
triposr,31,automated,aesthetics,2
triposr,31,automated,text_3d_alignment,3
triposr,32,automated,geometric_consistency,4
triposr,32,automated,structural_consistency,2
triposr,32,automated,semantic_consistency,1
triposr,32,automated,aesthetics,2
triposr,32,automated,text_3d_alignment,3
triposr,33,automated,geometric_consistency,4
triposr,33,automated,structural_consistency,2
triposr,33,automated,semantic_consistency,1
triposr,33,automated,aesthetics,2
triposr,33,automated,text_3d_alignment,3
triposr,34,automated,geometric_consistency,4
triposr,34,automated,structural_consistency,2
triposr,34,automated,semantic_consistency,1
triposr,34,automated,aesthetics,2
triposr,34,automated,text_3d_alignment,2
triposr,35,automated,geometric_consistency,4
triposr,35,automated,structural_consistency,2
triposr,35,automated,semantic_consistency,1
triposr,35,automated,aesthetics,2
triposr,35,automated,text_3d_alignment,3
triposr,36,automated,geometric_consistency,6
triposr,36,automated,structural_consistency,2
triposr,36,automated,semantic_consistency,1
triposr,36,automated,aesthetics,2
triposr,36,automated,text_3d_alignment,3
triposr,37,automated,geometric_consistency,4
triposr,37,automated,structural_consistency,3
triposr,37,automated,semantic_consistency,1
triposr,37,automated,aesthetics,2
triposr,37,automated,text_3d_alignment,3
triposr,38,automated,geometric_consistency,5
triposr,38,automated,structural_consistency,2
triposr,38,automated,semantic_consistency,1
triposr,38,automated,aesthetics,2
triposr,38,automated,text_3d_alignment,3
triposr,39,automated,geometric_consistency,4
triposr,39,automated,structural_consistency,2
triposr,39,automated,semantic_consistency,1
triposr,39,automated,aesthetics,2
triposr,39,automated,text_3d_alignment,3
triposr,4,automated,geometric_consistency,6
triposr,4,automated,structural_consistency,2
triposr,4,automated,semantic_consistency,1
triposr,4,automated,aesthetics,2
triposr,4,automated,text_3d_alignment,3
triposr,40,automated,geometric_consistency,4
triposr,40,automated,structural_consistency,2
triposr,40,automated,semantic_consistency,1
triposr,40,automated,aesthetics,2
triposr,40,automated,text_3d_alignment,3
triposr,41,automated,geometric_consistency,4
triposr,41,automated,structural_consistency,2
triposr,41,automated,semantic_consistency,1
triposr,41,automated,aesthetics,2
triposr,41,automated,text_3d_alignment,3
triposr,42,automated,geometric_consistency,3
triposr,42,automated,structural_consistency,2
triposr,42,automated,semantic_consistency,1
triposr,42,automated,aesthetics,2
triposr,42,automated,text_3d_alignment,3
triposr,43,automated,geometric_consistency,6
triposr,43,automated,structural_consistency,2
triposr,43,automated,semantic_consistency,1
triposr,43,automated,aesthetics,2
triposr,43,automated,text_3d_alignment,4
triposr,44,automated,geometric_consistency,4
triposr,44,automated,structural_consistency,2
triposr,44,automated,semantic_consistency,1
triposr,44,automated,aesthetics,2
triposr,44,automated,text_3d_alignment,3
triposr,45,automated,geometric_consistency,3
triposr,45,automated,structural_consistency,2
triposr,45,automated,semantic_consistency,1
triposr,45,automated,aesthetics,2
triposr,45,automated,text_3d_alignment,3
triposr,46,automated,geometric_consistency,3
triposr,46,automated,structural_consistency,1
triposr,46,automated,semantic_consistency,1
triposr,46,automated,aesthetics,2
triposr,46,automated,text_3d_alignment,2
triposr,47,automated,geometric_consistency,4
triposr,47,automated,structural_consistency,2
triposr,47,automated,semantic_consistency,1
triposr,47,automated,aesthetics,2
triposr,47,automated,text_3d_alignment,3
triposr,48,automated,geometric_consistency,6
triposr,48,automated,structural_consistency,3
triposr,48,automated,semantic_consistency,1
triposr,48,automated,aesthetics,2
triposr,48,automated,text_3d_alignment,3
triposr,49,automated,geometric_consistency,5
triposr,49,automated,structural_consistency,2
triposr,49,automated,semantic_consistency,1
triposr,49,automated,aesthetics,2
triposr,49,automated,text_3d_alignment,3
triposr,5,automated,geometric_consistency,4
triposr,5,automated,structural_consistency,2
triposr,5,automated,semantic_consistency,1
triposr,5,automated,aesthetics,2
triposr,5,automated,text_3d_alignment,3
triposr,50,automated,geometric_consistency,6
triposr,50,automated,structural_consistency,3
triposr,50,automated,semantic_consistency,1
triposr,50,automated,aesthetics,3
triposr,50,automated,text_3d_alignment,3
triposr,51,automated,geometric_consistency,4
triposr,51,automated,structural_consistency,2
triposr,51,automated,semantic_consistency,1
triposr,51,automated,aesthetics,2
triposr,51,automated,text_3d_alignment,3
triposr,52,automated,geometric_consistency,3
triposr,52,automated,structural_consistency,2
triposr,52,automated,semantic_consistency,1
triposr,52,automated,aesthetics,2
triposr,52,automated,text_3d_alignment,3
triposr,53,automated,geometric_consistency,6
triposr,53,automated,structural_consistency,3
triposr,53,automated,semantic_consistency,1
triposr,53,automated,aesthetics,3
triposr,53,automated,text_3d_alignment,3
triposr,54,automated,geometric_consistency,4
triposr,54,automated,structural_consistency,2
triposr,54,automated,semantic_consistency,1
triposr,54,automated,aesthetics,2
triposr,54,automated,text_3d_alignment,3
triposr,55,automated,geometric_consistency,3
triposr,55,automated,structural_consistency,2
triposr,55,automated,semantic_consistency,1
triposr,55,automated,aesthetics,2
triposr,55,automated,text_3d_alignment,3
triposr,56,automated,geometric_consistency,3
triposr,56,automated,structural_consistency,2
triposr,56,automated,semantic_consistency,1
triposr,56,automated,aesthetics,2
triposr,56,automated,text_3d_alignment,3
triposr,57,automated,geometric_consistency,6
triposr,57,automated,structural_consistency,2
triposr,57,automated,semantic_consistency,1
triposr,57,automated,aesthetics,2
triposr,57,automated,text_3d_alignment,3
triposr,58,automated,geometric_consistency,4
triposr,58,automated,structural_consistency,2
triposr,58,automated,semantic_consistency,1
triposr,58,automated,aesthetics,2
triposr,58,automated,text_3d_alignment,3
triposr,59,automated,geometric_consistency,4
triposr,59,automated,structural_consistency,2
triposr,59,automated,semantic_consistency,1
triposr,59,automated,aesthetics,2
triposr,59,automated,text_3d_alignment,2
triposr,6,automated,geometric_consistency,5
triposr,6,automated,structural_consistency,2
triposr,6,automated,semantic_consistency,1
triposr,6,automated,aesthetics,2
triposr,6,automated,text_3d_alignment,3
triposr,60,automated,geometric_consistency,4
triposr,60,automated,structural_consistency,2
triposr,60,automated,semantic_consistency,1
triposr,60,automated,aesthetics,2
triposr,60,automated,text_3d_alignment,3
triposr,61,automated,geometric_consistency,4
triposr,61,automated,structural_consistency,2
triposr,61,automated,semantic_consistency,1
triposr,61,automated,aesthetics,2
triposr,61,automated,text_3d_alignment,3
triposr,62,automated,geometric_consistency,4
triposr,62,automated,structural_consistency,2
triposr,62,automated,semantic_consistency,1
triposr,62,automated,aesthetics,2
triposr,62,automated,text_3d_alignment,3
triposr,63,automated,geometric_consistency,3
triposr,63,automated,structural_consistency,2
triposr,63,automated,semantic_consistency,1
triposr,63,automated,aesthetics,2
triposr,63,automated,text_3d_alignment,2
triposr,64,automated,geometric_consistency,4
triposr,64,automated,structural_consistency,2
triposr,64,automated,semantic_consistency,1
triposr,64,automated,aesthetics,2
triposr,64,automated,text_3d_alignment,2
triposr,65,automated,geometric_consistency,4
triposr,65,automated,structural_consistency,2
triposr,65,automated,semantic_consistency,1
triposr,65,automated,aesthetics,3
triposr,65,automated,text_3d_alignment,3
triposr,66,automated,geometric_consistency,5
triposr,66,automated,structural_consistency,2
triposr,66,automated,semantic_consistency,1
triposr,66,automated,aesthetics,2
triposr,66,automated,text_3d_alignment,3
triposr,67,automated,geometric_consistency,4
triposr,67,automated,structural_consistency,2
triposr,67,automated,semantic_consistency,1
triposr,67,automated,aesthetics,2
triposr,67,automated,text_3d_alignment,3
triposr,68,automated,geometric_consistency,4
triposr,68,automated,structural_consistency,2
triposr,68,automated,semantic_consistency,1
triposr,68,automated,aesthetics,2
triposr,68,automated,text_3d_alignment,3
triposr,69,automated,geometric_consistency,5
triposr,69,automated,structural_consistency,3
triposr,69,automated,semantic_consistency,1
triposr,69,automated,aesthetics,2
triposr,69,automated,text_3d_alignment,4
triposr,7,automated,geometric_consistency,4
triposr,7,automated,structural_consistency,2
triposr,7,automated,semantic_consistency,1
triposr,7,automated,aesthetics,2
triposr,7,automated,text_3d_alignment,3
triposr,70,automated,geometric_consistency,6
triposr,70,automated,structural_consistency,2
triposr,70,automated,semantic_consistency,1
triposr,70,automated,aesthetics,2
triposr,70,automated,text_3d_alignment,3
triposr,71,automated,geometric_consistency,6
triposr,71,automated,structural_consistency,3
triposr,71,automated,semantic_consistency,1
triposr,71,automated,aesthetics,3
triposr,71,automated,text_3d_alignment,3
triposr,72,automated,geometric_consistency,6
triposr,72,automated,structural_consistency,2
triposr,72,automated,semantic_consistency,1
triposr,72,automated,aesthetics,3
triposr,72,automated,text_3d_alignment,3
triposr,73,automated,geometric_consistency,4
triposr,73,automated,structural_consistency,2
triposr,73,automated,semantic_consistency,1
triposr,73,automated,aesthetics,2
triposr,73,automated,text_3d_alignment,2
triposr,74,automated,geometric_consistency,4
triposr,74,automated,structural_consistency,2
triposr,74,automated,semantic_consistency,1
triposr,74,automated,aesthetics,2
triposr,74,automated,text_3d_alignment,3
triposr,75,automated,geometric_consistency,6
triposr,75,automated,structural_consistency,2
triposr,75,automated,semantic_consistency,1
triposr,75,automated,aesthetics,2
triposr,75,automated,text_3d_alignment,3
triposr,76,automated,geometric_consistency,4
triposr,76,automated,structural_consistency,2
triposr,76,automated,semantic_consistency,1
triposr,76,automated,aesthetics,2
triposr,76,automated,text_3d_alignment,3
triposr,77,automated,geometric_consistency,4
triposr,77,automated,structural_consistency,2
triposr,77,automated,semantic_consistency,1
triposr,77,automated,aesthetics,2
triposr,77,automated,text_3d_alignment,3
triposr,78,automated,geometric_consistency,6
triposr,78,automated,structural_consistency,2
triposr,78,automated,semantic_consistency,1
triposr,78,automated,aesthetics,2
triposr,78,automated,text_3d_alignment,3
triposr,79,automated,geometric_consistency,4
triposr,79,automated,structural_consistency,2
triposr,79,automated,semantic_consistency,1
triposr,79,automated,aesthetics,2
triposr,79,automated,text_3d_alignment,3
triposr,8,automated,geometric_consistency,4
triposr,8,automated,structural_consistency,2
triposr,8,automated,semantic_consistency,1
triposr,8,automated,aesthetics,2
triposr,8,automated,text_3d_alignment,3
triposr,80,automated,geometric_consistency,4
triposr,80,automated,structural_consistency,2
triposr,80,automated,semantic_consistency,1
triposr,80,automated,aesthetics,2
triposr,80,automated,text_3d_alignment,3
triposr,81,automated,geometric_consistency,4
triposr,81,automated,structural_consistency,2
triposr,81,automated,semantic_consistency,1
triposr,81,automated,aesthetics,3
triposr,81,automated,text_3d_alignment,3
triposr,82,automated,geometric_consistency,5
triposr,82,automated,structural_consistency,2
triposr,82,automated,semantic_consistency,1
triposr,82,automated,aesthetics,2
triposr,82,automated,text_3d_alignment,3
triposr,83,automated,geometric_consistency,7
triposr,83,automated,structural_consistency,3
triposr,83,automated,semantic_consistency,1
triposr,83,automated,aesthetics,2
triposr,83,automated,text_3d_alignment,3
triposr,84,automated,geometric_consistency,4
triposr,84,automated,structural_consistency,2
triposr,84,automated,semantic_consistency,1
triposr,84,automated,aesthetics,2
triposr,84,automated,text_3d_alignment,3
triposr,85,automated,geometric_consistency,6
triposr,85,automated,structural_consistency,2
triposr,85,automated,semantic_consistency,1
triposr,85,automated,aesthetics,2
triposr,85,automated,text_3d_alignment,3
triposr,86,automated,geometric_consistency,5
triposr,86,automated,structural_consistency,3
triposr,86,automated,semantic_consistency,1
triposr,86,automated,aesthetics,2
triposr,86,automated,text_3d_alignment,3
triposr,87,automated,geometric_consistency,4
triposr,87,automated,structural_consistency,2
triposr,87,automated,semantic_consistency,1
triposr,87,automated,aesthetics,2
triposr,87,automated,text_3d_alignment,3
triposr,88,automated,geometric_consistency,4
triposr,88,automated,structural_consistency,2
triposr,88,automated,semantic_consistency,1
triposr,88,automated,aesthetics,2
triposr,88,automated,text_3d_alignment,3
triposr,89,automated,geometric_consistency,3
triposr,89,automated,structural_consistency,2
triposr,89,automated,semantic_consistency,1
triposr,89,automated,aesthetics,1
triposr,89,automated,text_3d_alignment,2
triposr,9,automated,geometric_consistency,4
triposr,9,automated,structural_consistency,2
triposr,9,automated,semantic_consistency,1
triposr,9,automated,aesthetics,2
triposr,9,automated,text_3d_alignment,3
triposr,90,automated,geometric_consistency,4
triposr,90,automated,structural_consistency,2
triposr,90,automated,semantic_consistency,1
triposr,90,automated,aesthetics,2
triposr,90,automated,text_3d_alignment,3
triposr,91,automated,geometric_consistency,4
triposr,91,automated,structural_consistency,2
triposr,91,automated,semantic_consistency,1
triposr,91,automated,aesthetics,2
triposr,91,automated,text_3d_alignment,3
triposr,92,automated,geometric_consistency,4
triposr,92,automated,structural_consistency,2
triposr,92,automated,semantic_consistency,1
triposr,92,automated,aesthetics,2
triposr,92,automated,text_3d_alignment,3
triposr,93,automated,geometric_consistency,6
triposr,93,automated,structural_consistency,2
triposr,93,automated,semantic_consistency,1
triposr,93,automated,aesthetics,2
triposr,93,automated,text_3d_alignment,3
triposr,94,automated,geometric_consistency,5
triposr,94,automated,structural_consistency,3
triposr,94,automated,semantic_consistency,1
triposr,94,automated,aesthetics,2
triposr,94,automated,text_3d_alignment,3
triposr,95,automated,geometric_consistency,4
triposr,95,automated,structural_consistency,2
triposr,95,automated,semantic_consistency,1
triposr,95,automated,aesthetics,2
triposr,95,automated,text_3d_alignment,3
triposr,96,automated,geometric_consistency,6
triposr,96,automated,structural_consistency,2
triposr,96,automated,semantic_consistency,1
triposr,96,automated,aesthetics,2
triposr,96,automated,text_3d_alignment,3
triposr,97,automated,geometric_consistency,4
triposr,97,automated,structural_consistency,3
triposr,97,automated,semantic_consistency,1
triposr,97,automated,aesthetics,2
triposr,97,automated,text_3d_alignment,3
triposr,98,automated,geometric_consistency,6
triposr,98,automated,structural_consistency,2
triposr,98,automated,semantic_consistency,1
triposr,98,automated,aesthetics,2
triposr,98,automated,text_3d_alignment,3
triposr,99,automated,geometric_consistency,5
triposr,99,automated,structural_consistency,2
triposr,99,automated,semantic_consistency,1
triposr,99,automated,aesthetics,2
triposr,99,automated,text_3d_alignment,3
hunyuan,0,automated,geometric_consistency,7
hunyuan,0,automated,structural_consistency,3
hunyuan,0,automated,semantic_consistency,1
hunyuan,0,automated,aesthetics,2
hunyuan,0,automated,text_3d_alignment,3
hunyuan,1,automated,geometric_consistency,6
hunyuan,1,automated,structural_consistency,3
hunyuan,1,automated,semantic_consistency,1
hunyuan,1,automated,aesthetics,3
hunyuan,1,automated,text_3d_alignment,3
hunyuan,10,automated,geometric_consistency,6
hunyuan,10,automated,structural_consistency,3
hunyuan,10,automated,semantic_consistency,1
hunyuan,10,automated,aesthetics,3
hunyuan,10,automated,text_3d_alignment,4
hunyuan,11,automated,geometric_consistency,6
hunyuan,11,automated,structural_consistency,2
hunyuan,11,automated,semantic_consistency,1
hunyuan,11,automated,aesthetics,2
hunyuan,11,automated,text_3d_alignment,3
hunyuan,12,automated,geometric_consistency,6
hunyuan,12,automated,structural_consistency,3
hunyuan,12,automated,semantic_consistency,1
hunyuan,12,automated,aesthetics,3
hunyuan,12,automated,text_3d_alignment,4
hunyuan,13,automated,geometric_consistency,5
hunyuan,13,automated,structural_consistency,2
hunyuan,13,automated,semantic_consistency,1
hunyuan,13,automated,aesthetics,3
hunyuan,13,automated,text_3d_alignment,3
hunyuan,14,automated,geometric_consistency,5
hunyuan,14,automated,structural_consistency,3
hunyuan,14,automated,semantic_consistency,1
hunyuan,14,automated,aesthetics,3
hunyuan,14,automated,text_3d_alignment,3
hunyuan,15,automated,geometric_consistency,5
hunyuan,15,automated,structural_consistency,3
hunyuan,15,automated,semantic_consistency,1
hunyuan,15,automated,aesthetics,3
hunyuan,15,automated,text_3d_alignment,3
hunyuan,16,automated,geometric_consistency,5
hunyuan,16,automated,structural_consistency,3
hunyuan,16,automated,semantic_consistency,1
hunyuan,16,automated,aesthetics,3
hunyuan,16,automated,text_3d_alignment,3
hunyuan,17,automated,geometric_consistency,6
hunyuan,17,automated,structural_consistency,2
hunyuan,17,automated,semantic_consistency,1
hunyuan,17,automated,aesthetics,3
hunyuan,17,automated,text_3d_alignment,3
hunyuan,18,automated,geometric_consistency,5
hunyuan,18,automated,structural_consistency,3
hunyuan,18,automated,semantic_consistency,1
hunyuan,18,automated,aesthetics,3
hunyuan,18,automated,text_3d_alignment,3
hunyuan,19,automated,geometric_consistency,4
hunyuan,19,automated,structural_consistency,2
hunyuan,19,automated,semantic_consistency,1
hunyuan,19,automated,aesthetics,3
hunyuan,19,automated,text_3d_alignment,3
hunyuan,2,automated,geometric_consistency,6
hunyuan,2,automated,structural_consistency,3
hunyuan,2,automated,semantic_consistency,1
hunyuan,2,automated,aesthetics,3
hunyuan,2,automated,text_3d_alignment,3
hunyuan,20,automated,geometric_consistency,6
hunyuan,20,automated,structural_consistency,2
hunyuan,20,automated,semantic_consistency,1
hunyuan,20,automated,aesthetics,2
hunyuan,20,automated,text_3d_alignment,3
hunyuan,21,automated,geometric_consistency,6
hunyuan,21,automated,structural_consistency,2
hunyuan,21,automated,semantic_consistency,1
hunyuan,21,automated,aesthetics,2
hunyuan,21,automated,text_3d_alignment,3
hunyuan,22,automated,geometric_consistency,6
hunyuan,22,automated,structural_consistency,3
hunyuan,22,automated,semantic_consistency,1
hunyuan,22,automated,aesthetics,3
hunyuan,22,automated,text_3d_alignment,4
hunyuan,23,automated,geometric_consistency,5
hunyuan,23,automated,structural_consistency,2
hunyuan,23,automated,semantic_consistency,1
hunyuan,23,automated,aesthetics,2
hunyuan,23,automated,text_3d_alignment,3
hunyuan,24,automated,geometric_consistency,4
hunyuan,24,automated,structural_consistency,2
hunyuan,24,automated,semantic_consistency,1
hunyuan,24,automated,aesthetics,2
hunyuan,24,automated,text_3d_alignment,3
hunyuan,25,automated,geometric_consistency,6
hunyuan,25,automated,structural_consistency,3
hunyuan,25,automated,semantic_consistency,1
hunyuan,25,automated,aesthetics,3
hunyuan,25,automated,text_3d_alignment,3
hunyuan,26,automated,geometric_consistency,6
hunyuan,26,automated,structural_consistency,2
hunyuan,26,automated,semantic_consistency,1
hunyuan,26,automated,aesthetics,2
hunyuan,26,automated,text_3d_alignment,3
hunyuan,27,automated,geometric_consistency,6
hunyuan,27,automated,structural_consistency,3
hunyuan,27,automated,semantic_consistency,1
hunyuan,27,automated,aesthetics,3
hunyuan,27,automated,text_3d_alignment,4
hunyuan,28,automated,geometric_consistency,6
hunyuan,28,automated,structural_consistency,2
hunyuan,28,automated,semantic_consistency,1
hunyuan,28,automated,aesthetics,2
hunyuan,28,automated,text_3d_alignment,3
hunyuan,29,automated,geometric_consistency,6
hunyuan,29,automated,structural_consistency,2
hunyuan,29,automated,semantic_consistency,1
hunyuan,29,automated,aesthetics,2
hunyuan,29,automated,text_3d_alignment,3
hunyuan,3,automated,geometric_consistency,6
hunyuan,3,automated,structural_consistency,2
hunyuan,3,automated,semantic_consistency,1
hunyuan,3,automated,aesthetics,2
hunyuan,3,automated,text_3d_alignment,3
hunyuan,30,automated,geometric_consistency,5
hunyuan,30,automated,structural_consistency,2
hunyuan,30,automated,semantic_consistency,1
hunyuan,30,automated,aesthetics,3
hunyuan,30,automated,text_3d_alignment,4
hunyuan,31,automated,geometric_consistency,6
hunyuan,31,automated,structural_consistency,2
hunyuan,31,automated,semantic_consistency,1
hunyuan,31,automated,aesthetics,2
hunyuan,31,automated,text_3d_alignment,3
hunyuan,32,automated,geometric_consistency,7
hunyuan,32,automated,structural_consistency,3
hunyuan,32,automated,semantic_consistency,1
hunyuan,32,automated,aesthetics,3
hunyuan,32,automated,text_3d_alignment,3
hunyuan,33,automated,geometric_consistency,6
hunyuan,33,automated,structural_consistency,3
hunyuan,33,automated,semantic_consistency,1
hunyuan,33,automated,aesthetics,3
hunyuan,33,automated,text_3d_alignment,3
hunyuan,34,automated,geometric_consistency,4
hunyuan,34,automated,structural_consistency,2
hunyuan,34,automated,semantic_consistency,1
hunyuan,34,automated,aesthetics,2
hunyuan,34,automated,text_3d_alignment,2
hunyuan,35,automated,geometric_consistency,6
hunyuan,35,automated,structural_consistency,2
hunyuan,35,automated,semantic_consistency,1
hunyuan,35,automated,aesthetics,2
hunyuan,35,automated,text_3d_alignment,3
hunyuan,36,automated,geometric_consistency,7
hunyuan,36,automated,structural_consistency,3
hunyuan,36,automated,semantic_consistency,1
hunyuan,36,automated,aesthetics,3
hunyuan,36,automated,text_3d_alignment,3
hunyuan,37,automated,geometric_consistency,6
hunyuan,37,automated,structural_consistency,3
hunyuan,37,automated,semantic_consistency,1
hunyuan,37,automated,aesthetics,3
hunyuan,37,automated,text_3d_alignment,4
hunyuan,38,automated,geometric_consistency,6
hunyuan,38,automated,structural_consistency,2
hunyuan,38,automated,semantic_consistency,1
hunyuan,38,automated,aesthetics,2
hunyuan,38,automated,text_3d_alignment,3
hunyuan,39,automated,geometric_consistency,6
hunyuan,39,automated,structural_consistency,3
hunyuan,39,automated,semantic_consistency,1
hunyuan,39,automated,aesthetics,3
hunyuan,39,automated,text_3d_alignment,3
hunyuan,4,automated,geometric_consistency,6
hunyuan,4,automated,structural_consistency,3
hunyuan,4,automated,semantic_consistency,1
hunyuan,4,automated,aesthetics,3
hunyuan,4,automated,text_3d_alignment,4
hunyuan,40,automated,geometric_consistency,7
hunyuan,40,automated,structural_consistency,3
hunyuan,40,automated,semantic_consistency,1
hunyuan,40,automated,aesthetics,3
hunyuan,40,automated,text_3d_alignment,4
hunyuan,41,automated,geometric_consistency,6
hunyuan,41,automated,structural_consistency,3
hunyuan,41,automated,semantic_consistency,1
hunyuan,41,automated,aesthetics,3
hunyuan,41,automated,text_3d_alignment,3
hunyuan,42,automated,geometric_consistency,6
hunyuan,42,automated,structural_consistency,2
hunyuan,42,automated,semantic_consistency,1
hunyuan,42,automated,aesthetics,2
hunyuan,42,automated,text_3d_alignment,3
hunyuan,43,automated,geometric_consistency,5
hunyuan,43,automated,structural_consistency,2
hunyuan,43,automated,semantic_consistency,1
hunyuan,43,automated,aesthetics,2
hunyuan,43,automated,text_3d_alignment,3
hunyuan,44,automated,geometric_consistency,6
hunyuan,44,automated,structural_consistency,3
hunyuan,44,automated,semantic_consistency,1
hunyuan,44,automated,aesthetics,3
hunyuan,44,automated,text_3d_alignment,3
hunyuan,45,automated,geometric_consistency,6
hunyuan,45,automated,structural_consistency,3
hunyuan,45,automated,semantic_consistency,1
hunyuan,45,automated,aesthetics,3
hunyuan,45,automated,text_3d_alignment,3
hunyuan,46,automated,geometric_consistency,6
hunyuan,46,automated,structural_consistency,2
hunyuan,46,automated,semantic_consistency,1
hunyuan,46,automated,aesthetics,2
hunyuan,46,automated,text_3d_alignment,3
hunyuan,47,automated,geometric_consistency,6
hunyuan,47,automated,structural_consistency,2
hunyuan,47,automated,semantic_consistency,1
hunyuan,47,automated,aesthetics,2
hunyuan,47,automated,text_3d_alignment,3
hunyuan,48,automated,geometric_consistency,6
hunyuan,48,automated,structural_consistency,3
hunyuan,48,automated,semantic_consistency,1
hunyuan,48,automated,aesthetics,3
hunyuan,48,automated,text_3d_alignment,4
hunyuan,49,automated,geometric_consistency,6
hunyuan,49,automated,structural_consistency,3
hunyuan,49,automated,semantic_consistency,1
hunyuan,49,automated,aesthetics,3
hunyuan,49,automated,text_3d_alignment,3
hunyuan,5,automated,geometric_consistency,4
hunyuan,5,automated,structural_consistency,2
hunyuan,5,automated,semantic_consistency,1
hunyuan,5,automated,aesthetics,2
hunyuan,5,automated,text_3d_alignment,3
hunyuan,50,automated,geometric_consistency,6
hunyuan,50,automated,structural_consistency,3
hunyuan,50,automated,semantic_consistency,1
hunyuan,50,automated,aesthetics,3
hunyuan,50,automated,text_3d_alignment,3
hunyuan,51,automated,geometric_consistency,5
hunyuan,51,automated,structural_consistency,2
hunyuan,51,automated,semantic_consistency,1
hunyuan,51,automated,aesthetics,3
hunyuan,51,automated,text_3d_alignment,3
hunyuan,52,automated,geometric_consistency,6
hunyuan,52,automated,structural_consistency,3
hunyuan,52,automated,semantic_consistency,1
hunyuan,52,automated,aesthetics,3
hunyuan,52,automated,text_3d_alignment,3
hunyuan,53,automated,geometric_consistency,6
hunyuan,53,automated,structural_consistency,3
hunyuan,53,automated,semantic_consistency,1
hunyuan,53,automated,aesthetics,3
hunyuan,53,automated,text_3d_alignment,3
hunyuan,54,automated,geometric_consistency,6
hunyuan,54,automated,structural_consistency,2
hunyuan,54,automated,semantic_consistency,1
hunyuan,54,automated,aesthetics,2
hunyuan,54,automated,text_3d_alignment,3
hunyuan,55,automated,geometric_consistency,5
hunyuan,55,automated,structural_consistency,3
hunyuan,55,automated,semantic_consistency,1
hunyuan,55,automated,aesthetics,3
hunyuan,55,automated,text_3d_alignment,3
hunyuan,56,automated,geometric_consistency,6
hunyuan,56,automated,structural_consistency,2
hunyuan,56,automated,semantic_consistency,1
hunyuan,56,automated,aesthetics,2
hunyuan,56,automated,text_3d_alignment,3
hunyuan,57,automated,geometric_consistency,4
hunyuan,57,automated,structural_consistency,2
hunyuan,57,automated,semantic_consistency,1
hunyuan,57,automated,aesthetics,3
hunyuan,57,automated,text_3d_alignment,3
hunyuan,58,automated,geometric_consistency,4
hunyuan,58,automated,structural_consistency,2
hunyuan,58,automated,semantic_consistency,1
hunyuan,58,automated,aesthetics,2
hunyuan,58,automated,text_3d_alignment,3
hunyuan,59,automated,geometric_consistency,6
hunyuan,59,automated,structural_consistency,3
hunyuan,59,automated,semantic_consistency,1
hunyuan,59,automated,aesthetics,3
hunyuan,59,automated,text_3d_alignment,4
hunyuan,6,automated,geometric_consistency,5
hunyuan,6,automated,structural_consistency,2
hunyuan,6,automated,semantic_consistency,1
hunyuan,6,automated,aesthetics,3
hunyuan,6,automated,text_3d_alignment,3
hunyuan,60,automated,geometric_consistency,4
hunyuan,60,automated,structural_consistency,2
hunyuan,60,automated,semantic_consistency,1
hunyuan,60,automated,aesthetics,2
hunyuan,60,automated,text_3d_alignment,3
hunyuan,61,automated,geometric_consistency,6
hunyuan,61,automated,structural_consistency,2
hunyuan,61,automated,semantic_consistency,1
hunyuan,61,automated,aesthetics,2
hunyuan,61,automated,text_3d_alignment,3
hunyuan,62,automated,geometric_consistency,6
hunyuan,62,automated,structural_consistency,3
hunyuan,62,automated,semantic_consistency,1
hunyuan,62,automated,aesthetics,3
hunyuan,62,automated,text_3d_alignment,3
hunyuan,63,automated,geometric_consistency,6
hunyuan,63,automated,structural_consistency,3
hunyuan,63,automated,semantic_consistency,1
hunyuan,63,automated,aesthetics,3
hunyuan,63,automated,text_3d_alignment,4
hunyuan,64,automated,geometric_consistency,4
hunyuan,64,automated,structural_consistency,2
hunyuan,64,automated,semantic_consistency,1
hunyuan,64,automated,aesthetics,2
hunyuan,64,automated,text_3d_alignment,3
hunyuan,65,automated,geometric_consistency,6
hunyuan,65,automated,structural_consistency,2
hunyuan,65,automated,semantic_consistency,1
hunyuan,65,automated,aesthetics,2
hunyuan,65,automated,text_3d_alignment,3
hunyuan,66,automated,geometric_consistency,6
hunyuan,66,automated,structural_consistency,3
hunyuan,66,automated,semantic_consistency,1
hunyuan,66,automated,aesthetics,3
hunyuan,66,automated,text_3d_alignment,4
hunyuan,67,automated,geometric_consistency,6
hunyuan,67,automated,structural_consistency,3
hunyuan,67,automated,semantic_consistency,1
hunyuan,67,automated,aesthetics,3
hunyuan,67,automated,text_3d_alignment,4
hunyuan,68,automated,geometric_consistency,6
hunyuan,68,automated,structural_consistency,3
hunyuan,68,automated,semantic_consistency,1
hunyuan,68,automated,aesthetics,3
hunyuan,68,automated,text_3d_alignment,3
hunyuan,69,automated,geometric_consistency,6
hunyuan,69,automated,structural_consistency,3
hunyuan,69,automated,semantic_consistency,1
hunyuan,69,automated,aesthetics,3
hunyuan,69,automated,text_3d_alignment,4
hunyuan,7,automated,geometric_consistency,5
hunyuan,7,automated,structural_consistency,2
hunyuan,7,automated,semantic_consistency,1
hunyuan,7,automated,aesthetics,2
hunyuan,7,automated,text_3d_alignment,3
hunyuan,70,automated,geometric_consistency,6
hunyuan,70,automated,structural_consistency,3
hunyuan,70,automated,semantic_consistency,1
hunyuan,70,automated,aesthetics,3
hunyuan,70,automated,text_3d_alignment,3
hunyuan,71,automated,geometric_consistency,6
hunyuan,71,automated,structural_consistency,3
hunyuan,71,automated,semantic_consistency,1
hunyuan,71,automated,aesthetics,3
hunyuan,71,automated,text_3d_alignment,3
hunyuan,72,automated,geometric_consistency,6
hunyuan,72,automated,structural_consistency,3
hunyuan,72,automated,semantic_consistency,1
hunyuan,72,automated,aesthetics,3
hunyuan,72,automated,text_3d_alignment,3
hunyuan,73,automated,geometric_consistency,3
hunyuan,73,automated,structural_consistency,2
hunyuan,73,automated,semantic_consistency,1
hunyuan,73,automated,aesthetics,2
hunyuan,73,automated,text_3d_alignment,2
hunyuan,74,automated,geometric_consistency,5
hunyuan,74,automated,structural_consistency,2
hunyuan,74,automated,semantic_consistency,1
hunyuan,74,automated,aesthetics,2
hunyuan,74,automated,text_3d_alignment,2
hunyuan,75,automated,geometric_consistency,6
hunyuan,75,automated,structural_consistency,3
hunyuan,75,automated,semantic_consistency,1
hunyuan,75,automated,aesthetics,3
hunyuan,75,automated,text_3d_alignment,3
hunyuan,76,automated,geometric_consistency,6
hunyuan,76,automated,structural_consistency,3
hunyuan,76,automated,semantic_consistency,1
hunyuan,76,automated,aesthetics,3
hunyuan,76,automated,text_3d_alignment,4
hunyuan,77,automated,geometric_consistency,6
hunyuan,77,automated,structural_consistency,3
hunyuan,77,automated,semantic_consistency,1
hunyuan,77,automated,aesthetics,3
hunyuan,77,automated,text_3d_alignment,3
hunyuan,78,automated,geometric_consistency,7
hunyuan,78,automated,structural_consistency,2
hunyuan,78,automated,semantic_consistency,1
hunyuan,78,automated,aesthetics,2
hunyuan,78,automated,text_3d_alignment,3
hunyuan,79,automated,geometric_consistency,6
hunyuan,79,automated,structural_consistency,3
hunyuan,79,automated,semantic_consistency,1
hunyuan,79,automated,aesthetics,3
hunyuan,79,automated,text_3d_alignment,4
hunyuan,8,automated,geometric_consistency,6
hunyuan,8,automated,structural_consistency,3
hunyuan,8,automated,semantic_consistency,1
hunyuan,8,automated,aesthetics,2
hunyuan,8,automated,text_3d_alignment,3
hunyuan,80,automated,geometric_consistency,6
hunyuan,80,automated,structural_consistency,3
hunyuan,80,automated,semantic_consistency,1
hunyuan,80,automated,aesthetics,3
hunyuan,80,automated,text_3d_alignment,3
hunyuan,81,automated,geometric_consistency,4
hunyuan,81,automated,structural_consistency,2
hunyuan,81,automated,semantic_consistency,1
hunyuan,81,automated,aesthetics,2
hunyuan,81,automated,text_3d_alignment,2
hunyuan,82,automated,geometric_consistency,6
hunyuan,82,automated,structural_consistency,3
hunyuan,82,automated,semantic_consistency,1
hunyuan,82,automated,aesthetics,3
hunyuan,82,automated,text_3d_alignment,3
hunyuan,83,automated,geometric_consistency,6
hunyuan,83,automated,structural_consistency,3
hunyuan,83,automated,semantic_consistency,1
hunyuan,83,automated,aesthetics,3
hunyuan,83,automated,text_3d_alignment,3
hunyuan,84,automated,geometric_consistency,5
hunyuan,84,automated,structural_consistency,3
hunyuan,84,automated,semantic_consistency,1
hunyuan,84,automated,aesthetics,3
hunyuan,84,automated,text_3d_alignment,3
hunyuan,85,automated,geometric_consistency,6
hunyuan,85,automated,structural_consistency,3
hunyuan,85,automated,semantic_consistency,1
hunyuan,85,automated,aesthetics,3
hunyuan,85,automated,text_3d_alignment,4
hunyuan,86,automated,geometric_consistency,6
hunyuan,86,automated,structural_consistency,3
hunyuan,86,automated,semantic_consistency,1
hunyuan,86,automated,aesthetics,2
hunyuan,86,automated,text_3d_alignment,2
hunyuan,87,automated,geometric_consistency,6
hunyuan,87,automated,structural_consistency,2
hunyuan,87,automated,semantic_consistency,1
hunyuan,87,automated,aesthetics,2
hunyuan,87,automated,text_3d_alignment,3
hunyuan,88,automated,geometric_consistency,5
hunyuan,88,automated,structural_consistency,3
hunyuan,88,automated,semantic_consistency,1
hunyuan,88,automated,aesthetics,2
hunyuan,88,automated,text_3d_alignment,3
hunyuan,89,automated,geometric_consistency,5
hunyuan,89,automated,structural_consistency,2
hunyuan,89,automated,semantic_consistency,1
hunyuan,89,automated,aesthetics,2
hunyuan,89,automated,text_3d_alignment,3
hunyuan,9,automated,geometric_consistency,5
hunyuan,9,automated,structural_consistency,2
hunyuan,9,automated,semantic_consistency,1
hunyuan,9,automated,aesthetics,2
hunyuan,9,automated,text_3d_alignment,3
hunyuan,90,automated,geometric_consistency,5
hunyuan,90,automated,structural_consistency,2
hunyuan,90,automated,semantic_consistency,1
hunyuan,90,automated,aesthetics,3
hunyuan,90,automated,text_3d_alignment,3
hunyuan,91,automated,geometric_consistency,6
hunyuan,91,automated,structural_consistency,2
hunyuan,91,automated,semantic_consistency,1
hunyuan,91,automated,aesthetics,2
hunyuan,91,automated,text_3d_alignment,3
hunyuan,92,automated,geometric_consistency,6
hunyuan,92,automated,structural_consistency,3
hunyuan,92,automated,semantic_consistency,1
hunyuan,92,automated,aesthetics,2
hunyuan,92,automated,text_3d_alignment,3
hunyuan,93,automated,geometric_consistency,6
hunyuan,93,automated,structural_consistency,2
hunyuan,93,automated,semantic_consistency,1
hunyuan,93,automated,aesthetics,3
hunyuan,93,automated,text_3d_alignment,3
hunyuan,94,automated,geometric_consistency,5
hunyuan,94,automated,structural_consistency,2
hunyuan,94,automated,semantic_consistency,1
hunyuan,94,automated,aesthetics,2
hunyuan,94,automated,text_3d_alignment,3
hunyuan,95,automated,geometric_consistency,4
hunyuan,95,automated,structural_consistency,2
hunyuan,95,automated,semantic_consistency,1
hunyuan,95,automated,aesthetics,2
hunyuan,95,automated,text_3d_alignment,3
hunyuan,96,automated,geometric_consistency,6
hunyuan,96,automated,structural_consistency,3
hunyuan,96,automated,semantic_consistency,1
hunyuan,96,automated,aesthetics,3
hunyuan,96,automated,text_3d_alignment,4
hunyuan,97,automated,geometric_consistency,4
hunyuan,97,automated,structural_consistency,2
hunyuan,97,automated,semantic_consistency,1
hunyuan,97,automated,aesthetics,2
hunyuan,97,automated,text_3d_alignment,3
hunyuan,98,automated,geometric_consistency,6
hunyuan,98,automated,structural_consistency,3
hunyuan,98,automated,semantic_consistency,1
hunyuan,98,automated,aesthetics,3
hunyuan,98,automated,text_3d_alignment,3
hunyuan,99,automated,geometric_consistency,6
hunyuan,99,automated,structural_consistency,3
hunyuan,99,automated,semantic_consistency,1
hunyuan,99,automated,aesthetics,3
hunyuan,99,automated,text_3d_alignment,3
