model,prompt_id,geometric_consistency,structural_consistency,semantic_consistency,aesthetics,text_3d_alignment,mat_detail,mat_color,mat_consistency,mat_plausibility
triposr,432,7.36,3.0,1.0,2.5,3.75,2.8,2.5999999999999996,2.8,2.8
triposr,330,4.0,1.8,0.8,1.8,2.496,1.2000000000000002,2.0,2.0,1.4
hunyuan,140,4.386666666666668,2.7733333333333334,1.0,2.0,3.0,2.4,3.8000000000000003,2.8,2.5999999999999996
hunyuan,317,4.0,2.0,1.0,3.0,2.8533333333333335,2.0,3.2,2.8,2.2
hunyuan,456,4.48,2.4733333333333336,1.0,2.0,2.8266666666666667,2.0,2.0,2.8,2.4
spard,176,5.0,2.4525,1.0,2.4525,3.25,1.7999999999999998,2.5999999999999996,2.0,1.7999999999999998
triposr,355,5.564000000000001,2.7820000000000005,1.0,2.568,3.6,2.5999999999999996,3.1999999999999997,3.1999999999999997,3.1999999999999997
hunyuan,243,6.0,2.6933333333333334,1.0,2.6933333333333334,3.6666666666666665,2.8,3.8000000000000003,2.9999999999999996,3.6
spard,35,5.0,2.0,1.0,2.3850000000000002,3.5,2.8,3.6,3.2,3.4
hunyuan,188,6.0,2.7466666666666666,1.0,2.4033333333333338,3.3333333333333335,2.5999999999999996,3.1999999999999997,2.8,2.8
hunyuan,395,6.0,2.3333333333333335,1.0,3.0,3.6666666666666665,1.5999999999999999,2.0,3.4,2.4
triposr,306,4.752,2.3980000000000006,1.0,2.616,3.4,2.9999999999999996,3.6,2.9999999999999996,2.9999999999999996
hunyuan,411,6.333333333333333,3.0,1.0,2.6666666666666665,3.6666666666666665,2.9999999999999996,3.6,3.6,3.4
hunyuan,437,7.253333333333334,2.88,1.0,2.88,3.3333333333333335,2.5999999999999996,3.4,3.8000000000000003,3.1999999999999997
hunyuan,353,6.666666666666667,3.0,1.0,3.3333333333333335,4.0,2.8,3.8000000000000003,2.9999999999999996,2.8
triposr,317,3.4860000000000007,2.0,0.8,2.2660000000000005,2.884,1.7999999999999998,2.2,1.7999999999999998,1.7999999999999998
spard,149,5.0,2.3175,1.0,2.8325,3.5,2.0,2.2,2.0,2.0
hunyuan,211,7.083333333333334,2.45,1.0,2.45,3.3333333333333335,2.5999999999999996,3.8,3.8,2.8
crm,208,4.368,2.424,1.0,2.424,3.8,1.8,2.4,2.0,2.0
spard,505,7.095000000000001,2.0,1.0,1.75,3.75,1.2000000000000002,2.2,3.1999999999999997,3.4
hunyuan,278,3.0,1.6666666666666667,1.0,1.6666666666666667,1.3333333333333333,1.2000000000000002,2.4000000000000004,2.4,2.0
triposr,85,6.776,2.424,1.0,2.6260000000000003,3.8,2.8,3.0,3.6,3.4
triposr,495,6.0,3.0,1.0,2.968,3.6,2.5999999999999996,2.5999999999999996,2.5999999999999996,2.5999999999999996
hunyuan,233,5.0,2.496666666666667,0.6666666666666666,2.496666666666667,3.0,2.0,2.0,2.0,2.0
crm,3,6.642,2.6780000000000004,1.0,2.6780000000000004,3.2,2.2,2.2,2.9999999999999996,2.8
spard,246,6.3,2.5,1.0,2.75,3.5,2.0,2.2,2.0,2.0
hunyuan,170,6.0,2.6933333333333334,1.0,2.6933333333333334,3.6666666666666665,2.5999999999999996,3.0,3.8000000000000003,3.0
spard,333,7.0725,2.5,1.0,2.5,3.75,2.8,2.9999999999999996,2.9999999999999996,2.9999999999999996
triposr,238,6.0,2.996,1.0,2.3540000000000005,3.4,2.5999999999999996,2.5999999999999996,3.4,3.1999999999999997
hunyuan,396,7.083333333333334,2.45,1.0,2.8,3.3333333333333335,2.5999999999999996,3.4,2.5999999999999996,2.5999999999999996
hunyuan,458,6.333333333333333,3.3333333333333335,0.6666666666666666,2.496666666666667,3.3333333333333335,2.5999999999999996,2.0,2.4,2.8
spard,465,6.82,2.8600000000000003,1.0,2.8600000000000003,4.0,3.0,3.3999999999999995,3.2,3.0
hunyuan,282,5.0,2.5200000000000005,1.0,2.5200000000000005,3.0,2.8,3.0,3.0,3.0
hunyuan,505,6.970000000000001,2.4033333333333338,1.0,2.0,3.3333333333333335,1.7999999999999998,2.5999999999999996,3.6,2.9999999999999996
triposr,253,6.3,3.0,1.0,2.75,3.5,2.8,3.1999999999999997,3.1999999999999997,2.9999999999999996
triposr,157,5.0,2.0,1.0,2.6260000000000003,3.4,2.0,3.6,3.1999999999999997,3.1999999999999997
hunyuan,148,7.196666666666667,2.8533333333333335,1.0,3.0,3.6666666666666665,2.8,4.0,2.8,3.1999999999999997
triposr,248,4.37,2.295,1.0,2.295,3.5,2.8,3.0,2.8,2.5999999999999996
crm,97,4.0,1.6,0.6,2.996,3.2,2.2,2.4000000000000004,2.4000000000000004,2.2
triposr,503,5.356000000000001,2.6780000000000004,1.0,2.2660000000000005,3.6,2.5999999999999996,2.5999999999999996,3.1999999999999997,2.5999999999999996
crm,118,3.6,1.8,0.8,2.0,2.8340000000000005,2.0,2.8,1.7999999999999998,2.4
triposr,393,6.888,2.6780000000000004,1.0,2.6780000000000004,3.6,2.5999999999999996,3.0,3.2,3.0
spard,95,4.5125,1.75,1.0,2.0,2.5,2.2,2.4000000000000004,2.5999999999999996,2.5999999999999996
triposr,116,6.7725,2.4525,1.0,2.4525,3.75,2.0,2.5999999999999996,2.0,2.0
spard,380,5.0,2.5,1.0,2.915,3.0,2.0,2.5999999999999996,2.0,2.5999999999999996
triposr,386,5.0,2.4075,1.0,2.4075,3.5,2.8,2.8,3.0,2.8
spard,341,6.4575,2.3175,1.0,2.3175,4.0,2.0,2.0,2.8,2.8
spard,162,4.0,2.0,0.6666666666666666,2.496666666666667,3.0,2.5999999999999996,3.4,2.9999999999999996,2.5999999999999996
triposr,29,5.0,2.6,1.0,2.6,3.4,2.5999999999999996,3.6,2.5999999999999996,2.5999999999999996
hunyuan,166,6.8566666666666665,2.0,1.0,3.0,3.6666666666666665,2.5999999999999996,3.5999999999999996,3.6,2.9999999999999996
hunyuan,253,6.333333333333333,3.3333333333333335,1.0,3.3333333333333335,3.6666666666666665,2.5999999999999996,2.8,3.8000000000000003,2.8
spard,484,6.3,1.75,1.0,2.25,3.5,2.0,2.4000000000000004,3.8000000000000003,3.0
triposr,342,6.588,3.0,1.0,1.8,3.4,3.8,2.4000000000000004,3.8,3.5999999999999996
spard,97,4.0,1.75,1.0,2.25,2.75,2.0,2.2,2.0,1.7999999999999998
crm,44,6.804,2.7560000000000002,0.8,1.8,3.2,2.5999999999999996,3.1999999999999997,3.0,3.0
crm,99,3.8,2.244,0.6,2.244,2.448,2.0,2.0,2.0,2.0
hunyuan,443,6.666666666666667,2.496666666666667,1.0,2.8533333333333335,3.6666666666666665,2.4,2.8,2.8,2.5999999999999996
crm,198,6.588,2.652,1.0,2.448,3.6,2.5999999999999996,3.1999999999999997,2.4,2.4
spard,165,6.93,2.5,1.0,2.915,3.75,2.5999999999999996,3.6,3.0,3.6
hunyuan,265,6.970000000000001,3.3333333333333335,1.0,3.0,3.3333333333333335,3.8000000000000003,4.0,3.6,3.4
hunyuan,495,4.340000000000001,1.6666666666666667,1.0,2.4033333333333338,3.0,3.0,4.0,3.8,2.9999999999999996
triposr,84,4.656,2.568,1.0,2.3540000000000005,3.6,3.0,3.1999999999999997,3.3999999999999995,3.1999999999999997
hunyuan,387,6.0,2.9066666666666667,1.0,3.0,3.6666666666666665,2.2,2.4,2.9999999999999996,2.9999999999999996
crm,106,4.416,2.244,1.0,2.244,3.2,3.0,3.2,3.0,3.0
spard,113,6.615,2.3850000000000002,1.0,2.5,3.75,2.5999999999999996,2.8,2.8,2.5999999999999996
spard,342,6.9575,3.25,1.0,2.5,3.25,1.7999999999999998,2.2,3.6,3.6
spard,244,6.3525,2.5,1.0,2.0,3.25,1.6,2.0,2.0,2.0
spard,435,4.465,1.5,1.0,2.34,3.5,1.7999999999999998,2.0,2.5999999999999996,1.0
triposr,115,5.0,2.52,0.8,2.3100000000000005,3.2,2.8,2.8,2.8,2.8
crm,223,4.4,2.7300000000000004,1.0,2.52,3.0,2.0,1.8,1.7999999999999998,1.7999999999999998
hunyuan,9,6.0,2.496666666666667,1.0,2.496666666666667,3.0,2.5999999999999996,3.6,3.6,3.0
spard,69,6.8999999999999995,2.75,1.0,2.5,3.5,2.4000000000000004,3.2,2.4000000000000004,3.0
triposr,336,4.464,1.8,0.8,2.0,3.0,1.7999999999999998,2.0,3.4,2.5999999999999996
spard,359,6.654999999999999,2.2725,1.0,2.7775,3.5,2.8,3.8000000000000003,3.0,2.5999999999999996
triposr,222,4.324,2.496,1.0,2.496,3.2,2.5999999999999996,2.5999999999999996,2.8,2.5999999999999996
crm,360,6.966000000000001,2.616,1.0,2.3980000000000006,3.6,1.7999999999999998,2.4000000000000004,3.4,3.2
hunyuan,129,7.196666666666667,3.0,1.0,3.3333333333333335,3.3333333333333335,2.8,3.1999999999999997,3.0,2.8
crm,140,3.6,2.0,0.6,2.52,2.52,2.0,2.8,2.2,2.0
hunyuan,208,6.506666666666666,2.3800000000000003,1.0,2.7199999999999998,3.3333333333333335,2.4,3.6,2.9999999999999996,2.8
hunyuan,156,7.140000000000001,2.4733333333333336,1.0,2.4733333333333336,3.3333333333333335,2.5999999999999996,2.5999999999999996,3.6,2.8
triposr,175,5.0,2.0,0.8,2.3980000000000006,3.052,2.0,2.4,2.0,2.0
triposr,478,7.167999999999999,3.024,1.0,3.024,3.4,2.5999999999999996,3.0,2.5999999999999996,3.1999999999999997
triposr,91,5.0,2.7560000000000002,1.0,2.7560000000000002,3.4,2.8,3.0,2.5999999999999996,2.5999999999999996
hunyuan,96,6.666666666666667,3.0,1.0,3.0,4.0,3.0,4.0,2.8,2.8
triposr,79,4.368,2.2220000000000004,1.0,2.6260000000000003,3.4,2.1999999999999997,3.4,2.4,2.4
hunyuan,214,6.0,2.6933333333333334,1.0,3.0,3.3333333333333335,2.8,3.2,3.0,2.4000000000000004
spard,258,6.875,2.3625000000000003,1.0,2.3625000000000003,3.5,2.5999999999999996,2.8,3.4,3.4
crm,272,4.5120000000000005,2.2880000000000003,1.0,2.496,3.6,1.7999999999999998,2.5999999999999996,2.4,2.0
spard,103,6.875,2.5,1.0,2.3625000000000003,3.25,3.6,3.0,4.0,3.0
triposr,108,5.304,2.448,0.6,2.448,3.0,3.1999999999999997,3.4,3.6,3.4
spard,188,4.5,2.0,0.75,2.3850000000000002,3.0,1.0,2.2,1.4,1.4
triposr,69,6.0,3.0,1.0,2.7560000000000002,4.0,2.5999999999999996,2.8,2.5999999999999996,2.5999999999999996
triposr,163,4.4159999999999995,2.544,1.0,2.7560000000000002,3.2,2.0,2.2,2.5999999999999996,2.5999999999999996
spard,296,4.3225,2.2725,1.0,2.5,3.0,2.5999999999999996,3.4,2.5999999999999996,3.1999999999999997
spard,178,5.0,2.4525,1.0,2.4525,3.75,2.0,3.0,2.8,2.5999999999999996
spard,169,6.765,2.5,1.0,3.0,3.75,2.9999999999999996,3.8000000000000003,3.3999999999999995,3.8000000000000003
crm,22,4.4,2.0,0.8,1.6,3.0,2.0,2.0,2.9999999999999996,2.2
triposr,83,7.25,2.94,1.0,2.7300000000000004,3.6,2.8,3.3999999999999995,2.9999999999999996,2.8
crm,147,3.0,1.4,0.6,1.4,1.8,2.0,2.0,2.0,2.0
crm,231,3.6,1.8,0.6,2.3760000000000003,2.8080000000000003,1.8,2.8,2.0,2.0
spard,160,6.9575,2.7775,1.0,2.7775,3.5,2.8,2.8,2.9999999999999996,2.9999999999999996
spard,360,6.72,2.0,1.0,2.0,3.75,2.4000000000000004,2.6,3.0,3.0
hunyuan,89,6.0,2.7466666666666666,1.0,2.7466666666666666,3.3333333333333335,2.0,2.2,2.4,1.7999999999999998
triposr,274,6.912000000000001,2.592,1.0,2.8080000000000003,3.4,2.0,2.0,2.5999999999999996,2.0
spard,276,6.765,2.5,1.0,2.8325,4.0,2.8,3.8000000000000003,3.0,3.0
triposr,378,4.464,2.0,1.0,2.2660000000000005,3.4,2.5999999999999996,2.8,2.8,2.8
spard,297,6.82,2.34,0.5,2.34,2.8600000000000003,1.4,3.0,1.4,1.2000000000000002
hunyuan,13,6.0,2.356666666666667,1.0,3.0,3.6666666666666665,2.0,2.4000000000000004,3.8,3.0
triposr,368,5.356000000000001,2.2660000000000005,1.0,2.472,3.4,2.8,2.8,2.5999999999999996,2.5999999999999996
hunyuan,70,6.666666666666667,3.3333333333333335,1.0,3.3333333333333335,3.6666666666666665,2.8,3.1999999999999997,3.6,2.8
triposr,384,5.0,2.544,1.0,2.968,3.4,1.7999999999999998,2.8,2.5999999999999996,2.8
crm,249,5.0,2.856,0.6,2.448,2.856,2.0,2.2,2.0,2.0
triposr,68,4.186,2.6260000000000003,0.8,2.0,3.0,2.5999999999999996,2.0,2.5999999999999996,2.2
crm,25,4.704,2.8080000000000003,1.0,2.8080000000000003,3.4,2.9999999999999996,2.8,2.8,2.9999999999999996
triposr,484,5.460000000000001,2.3100000000000005,1.0,1.8,3.4,2.0,2.0,3.4,2.8
hunyuan,369,3.6666666666666665,1.6666666666666667,1.0,1.6666666666666667,2.7733333333333334,2.0,2.2,2.5999999999999996,2.5999999999999996
hunyuan,487,6.0,2.0,1.0,3.0,3.3333333333333335,2.0,2.8,4.0,2.9999999999999996
spard,469,6.72,2.97,1.0,2.0,3.25,2.0,2.0,3.6,3.6
triposr,491,5.0,2.3540000000000005,1.0,2.0,3.6,2.8,2.9999999999999996,2.9999999999999996,2.8
spard,68,4.56,1.75,1.0,2.5,3.25,2.0,2.2,2.0,1.8
triposr,339,4.7025,2.4525,1.0,2.5,3.75,2.4,2.5999999999999996,2.0,2.5999999999999996
spard,122,4.7025,2.4525,1.0,2.4525,3.0,2.4,2.8,2.8,2.5999999999999996
hunyuan,38,6.613333333333333,1.6666666666666667,1.0,2.0,3.3333333333333335,1.7999999999999998,2.0,2.8,1.7999999999999998
hunyuan,481,6.8566666666666665,2.6933333333333334,1.0,2.6933333333333334,3.6666666666666665,2.8,3.6,2.8,2.5999999999999996
crm,286,4.232,2.244,1.0,2.244,2.856,1.5999999999999999,2.0,1.7999999999999998,1.7999999999999998
hunyuan,258,6.773333333333333,3.0,1.0,3.0,3.3333333333333335,2.4,2.5999999999999996,3.6,2.8
spard,378,6.875,2.5,1.0,2.8875,3.5,2.0,2.0,1.7999999999999998,2.0
hunyuan,449,4.433333333333334,1.6666666666666667,1.0,1.0,3.0,1.2000000000000002,2.0,3.6,2.0
spard,496,7.1875,2.3625000000000003,1.0,2.0,3.5,2.5999999999999996,2.8,3.4,3.4
triposr,319,6.696000000000001,2.704,1.0,2.912,3.8,2.5999999999999996,3.8000000000000003,3.4,3.1999999999999997
crm,499,4.553999999999999,2.3980000000000006,1.0,2.3980000000000006,3.0,1.7999999999999998,2.0,1.4000000000000001,1.2000000000000002
triposr,472,4.278,2.6780000000000004,0.8,2.884,3.4,3.4,4.0,3.4,3.1999999999999997
spard,390,7.36,3.0,1.0,2.43,3.5,2.2,3.0,3.2,2.4000000000000004
hunyuan,181,6.666666666666667,2.3333333333333335,1.0,3.0,3.3333333333333335,2.5999999999999996,3.6,2.5999999999999996,2.5999999999999996
spard,386,4.3225,2.5,1.0,2.5,3.75,2.8,3.6,2.8,3.4
hunyuan,279,6.8,2.3333333333333335,1.0,2.3333333333333335,3.3333333333333335,2.5999999999999996,2.8,2.8,3.1999999999999997
hunyuan,273,6.0,2.8,1.0,2.0,3.3333333333333335,2.4,2.2,3.6,2.8
hunyuan,73,3.813333333333333,2.0,1.0,1.6666666666666667,2.5200000000000005,2.0,2.8,2.5999999999999996,2.0
hunyuan,210,6.333333333333333,3.0,1.0,3.0,3.6666666666666665,2.5999999999999996,3.4,2.8,2.5999999999999996
spard,336,6.875,2.3625000000000003,1.0,2.8875,3.75,2.9999999999999996,3.3999999999999995,2.8,3.2
triposr,345,4.4,2.2,1.0,2.2,3.2,2.5999999999999996,3.6,3.0,3.0
triposr,260,4.5120000000000005,2.2880000000000003,0.8,2.2880000000000003,3.2,2.4,2.5999999999999996,1.8,1.8
hunyuan,155,7.083333333333334,2.45,1.0,2.45,3.6666666666666665,1.7999999999999998,2.5999999999999996,4.0,3.2
spard,44,6.0,2.0,1.0,2.7199999999999998,3.6666666666666665,2.4,2.8,2.5999999999999996,3.1999999999999997
hunyuan,477,6.0,2.7199999999999998,1.0,2.7199999999999998,3.3333333333333335,2.0,2.4000000000000004,2.2,2.0
triposr,428,5.0,2.25,1.0,2.5,3.75,2.2,3.1999999999999997,2.2,2.2
triposr,485,4.4,1.8,0.8,1.8,3.0,1.2000000000000002,1.8,1.2000000000000002,1.2000000000000002
spard,424,4.3225,2.2725,1.0,2.5,3.75,2.5999999999999996,3.5999999999999996,2.4,3.0
crm,108,3.696,2.592,0.8,2.592,3.024,2.8,2.8,2.5999999999999996,2.8
spard,500,4.7025,2.4525,0.75,3.0,3.0,2.8,3.4,2.8,2.8
spard,173,6.615,2.0,1.0,2.5,3.5,2.2,2.9999999999999996,2.4,2.2
triposr,356,6.534,2.6260000000000003,1.0,2.0,3.4,1.7999999999999998,2.0,3.4,2.5999999999999996
crm,159,3.3600000000000003,1.6,0.8,1.8,2.8,0.6000000000000001,1.4,0.8,1.0
triposr,483,4.4,2.3760000000000003,1.0,2.3760000000000003,3.0,2.5999999999999996,2.4,2.5999999999999996,2.5999999999999996
crm,234,5.0,2.424,1.0,2.2220000000000004,3.2,2.0,2.0,3.1999999999999997,2.5999999999999996
spard,146,4.5,2.3175,0.75,2.5,3.0,2.2,2.9999999999999996,2.0,2.0
spard,218,7.196666666666667,2.496666666666667,1.0,3.0,4.0,2.8,3.6,2.9999999999999996,2.8
triposr,80,4.4,2.0,0.8,2.0,2.996,3.6,4.0,2.9999999999999996,2.8
spard,287,6.7725,2.4525,1.0,2.5,3.75,2.0,2.5999999999999996,2.2,2.5999999999999996
hunyuan,143,4.0,2.0,1.0,2.0,3.0,1.8,2.5999999999999996,3.0,2.2
triposr,53,6.75,2.94,1.0,3.0,3.4,3.6,3.6,2.9999999999999996,3.6
spard,308,7.083333333333334,2.8,1.0,2.8,3.6666666666666665,2.9999999999999996,2.9999999999999996,2.9999999999999996,2.8
crm,369,4.462,2.568,0.8,2.568,2.996,1.2000000000000002,1.7999999999999998,3.1999999999999997,2.0
spard,177,6.72,2.97,1.0,2.5,3.75,2.4,2.5999999999999996,2.5999999999999996,2.5999999999999996
spard,14,5.0,2.0,1.0,2.0,3.25,2.9999999999999996,2.9999999999999996,2.9999999999999996,2.9999999999999996
triposr,364,5.408,2.496,1.0,2.0,3.2,2.5999999999999996,2.5999999999999996,2.8,2.0
spard,313,6.8,2.6666666666666665,1.0,2.6666666666666665,4.0,2.9999999999999996,3.1999999999999997,2.8,3.0
hunyuan,43,6.0,2.0,1.0,2.356666666666667,3.3333333333333335,1.2000000000000002,2.2,2.0,2.0
hunyuan,124,6.453333333333333,2.356666666666667,1.0,2.356666666666667,3.3333333333333335,2.0,2.0,2.5999999999999996,2.5999999999999996
spard,284,4.5,2.0,0.5,1.75,3.25,2.0,2.8,2.8,2.0
crm,46,4.14,2.2,1.0,2.2,3.4,2.5999999999999996,2.2,2.2,2.5999999999999996
hunyuan,40,7.333333333333333,3.6666666666666665,1.0,3.6666666666666665,4.0,2.8,3.8000000000000003,2.9999999999999996,3.6
hunyuan,300,6.666666666666667,3.0,1.0,3.0,3.6666666666666665,2.4,2.4,2.9999999999999996,3.6
spard,38,6.654999999999999,2.0,1.0,2.7775,4.0,2.5999999999999996,3.1999999999999997,3.1999999999999997,2.5999999999999996
hunyuan,57,5.0,2.7466666666666666,1.0,3.0,3.6666666666666665,1.7999999999999998,2.8,2.5999999999999996,1.7999999999999998
hunyuan,461,6.666666666666667,3.0,1.0,3.3333333333333335,4.0,2.5999999999999996,2.5999999999999996,2.8,2.8
triposr,370,7.018,2.828,1.0,2.6260000000000003,3.8,2.8,2.8,2.8,2.2
hunyuan,303,3.466666666666667,2.3333333333333335,0.6666666666666666,2.6666666666666665,3.0,2.5999999999999996,3.0,2.9999999999999996,2.5999999999999996
triposr,135,3.4,2.0,0.8,2.0,3.0,2.4,2.5999999999999996,2.8,3.0
spard,228,6.875,2.5,1.0,2.5,3.75,2.8,2.9999999999999996,2.2,2.8
spard,118,4.573333333333333,2.5200000000000005,1.0,2.5200000000000005,3.0,2.5999999999999996,3.0,2.2,2.0
hunyuan,231,6.666666666666667,3.0,1.0,3.0,3.6666666666666665,2.5999999999999996,3.8000000000000003,3.1999999999999997,2.5999999999999996
triposr,436,5.0,2.4,1.0,2.0,3.4,1.2000000000000002,1.8,1.2000000000000002,1.2000000000000002
crm,113,5.6160000000000005,2.3760000000000003,1.0,2.592,3.4,2.8,2.9999999999999996,2.8,2.9999999999999996
hunyuan,46,7.026666666666667,2.7733333333333334,1.0,2.7733333333333334,3.3333333333333335,3.2,3.2,4.0,3.2
triposr,429,5.0,2.52,1.0,2.3100000000000005,3.2,2.5999999999999996,2.5999999999999996,3.1999999999999997,2.5999999999999996
spard,92,3.5275000000000003,1.75,0.75,2.0,3.0,2.5999999999999996,3.0,2.5999999999999996,2.5999999999999996
triposr,337,5.0,2.9975,1.0,2.5,3.5,2.0,2.4000000000000004,3.1999999999999997,2.5999999999999996
triposr,265,6.2,3.2,1.0,3.0,3.2,2.9999999999999996,3.3999999999999995,2.9999999999999996,2.9999999999999996
spard,135,3.75,1.75,1.0,2.0,2.5,2.1999999999999997,2.8,3.0,2.5999999999999996
triposr,64,4.4,2.0,1.0,2.0,2.6,2.0,2.8,1.7999999999999998,2.5999999999999996
spard,265,6.875,2.8875,1.0,2.5,3.5,3.8000000000000003,4.0,2.8,3.6
triposr,112,5.6160000000000005,2.8080000000000003,1.0,2.592,3.8,2.5999999999999996,2.5999999999999996,3.4,3.1999999999999997
spard,123,6.88,2.9066666666666667,1.0,2.9066666666666667,3.6666666666666665,3.8000000000000003,3.6,2.9999999999999996,3.2
triposr,494,6.912000000000001,3.024,1.0,2.592,3.2,2.0,2.0,2.5999999999999996,2.5999999999999996
spard,482,6.6,2.25,1.0,2.75,3.5,2.8,3.4000000000000004,2.8,2.5999999999999996
spard,2,6.8566666666666665,2.356666666666667,1.0,2.6933333333333334,3.6666666666666665,3.0,3.6,3.0,2.8
crm,405,6.832,1.8,0.8,2.448,3.4,2.0,2.8,2.5999999999999996,2.5999999999999996
triposr,318,6.2,2.856,1.0,2.856,4.0,2.5999999999999996,3.8000000000000003,3.8000000000000003,2.9999999999999996
spard,196,6.405,2.295,1.0,2.5,4.0,2.0,2.5999999999999996,2.0,1.8
hunyuan,69,6.666666666666667,3.0,1.0,3.0,4.0,2.8,3.0,2.8,2.5999999999999996
triposr,449,5.0,2.3100000000000005,1.0,1.6,3.6,1.7999999999999998,2.5999999999999996,2.5999999999999996,2.5999999999999996
hunyuan,466,7.333333333333333,3.6666666666666665,1.0,3.6666666666666665,4.0,3.8000000000000003,2.0,4.0,2.2
triposr,18,6.588,2.652,1.0,2.448,3.4,2.5999999999999996,2.5999999999999996,2.5999999999999996,2.5999999999999996
crm,216,7.0,2.7300000000000004,0.8,2.7300000000000004,3.6,1.2000000000000002,2.0,1.7999999999999998,1.7999999999999998
hunyuan,425,7.196666666666667,1.6666666666666667,1.0,2.496666666666667,3.0,2.5999999999999996,3.0,2.5999999999999996,3.1999999999999997
crm,157,4.5600000000000005,2.0,0.8,2.3100000000000005,3.2,1.6,2.6,2.4,2.4
spard,72,5.0,2.5,1.0,2.5,3.5,3.1999999999999997,3.4,3.1999999999999997,3.0
hunyuan,147,3.6833333333333336,2.0,1.0,2.45,3.0,2.4,3.5999999999999996,3.8,3.5999999999999996
triposr,136,4.464,2.0,1.0,1.8,3.6,1.7999999999999998,2.0,3.6,2.8
hunyuan,412,6.333333333333333,2.88,1.0,2.88,3.6666666666666665,3.8000000000000003,4.0,4.0,4.0
crm,138,4.232,2.0,0.8,2.0,3.0,1.8,2.0,2.4,2.4
hunyuan,246,5.0,2.0,0.6666666666666666,1.6666666666666667,2.8533333333333335,2.8,2.8,2.5999999999999996,2.5999999999999996
spard,116,6.51,2.5,1.0,2.5,4.0,2.2,2.2,1.4,2.0
spard,52,6.4575,2.3175,1.0,2.3175,3.75,2.0,2.0,2.2,2.0
crm,242,6.832,2.856,1.0,2.448,3.2,2.2,2.0,2.8,2.8
triposr,217,3.5275000000000003,2.0,0.75,2.0,3.0,2.2,2.8,2.4,2.2
triposr,47,4.464,2.472,1.0,2.6780000000000004,3.6,3.1999999999999997,4.0,4.0,3.3999999999999995
spard,274,6.4575,2.3175,1.0,2.3175,3.5,2.2,2.4000000000000004,2.0,2.0
spard,213,4.37,2.295,1.0,2.295,3.25,2.5999999999999996,2.5999999999999996,2.5999999999999996,2.5999999999999996
hunyuan,480,6.0,3.0,1.0,2.6666666666666665,3.3333333333333335,2.8,2.4000000000000004,4.0,3.2
triposr,203,4.32,2.2,1.0,2.2,3.6,2.4,3.1999999999999997,2.4,2.1999999999999997
triposr,10,5.668000000000001,2.616,1.0,2.3980000000000006,3.4,2.5999999999999996,2.5999999999999996,2.8,2.8
triposr,78,6.534,2.6260000000000003,1.0,2.2220000000000004,3.4,2.0,2.5999999999999996,2.0,2.0
hunyuan,373,6.666666666666667,3.0,1.0,3.0,3.3333333333333335,2.8,3.6,3.8000000000000003,3.6
triposr,441,5.6160000000000005,2.592,1.0,2.592,3.8,2.5999999999999996,2.8,2.8,2.8
triposr,66,5.304,2.448,1.0,2.244,3.6,2.8,3.2,2.8,2.8
crm,417,4.4,1.4,0.8,3.2,3.4,2.2,3.0,3.0,2.4000000000000004
triposr,269,5.0,2.616,1.0,2.0,3.2,2.5999999999999996,2.2,2.5999999999999996,3.1999999999999997
triposr,86,5.304,3.0,1.0,2.652,2.856,3.6,2.0,2.9999999999999996,2.9999999999999996
hunyuan,82,6.333333333333333,3.3333333333333335,1.0,3.3333333333333335,3.3333333333333335,3.6,4.0,3.2,3.8
hunyuan,305,6.453333333333333,3.0,1.0,3.0,3.3333333333333335,2.2,2.6,3.3999999999999995,3.2
crm,203,4.4,2.3540000000000005,0.6,2.568,3.4,2.0,2.0,1.7999999999999998,2.0
hunyuan,118,6.0,2.8266666666666667,1.0,2.0,3.0,3.1999999999999997,3.1999999999999997,2.5999999999999996,3.1999999999999997
triposr,251,4.608,2.544,1.0,2.3320000000000003,3.2,2.8,2.8,3.0,3.6
triposr,121,3.8,2.3540000000000005,1.0,2.568,3.2,1.2000000000000002,2.0,1.7999999999999998,1.7999999999999998
triposr,158,5.0,2.0,1.0,2.0,3.6,2.5999999999999996,2.5999999999999996,2.8,2.5999999999999996
hunyuan,374,6.666666666666667,3.0,1.0,3.3333333333333335,3.6666666666666665,3.0,4.0,3.2,3.1999999999999997
triposr,463,5.0,2.8340000000000005,0.8,2.3980000000000006,3.0,2.9999999999999996,2.0,2.8,3.0
hunyuan,248,6.333333333333333,3.0,1.0,3.0,3.3333333333333335,2.8,2.8,2.8,2.6
hunyuan,93,6.970000000000001,2.0,1.0,3.0,3.6666666666666665,3.6,3.6,3.6,3.6
spard,192,5.0,2.5,1.0,2.8875,3.5,2.8,3.1999999999999997,2.5999999999999996,2.4
triposr,114,5.0,2.5,1.0,2.5,3.5,2.0,2.5999999999999996,2.4000000000000004,2.5999999999999996
hunyuan,0,7.3100000000000005,2.9066666666666667,1.0,2.543333333333334,3.0,2.4,2.8,2.5999999999999996,3.5999999999999996
triposr,312,6.804,2.968,1.0,2.7560000000000002,3.6,2.2,2.4000000000000004,2.8,2.0
crm,162,4.656,2.3540000000000005,1.0,2.568,3.6,2.5999999999999996,2.8,2.5999999999999996,3.1999999999999997
crm,352,6.588,2.856,1.0,3.0,3.8,2.8,2.8,2.5999999999999996,2.5999999999999996
triposr,458,6.696000000000001,2.912,1.0,2.496,3.4,3.4,3.4,3.6,3.6
spard,136,4.6075,2.0,1.0,2.0,3.5,1.7999999999999998,2.2,2.5999999999999996,2.5999999999999996
spard,298,7.095000000000001,2.5,1.0,2.5,3.5,2.9999999999999996,4.0,2.9999999999999996,2.9999999999999996
hunyuan,272,6.8,1.6666666666666667,1.0,2.6666666666666665,3.6666666666666665,1.8,3.0,3.6,2.5999999999999996
spard,291,5.0,2.0,1.0,2.7466666666666666,3.6666666666666665,2.9999999999999996,3.8000000000000003,2.8,3.4
spard,60,4.465,2.34,1.0,2.5,3.75,2.0,2.8,2.5999999999999996,2.5999999999999996
triposr,249,6.0,2.472,1.0,2.2660000000000005,3.6,2.4,2.8,2.9999999999999996,2.8
crm,133,4.4,2.3980000000000006,1.0,2.0,3.2,2.0,2.0,1.7999999999999998,1.7999999999999998
hunyuan,352,7.0,3.0,1.0,3.0,3.6666666666666665,2.8,2.8,3.4,3.1999999999999997
triposr,501,5.0,2.3100000000000005,1.0,2.3100000000000005,3.8,2.5999999999999996,2.5999999999999996,2.5999999999999996,2.5999999999999996
hunyuan,355,6.666666666666667,3.3333333333333335,1.0,3.6666666666666665,4.0,3.3999999999999995,4.0,4.0,3.3999999999999995
spard,271,7.015,2.295,1.0,2.5,3.5,2.0,2.4000000000000004,2.0,2.8
hunyuan,503,6.0,3.0,1.0,3.0,3.6666666666666665,3.0,3.3999999999999995,3.1999999999999997,3.5999999999999996
spard,62,7.36,2.97,1.0,2.5,3.5,2.0,2.0,2.2,2.0
spard,138,7.36,2.5,1.0,2.5,4.0,2.4,2.8,2.8,2.8
triposr,416,5.356000000000001,2.2660000000000005,1.0,2.2660000000000005,3.8,1.8,2.9999999999999996,3.6,2.0
hunyuan,108,6.913333333333333,3.0,1.0,2.7199999999999998,2.3800000000000003,2.0,2.0,3.6,2.5999999999999996
triposr,218,7.0,2.94,1.0,2.7300000000000004,3.6,2.5999999999999996,3.6,2.9999999999999996,3.1999999999999997
spard,438,6.615,2.3850000000000002,1.0,2.3850000000000002,3.75,2.4,2.8,2.5999999999999996,2.5999999999999996
hunyuan,398,7.0,3.3333333333333335,1.0,3.3333333333333335,3.6666666666666665,3.4,3.4,3.4,3.0
triposr,324,6.3,2.5,1.0,2.5,3.5,2.9999999999999996,2.9999999999999996,2.9999999999999996,3.6
triposr,216,7.223999999999999,2.616,1.0,2.616,3.8,2.5999999999999996,2.5999999999999996,2.5999999999999996,2.5999999999999996
crm,177,4.4,2.0,1.0,2.3980000000000006,3.2,2.8,2.9999999999999996,2.8,2.8
hunyuan,91,6.56,2.7466666666666666,1.0,2.4033333333333338,3.0,2.4,3.0,2.5999999999999996,2.5999999999999996
triposr,276,5.0,2.652,1.0,2.448,3.2,2.5999999999999996,3.0,2.5999999999999996,2.5999999999999996
hunyuan,341,7.0,3.0,1.0,3.0,4.0,1.7999999999999998,2.4000000000000004,3.6,3.6
hunyuan,401,7.3100000000000005,2.9066666666666667,1.0,2.9066666666666667,3.0,2.5999999999999996,3.8000000000000003,2.9999999999999996,3.4
triposr,303,4.7025,2.4525,1.0,2.4525,3.5,2.0,2.8,2.8,2.0
crm,64,3.3600000000000003,1.8,0.8,1.8,2.4,1.2000000000000002,2.0,2.5999999999999996,2.0
triposr,467,3.5280000000000005,2.496,1.0,2.2880000000000003,2.912,2.5999999999999996,2.2,2.5999999999999996,2.5999999999999996
triposr,323,6.804,2.3320000000000003,1.0,2.3320000000000003,3.4,2.8,3.8000000000000003,3.0,2.8
triposr,117,3.4,1.8,0.6,1.8,2.448,1.4,2.2,1.4000000000000001,1.6
hunyuan,216,7.0,3.3333333333333335,1.0,3.3333333333333335,4.0,2.0,2.8,3.4,2.5999999999999996
spard,241,3.5700000000000003,1.75,0.5,2.34,2.8600000000000003,2.6,3.4,2.5999999999999996,3.0
hunyuan,198,6.333333333333333,3.0,1.0,3.3333333333333335,4.0,2.5999999999999996,2.8,3.8000000000000003,2.8
spard,471,5.0,2.295,1.0,2.5,3.5,2.6,3.6,2.9999999999999996,2.4
hunyuan,37,6.666666666666667,3.0,1.0,3.3333333333333335,4.0,2.4,3.1999999999999997,2.6,3.2
hunyuan,14,6.0,2.8533333333333335,1.0,3.0,3.6666666666666665,3.1999999999999997,3.3999999999999995,3.3999999999999995,3.3999999999999995
spard,436,7.015,1.75,1.0,2.295,3.5,2.4,2.0,3.0,3.0
triposr,400,5.0,2.295,1.0,2.5,3.25,2.4,3.6,2.8,2.5999999999999996
crm,19,3.8,1.6,0.8,1.8,2.828,2.0,2.8,2.0,1.8
hunyuan,361,4.386666666666668,2.4266666666666667,1.0,2.4266666666666667,3.0,1.4,3.1999999999999997,3.4,2.5999999999999996
triposr,414,3.8,1.8,0.8,1.8,2.4,2.5999999999999996,2.8,2.4,2.5999999999999996
spard,234,7.04,2.5,1.0,2.43,3.5,2.4,2.8,3.6,3.6
hunyuan,178,6.333333333333333,2.0,1.0,2.4266666666666667,3.0,2.4,3.6,3.8000000000000003,2.5999999999999996
triposr,24,3.6120000000000005,1.8,0.8,2.0,2.968,2.0,2.5999999999999996,2.2,2.8
crm,196,3.3600000000000003,2.2,1.0,2.4,3.2,1.0,2.0,1.7999999999999998,1.0
hunyuan,331,6.8,1.6666666666666667,1.0,3.0,3.6666666666666665,1.5999999999999999,2.0,3.2,3.0
triposr,332,4.5125,2.5,1.0,2.5,3.5,2.8,3.4,2.8,2.8
hunyuan,61,7.026666666666667,2.4266666666666667,1.0,2.0,3.0,3.4,3.6,2.8,3.1999999999999997
crm,365,3.696,2.0,0.8,2.3760000000000003,3.0,2.0,2.0,2.0,2.0
hunyuan,193,6.333333333333333,2.7733333333333334,1.0,2.4266666666666667,3.0,1.8,2.0,2.2,2.2
spard,319,7.095000000000001,2.5,1.0,2.9975,3.75,2.8,3.8000000000000003,3.4,3.1999999999999997
hunyuan,7,6.0,2.5200000000000005,1.0,2.5200000000000005,3.3333333333333335,3.0,3.1999999999999997,2.8,3.0
hunyuan,447,6.970000000000001,2.7466666666666666,0.6666666666666666,2.0,3.0,2.0,2.8,2.5999999999999996,2.5999999999999996
triposr,499,4.14,2.2,0.8,2.2,3.2,1.8,2.8,2.0,2.5999999999999996
crm,275,3.8,1.8,0.4,2.3540000000000005,2.3540000000000005,1.7999999999999998,2.8,2.4,2.5999999999999996
spard,153,5.0,2.43,1.0,2.43,3.5,2.0,2.2,2.8,2.4000000000000004
triposr,184,4.368,2.2220000000000004,1.0,2.2220000000000004,3.2,2.5999999999999996,2.8,2.5999999999999996,2.5999999999999996
spard,262,6.82,2.34,1.0,2.34,3.5,2.5999999999999996,2.2,2.5999999999999996,2.5999999999999996
spard,226,5.0,2.4075,1.0,2.5,3.5,2.5999999999999996,2.5999999999999996,2.8,2.5999999999999996
triposr,340,5.0,2.5,1.0,2.5,3.5,2.8,3.0,2.9999999999999996,3.0
hunyuan,121,3.8566666666666665,2.0,1.0,2.543333333333334,2.9066666666666667,1.7999999999999998,2.2,2.4000000000000004,2.6
hunyuan,488,6.333333333333333,3.3333333333333335,1.0,3.0,3.6666666666666665,3.4,3.8000000000000003,3.8000000000000003,3.8
triposr,477,6.615,2.5,1.0,2.3850000000000002,3.5,2.0,2.8,1.7999999999999998,1.8
spard,167,3.5,2.0,0.5,2.25,2.5,2.4,3.1999999999999997,2.4,2.4
spard,285,6.0,2.8325,1.0,2.8325,3.5,2.9999999999999996,3.1999999999999997,2.9999999999999996,2.9999999999999996
triposr,405,5.304,2.244,1.0,2.448,3.8,2.2,2.9999999999999996,3.1999999999999997,2.5999999999999996
spard,442,4.4175,2.3175,1.0,2.3175,3.75,2.8,3.8000000000000003,3.4,2.8
triposr,300,3.6120000000000005,2.3320000000000003,1.0,2.544,3.0,2.5999999999999996,3.6,2.5999999999999996,3.1999999999999997
spard,476,6.666666666666666,2.45,1.0,2.45,3.6666666666666665,2.8,3.6,2.8,2.5999999999999996
hunyuan,255,6.333333333333333,2.88,1.0,2.5200000000000005,2.88,2.0,2.0,1.8,1.8
crm,432,6.75,2.7300000000000004,0.8,2.3100000000000005,3.4,2.0,2.0,2.5999999999999996,2.0
crm,437,3.8,1.6,0.8,1.8,3.0,2.2,2.6,2.8,2.5999999999999996
spard,331,6.765,2.3175,1.0,2.5,4.0,2.2,2.9999999999999996,2.2,2.4
triposr,100,6.0,3.0,1.0,2.5,3.75,2.5999999999999996,2.0,2.4,3.1999999999999997
hunyuan,117,6.506666666666666,2.0,1.0,2.7199999999999998,3.3333333333333335,2.4,2.9999999999999996,2.0,2.2
crm,466,4.368,2.6260000000000003,1.0,2.2220000000000004,3.4,1.2,1.4,2.4,1.2000000000000002
hunyuan,371,6.0,1.6666666666666667,1.0,1.6666666666666667,2.8533333333333335,2.0,2.4000000000000004,3.1999999999999997,3.0
hunyuan,76,6.666666666666667,3.3333333333333335,1.0,3.3333333333333335,4.0,2.8,3.8000000000000003,2.9999999999999996,2.8
hunyuan,445,6.0,3.0,1.0,2.8533333333333335,3.0,2.0,2.0,1.7999999999999998,1.7999999999999998
triposr,255,5.2,2.4,1.0,2.2,3.4,2.0,2.0,2.2,2.2
hunyuan,407,6.8566666666666665,2.356666666666667,1.0,2.356666666666667,2.6933333333333334,2.0,2.0,3.6,3.0
spard,453,7.1875,2.5,1.0,2.5,4.0,2.5999999999999996,3.6,3.1999999999999997,2.5999999999999996
triposr,15,7.3025,2.9425000000000003,1.0,2.5,3.75,3.4,3.6,3.6,3.1999999999999997
hunyuan,137,7.253333333333334,2.0,0.6666666666666666,2.5200000000000005,3.0,2.9999999999999996,3.6,2.9999999999999996,3.4
spard,203,4.6075,2.4075,0.75,2.5,3.25,2.0,2.5999999999999996,2.8,1.7999999999999998
triposr,31,5.0,2.544,1.0,2.544,3.4,3.4,3.4,3.4,3.4
triposr,122,3.8,2.0,0.8,2.3760000000000003,3.0,1.7999999999999998,2.0,1.4000000000000001,2.2
hunyuan,223,6.0,3.0,1.0,3.0,3.6666666666666665,2.4,3.4,2.8,3.0
triposr,25,4.4,2.8340000000000005,1.0,2.616,3.8,2.8,2.4000000000000004,3.2,3.8
spard,422,6.82,2.34,1.0,2.34,3.5,1.8,2.0,2.0,2.0
spard,322,6.5625,2.3625000000000003,1.0,2.8875,3.5,4.0,4.0,3.6,3.6
triposr,351,5.0,2.3760000000000003,1.0,2.592,3.4,2.5999999999999996,2.4000000000000004,3.4,2.8
spard,473,6.765,2.5,1.0,2.8325,3.75,2.8,3.6,2.8,2.5999999999999996
spard,461,6.615,2.3850000000000002,1.0,2.5,3.75,2.5999999999999996,2.5999999999999996,2.8,1.7999999999999998
triposr,460,5.408,2.496,1.0,2.704,3.4,2.8,2.8,2.5999999999999996,3.0
spard,204,6.5625,2.3625000000000003,0.75,2.3625000000000003,3.25,2.0,3.0,2.0,2.2
hunyuan,29,6.8,2.3333333333333335,1.0,2.6666666666666665,3.3333333333333335,2.8,3.8000000000000003,3.6,2.9999999999999996
triposr,232,5.0,2.75,1.0,2.25,3.25,2.8,2.0,3.4,3.4
spard,161,3.813333333333333,2.0,1.0,2.5200000000000005,3.3333333333333335,2.0,2.2,2.2,2.2
triposr,442,4.704,2.0,1.0,2.3760000000000003,3.2,2.8,2.8,2.8,2.8
hunyuan,274,7.0,3.0,1.0,3.0,4.0,2.0,2.4000000000000004,3.8000000000000003,3.0
hunyuan,99,6.666666666666667,3.3333333333333335,1.0,3.0,3.6666666666666665,2.8,3.0,3.5999999999999996,3.0
hunyuan,421,6.0,2.5200000000000005,1.0,2.5200000000000005,3.3333333333333335,1.7999999999999998,2.0,2.0,2.0
hunyuan,389,7.333333333333333,4.0,1.0,3.6666666666666665,3.6666666666666665,3.1999999999999997,3.1999999999999997,3.6,3.4
spard,352,4.465,2.34,1.0,2.5,3.75,2.8,3.0,2.9999999999999996,2.8
triposr,440,4.752,2.3980000000000006,1.0,2.616,3.4,2.5999999999999996,3.6,2.8,2.8
triposr,199,6.8580000000000005,2.568,1.0,2.568,3.6,2.8,3.4,2.8,2.8
hunyuan,152,7.196666666666667,2.8533333333333335,1.0,3.0,3.6666666666666665,2.8,3.6,3.0,3.0
triposr,148,5.252000000000001,2.6260000000000003,1.0,2.828,3.8,2.5999999999999996,2.8,2.5999999999999996,2.5999999999999996
crm,301,4.4,2.52,0.8,2.0,3.0,2.5999999999999996,2.0,2.8,2.8
spard,470,4.246666666666667,2.356666666666667,1.0,3.0,3.6666666666666665,2.4,3.1999999999999997,3.8000000000000003,2.2
crm,333,4.5120000000000005,2.2880000000000003,1.0,2.496,3.4,1.8,2.0,1.7999999999999998,2.0
crm,464,4.232,2.244,1.0,2.244,3.2,2.5999999999999996,3.4,2.8,2.5999999999999996
triposr,277,5.564000000000001,2.568,1.0,2.3540000000000005,3.6,2.0,2.5999999999999996,1.7999999999999998,2.0
crm,324,3.8,1.6,0.8,1.8,2.828,2.2,2.2,2.0,2.2
spard,148,7.1875,2.5,1.0,2.8875,3.75,2.8,2.9999999999999996,2.2,2.2
hunyuan,78,7.253333333333334,2.5200000000000005,1.0,2.0,3.0,2.0,2.2,2.2,3.2
spard,330,5.0,2.25,1.0,2.5,3.25,2.5999999999999996,2.8,2.8,2.8
hunyuan,145,5.0,2.4733333333333336,1.0,2.0,3.0,2.0,2.2,1.8,2.0
triposr,81,4.4159999999999995,2.544,1.0,2.968,3.4,1.7999999999999998,2.0,2.0,1.7999999999999998
hunyuan,434,6.333333333333333,2.88,1.0,3.3333333333333335,3.6666666666666665,2.5999999999999996,3.0,2.9999999999999996,3.1999999999999997
spard,33,6.7725,2.5,1.0,2.5,3.75,2.9999999999999996,3.6,2.9999999999999996,3.6
hunyuan,430,3.726666666666667,2.0,1.0,2.4733333333333336,3.0,2.2,2.8,2.0,2.5999999999999996
triposr,225,3.7380000000000004,2.0,0.8,2.0,2.8340000000000005,2.8,3.6,3.0,2.8
spard,264,6.3,2.5,1.0,2.5,3.75,3.4,3.8000000000000003,3.1999999999999997,3.1999999999999997
spard,384,6.71,2.0,1.0,2.0,3.75,1.7999999999999998,2.5999999999999996,2.5999999999999996,2.8
spard,358,6.615,2.3850000000000002,1.0,2.5,4.0,2.8,3.3999999999999995,3.6,2.9999999999999996
hunyuan,122,6.8566666666666665,2.6933333333333334,1.0,2.6933333333333334,2.6933333333333334,1.8,2.5999999999999996,2.5999999999999996,2.5999999999999996
triposr,468,6.72,2.6,1.0,2.8,3.6,3.0,2.4000000000000004,2.9999999999999996,3.1999999999999997
spard,43,4.4175,1.75,1.0,2.8325,3.75,2.5999999999999996,3.6,2.5999999999999996,3.1999999999999997
triposr,480,6.48,3.0,1.0,3.0,3.8,2.5999999999999996,2.8,2.5999999999999996,2.5999999999999996
crm,104,4.37,2.0,1.0,2.7300000000000004,3.6,2.8,3.6,2.8,3.4000000000000004
hunyuan,190,6.773333333333333,1.3333333333333333,1.0,1.3333333333333333,2.496666666666667,1.7999999999999998,2.2,3.1999999999999997,2.8
hunyuan,339,6.88,2.9066666666666667,1.0,2.543333333333334,3.3333333333333335,2.5999999999999996,2.8,2.0,2.0
hunyuan,261,6.8566666666666665,2.6933333333333334,1.0,2.6933333333333334,3.6666666666666665,3.4,3.6,3.4,3.1999999999999997
hunyuan,448,6.333333333333333,2.4266666666666667,1.0,2.7733333333333334,3.6666666666666665,1.7999999999999998,4.0,3.8000000000000003,2.5999999999999996
triposr,168,4.704,1.8,1.0,1.8,3.2,1.7999999999999998,2.8,1.7999999999999998,2.0
hunyuan,56,6.970000000000001,2.4033333333333338,1.0,2.7466666666666666,3.3333333333333335,2.5999999999999996,3.6,2.9999999999999996,3.2
spard,363,6.765,2.3175,1.0,2.8325,4.0,2.8,3.6,3.0,3.8
hunyuan,81,4.0,2.0,1.0,2.0,2.0,2.0,2.8,2.2,2.0
spard,163,5.0,2.3175,1.0,2.3175,3.75,2.2,2.4000000000000004,2.8,2.0
spard,22,5.0,2.0,1.0,2.0,3.5,2.5999999999999996,2.8,2.8,2.8
crm,245,5.304,2.448,1.0,2.448,3.4,1.7999999999999998,2.0,2.8,3.0
triposr,200,4.14,2.2,1.0,2.0,3.2,1.8,2.0,2.0,1.8
hunyuan,460,6.0,3.0,1.0,3.0,3.6666666666666665,2.5999999999999996,2.5999999999999996,2.5999999999999996,2.5999999999999996
hunyuan,213,6.0,3.0,1.0,2.7199999999999998,3.3333333333333335,2.8,2.9999999999999996,2.9999999999999996,2.8
crm,71,4.4,2.3100000000000005,0.6,2.3100000000000005,2.94,1.6,2.4,1.6,2.2
triposr,374,3.4000000000000004,2.0,1.0,2.5,3.5,3.1999999999999997,3.4,3.1999999999999997,3.1999999999999997
spard,253,6.7725,2.5,1.0,2.5,3.75,2.8,3.6,3.0,2.8
hunyuan,133,5.0,2.0,1.0,2.3333333333333335,3.6666666666666665,2.5999999999999996,3.4,3.6,3.1999999999999997
crm,181,4.752,2.0,1.0,2.0,3.4,2.0,2.2,2.0,2.0
crm,441,4.14,2.2,0.8,2.6,3.2,2.5999999999999996,2.8,2.5999999999999996,2.0
spard,20,3.4850000000000003,1.75,1.0,1.75,2.805,2.8,2.8,2.5999999999999996,2.8
spard,315,5.0,2.0,1.0,2.5,3.5,2.8,2.8,3.1999999999999997,2.8
spard,139,6.3525,2.5,1.0,2.5,3.5,2.2,2.8,2.0,2.0
spard,174,4.5,1.5,1.0,1.75,2.8600000000000003,2.8,3.1999999999999997,2.8,2.9999999999999996
crm,169,4.4,2.3980000000000006,1.0,2.8340000000000005,3.4,2.4,3.2,2.4,2.4
triposr,259,6.966000000000001,2.8340000000000005,1.0,2.8340000000000005,3.8,2.2,2.8,2.0,2.8
hunyuan,336,7.026666666666667,1.6666666666666667,1.0,2.7733333333333334,3.6666666666666665,2.0,2.2,3.4,2.8
spard,456,4.7025,1.75,0.75,2.4525,3.0,2.4,2.4,2.4,2.2
hunyuan,322,7.0,3.6666666666666665,1.0,3.0,4.0,4.0,4.0,4.0,3.8000000000000003
spard,466,5.0,2.4033333333333338,1.0,2.4033333333333338,3.0,2.2,2.9999999999999996,2.2,2.2
crm,51,4.324,1.8,0.8,1.8,3.0,2.0,2.2,2.4,2.2
spard,230,7.04,2.5,1.0,2.43,3.25,2.4000000000000004,2.6,2.2,2.2
triposr,34,4.4,2.3320000000000003,0.8,2.0,2.7560000000000002,2.8,2.8,3.0,2.8
triposr,246,4.4159999999999995,2.3320000000000003,1.0,2.3320000000000003,3.2,2.8,3.0,2.8,3.6
crm,179,4.4,2.2880000000000003,0.8,2.496,3.0,1.7999999999999998,2.5999999999999996,2.0,1.7999999999999998
hunyuan,343,6.333333333333333,2.543333333333334,1.0,3.0,3.6666666666666665,2.8,3.8000000000000003,2.8,2.5999999999999996
spard,229,3.74,2.43,1.0,2.0,3.0,2.0,2.2,2.4000000000000004,2.0
spard,225,6.615,2.3850000000000002,1.0,2.5,3.75,2.8,3.4,2.8,2.2
hunyuan,333,6.666666666666667,3.0,1.0,3.0,4.0,2.5999999999999996,3.0,2.5999999999999996,3.1999999999999997
triposr,309,5.408,2.704,1.0,2.2880000000000003,3.2,2.9999999999999996,2.4,2.9999999999999996,3.6
spard,105,6.56,2.4033333333333338,1.0,2.7466666666666666,3.6666666666666665,3.1999999999999997,3.3999999999999995,2.8,2.6
crm,15,6.642,2.472,1.0,2.472,3.6,2.5999999999999996,3.4,2.5999999999999996,2.5999999999999996
hunyuan,338,7.083333333333334,2.8,1.0,2.0,3.0,2.4,3.0,2.8,2.8
hunyuan,464,7.140000000000001,2.0,1.0,2.0,3.0,2.4,3.8000000000000003,3.4,2.5999999999999996
hunyuan,161,6.333333333333333,3.0,1.0,2.7733333333333334,3.6666666666666665,2.2,2.4000000000000004,3.6,2.8
spard,312,5.0,2.0,1.0,2.5,3.25,2.8,2.2,3.4,1.4
spard,394,7.015,2.5,1.0,2.5,3.25,2.8,3.4,2.9999999999999996,3.6
crm,37,5.5120000000000005,2.7560000000000002,1.0,2.544,3.4,2.1999999999999997,2.8,2.5999999999999996,2.5999999999999996
spard,495,6.615,2.0,1.0,2.5,3.5,2.8,3.6,2.9999999999999996,2.5999999999999996
spard,488,4.465,2.34,1.0,2.34,3.5,2.8,3.8000000000000003,3.0,3.0
triposr,278,3.8,2.2220000000000004,0.6,1.8,2.828,2.2,3.0,2.4000000000000004,2.2
crm,265,4.464,2.472,1.0,2.472,3.2,3.8000000000000003,4.0,2.9999999999999996,3.6
spard,406,7.245,2.3850000000000002,1.0,2.915,4.0,3.6,4.0,3.8000000000000003,3.4
triposr,97,4.608,2.968,0.8,2.7560000000000002,3.4,1.7999999999999998,2.2,2.4,2.4
spard,368,6.71,2.5,1.0,2.805,3.5,2.8,2.9999999999999996,2.8,2.8
hunyuan,55,6.0,2.8266666666666667,1.0,2.8266666666666667,3.0,2.4,2.5999999999999996,2.2,2.4
hunyuan,114,6.3999999999999995,2.0,1.0,2.3333333333333335,3.0,2.5999999999999996,2.8,3.2,3.0
triposr,160,4.14,2.4,1.0,2.4,3.2,2.8,2.9999999999999996,2.2,2.2
spard,443,7.36,2.97,1.0,2.97,3.75,2.8,3.0,2.8,3.4
triposr,190,4.14,2.0,1.0,2.0,4.0,1.8,2.6,2.0,2.0
triposr,196,7.482,2.8340000000000005,1.0,2.8340000000000005,3.4,2.0,3.0,2.0,2.0
spard,419,5.0,2.25,1.0,2.5,3.0,2.8,3.0,3.0,2.0
triposr,166,5.460000000000001,2.0,1.0,2.52,3.6,2.0,2.2,2.0,2.0
hunyuan,386,6.0,3.0,1.0,2.356666666666667,3.3333333333333335,2.5999999999999996,3.0,2.8,3.1999999999999997
spard,408,5.0,2.295,1.0,2.295,3.5,1.7999999999999998,2.0,1.7999999999999998,2.5999999999999996
crm,252,4.752,2.8340000000000005,1.0,2.616,3.6,2.0,2.5999999999999996,2.8,2.0
spard,55,4.5,2.4075,0.75,2.0,3.25,2.0,2.5999999999999996,2.2,2.0
triposr,231,4.37,2.0,1.0,2.0,3.4,2.2,2.8,2.2,2.5999999999999996
hunyuan,346,6.333333333333333,3.0,1.0,3.0,3.6666666666666665,2.5999999999999996,3.1999999999999997,2.5999999999999996,2.5999999999999996
triposr,141,5.0,2.424,1.0,2.424,3.4,2.8,3.0,2.5999999999999996,2.5999999999999996
triposr,392,5.0,2.472,1.0,2.6780000000000004,3.2,2.8,3.6,3.0,3.6
hunyuan,105,6.333333333333333,3.0,1.0,3.3333333333333335,3.6666666666666665,2.9999999999999996,3.1999999999999997,3.6,3.6
triposr,233,3.7825,2.4525,0.5,1.75,2.5,1.8,2.0,2.0,2.5999999999999996
hunyuan,358,6.453333333333333,2.6933333333333334,1.0,3.0,3.6666666666666665,2.2,3.0,3.8000000000000003,2.8
triposr,445,3.5700000000000007,2.0,1.0,1.8,2.94,2.0,2.5999999999999996,2.0,2.0
spard,282,4.5,2.0,1.0,2.2725,3.5,2.0,2.2,2.0,2.0
spard,395,5.0,2.0,1.0,2.3175,4.0,1.7999999999999998,3.4000000000000004,2.5999999999999996,2.4
triposr,415,5.0,2.592,1.0,2.3760000000000003,3.6,2.5999999999999996,2.5999999999999996,2.4,3.1999999999999997
spard,70,6.654999999999999,2.5,1.0,2.5,3.5,2.9999999999999996,3.6,2.9999999999999996,2.9999999999999996
triposr,171,5.252000000000001,2.424,1.0,2.424,3.4,2.5999999999999996,3.4,2.5999999999999996,3.0
spard,431,6.3,2.0,1.0,2.0,3.5,2.5999999999999996,2.8,2.4,2.4
spard,338,6.4575,2.5,1.0,2.5,4.0,2.4,3.1999999999999997,2.5999999999999996,2.4
triposr,281,4.4159999999999995,2.544,0.8,2.0,3.2,2.5999999999999996,2.8,2.5999999999999996,2.8
hunyuan,363,6.0,2.0,1.0,2.7733333333333334,3.3333333333333335,3.0,3.0,3.8,3.0
hunyuan,492,6.0,2.88,1.0,2.5200000000000005,3.3333333333333335,2.0,2.4000000000000004,3.0,2.8
hunyuan,224,6.8566666666666665,2.0,1.0,2.6933333333333334,3.6666666666666665,2.0,2.2,3.1999999999999997,3.1999999999999997
hunyuan,252,6.333333333333333,3.0,1.0,2.8533333333333335,3.6666666666666665,2.8,2.9999999999999996,3.8000000000000003,2.9999999999999996
triposr,508,5.304,2.244,1.0,2.448,3.4,2.8,3.8,3.6,3.0
crm,224,5.0,2.0,1.0,2.244,3.6,1.7999999999999998,2.2,1.7999999999999998,1.7999999999999998
crm,211,4.4159999999999995,2.3320000000000003,1.0,2.7560000000000002,3.4,2.2,3.0,2.2,2.8
spard,413,5.0,2.34,1.0,2.34,3.75,2.5999999999999996,3.4,2.9999999999999996,3.1999999999999997
hunyuan,485,6.333333333333333,2.5200000000000005,1.0,2.5200000000000005,3.6666666666666665,2.0,2.8,3.5999999999999996,2.5999999999999996
crm,85,4.5600000000000005,2.0,0.8,2.52,3.2,2.0,2.4000000000000004,3.6,2.5999999999999996
triposr,208,4.324,2.2880000000000003,1.0,2.2880000000000003,3.6,2.0,2.8,2.0,2.0
hunyuan,473,6.613333333333333,2.4266666666666667,1.0,2.0,3.0,2.0,2.2,2.0,2.8
hunyuan,67,6.666666666666667,3.3333333333333335,1.0,3.3333333333333335,4.0,2.8,2.8,2.8,2.5999999999999996
spard,28,4.3225,1.75,0.5,2.2725,3.0,1.4,2.2,1.4,1.4
spard,106,6.6675,2.5,1.0,2.4075,3.5,2.8,2.8,3.2,3.8
spard,194,7.245,2.915,1.0,2.5,3.75,2.9999999999999996,3.1999999999999997,2.9999999999999996,2.9999999999999996
triposr,211,6.0,2.7560000000000002,1.0,2.7560000000000002,4.0,2.5999999999999996,3.1999999999999997,3.0,2.5999999999999996
triposr,245,4.4,2.3100000000000005,1.0,2.3100000000000005,3.0,2.0,2.4000000000000004,3.4,2.8
hunyuan,362,6.333333333333333,3.3333333333333335,1.0,3.3333333333333335,3.6666666666666665,3.1999999999999997,3.6,3.6,3.1999999999999997
spard,84,6.93,2.5,1.0,3.0,3.75,3.6,3.6,3.6,3.6
crm,323,5.304,2.244,1.0,2.448,3.4,2.8,3.4,3.0,2.8
hunyuan,368,5.0,2.0,1.0,2.0,3.0,2.0,2.8,2.0,2.2
spard,24,6.985,2.0,1.0,2.5,3.75,2.2,2.6,2.5999999999999996,2.0
hunyuan,11,6.333333333333333,2.6933333333333334,1.0,2.356666666666667,3.3333333333333335,1.2000000000000002,2.0,3.8000000000000003,2.2
spard,366,5.0,2.0,1.0,2.3625000000000003,4.0,2.0,2.8,2.5999999999999996,2.0
spard,32,6.875,2.3625000000000003,1.0,2.8875,3.75,2.8,3.4,2.8,2.9999999999999996
crm,214,4.232,2.448,0.8,2.0,3.2,2.0,3.0,2.2,2.5999999999999996
spard,493,4.655,2.0,1.0,2.5,3.75,2.5999999999999996,3.6,2.8,3.1999999999999997
triposr,127,4.4,2.0,1.0,1.8,2.968,2.5999999999999996,2.5999999999999996,2.8,2.5999999999999996
triposr,104,5.668000000000001,2.8340000000000005,0.8,2.8340000000000005,3.2,3.6,3.8000000000000003,3.6,3.6
hunyuan,260,6.0,3.0,1.0,2.7466666666666666,3.0,2.8,3.6,2.5999999999999996,2.5999999999999996
hunyuan,157,7.026666666666667,1.6666666666666667,1.0,2.4266666666666667,3.3333333333333335,2.8,3.8000000000000003,3.6,3.6
spard,170,6.3525,2.5,1.0,2.5,3.75,2.0,2.8,2.0,2.0
triposr,297,7.0,2.7300000000000004,1.0,2.7300000000000004,3.6,2.8,3.4000000000000004,2.8,3.4
spard,140,3.75,2.0,0.5,2.0,2.915,2.0,2.8,2.0,2.0
hunyuan,344,7.026666666666667,2.7733333333333334,1.0,2.7733333333333334,3.6666666666666665,2.5999999999999996,2.5999999999999996,3.8000000000000003,3.6
spard,489,6.51,2.34,0.75,2.5,3.25,2.8,3.2,2.8,3.1999999999999997
spard,15,7.3025,2.5,1.0,3.0,3.5,2.8,3.6,2.8,2.5999999999999996
hunyuan,350,7.083333333333334,2.8,1.0,2.0,3.3333333333333335,3.0,3.2,2.8,3.0
hunyuan,267,6.666666666666667,3.0,1.0,3.0,4.0,2.5999999999999996,3.0,3.0,2.8
crm,298,4.4159999999999995,2.544,1.0,2.544,2.968,2.1999999999999997,3.1999999999999997,2.4,2.1999999999999997
triposr,182,4.752,2.616,1.0,2.3980000000000006,3.8,2.0,2.5999999999999996,2.5999999999999996,2.0
hunyuan,304,6.333333333333333,3.0,1.0,3.3333333333333335,3.6666666666666665,2.5999999999999996,2.2,3.2,3.0
spard,357,5.0,2.0,1.0,2.3800000000000003,3.6666666666666665,2.5999999999999996,3.6,2.8,2.8
crm,388,4.462,2.0,1.0,2.3540000000000005,3.4,1.5999999999999999,2.5999999999999996,2.4,2.1999999999999997
crm,409,3.7825,2.4525,0.75,2.0,3.0,2.0,1.8,2.0,2.0
crm,150,4.0,1.6,0.8,2.0,3.2,2.0,2.2,2.0,2.0
hunyuan,403,6.8566666666666665,2.6933333333333334,1.0,2.6933333333333334,3.3333333333333335,2.8,3.6,3.0,3.1999999999999997
triposr,207,5.6160000000000005,2.592,1.0,2.3760000000000003,3.6,2.6,2.0,2.5999999999999996,2.8
hunyuan,377,6.0,3.0,1.0,3.0,3.6666666666666665,2.4,2.8,3.4,2.5999999999999996
spard,202,4.655,2.43,0.75,2.43,3.75,2.2,2.9999999999999996,2.0,2.0
crm,435,3.5700000000000007,2.52,1.0,2.7300000000000004,3.2,2.0,2.0,1.7999999999999998,1.7999999999999998
hunyuan,429,4.293333333333334,2.3800000000000003,1.0,2.0,3.0,2.5999999999999996,3.0,3.0,3.0
triposr,144,4.5125,2.3625000000000003,1.0,2.5,3.0,1.7999999999999998,2.8,2.2,2.8
spard,306,6.8566666666666665,2.356666666666667,1.0,3.0,3.6666666666666665,2.8,4.0,4.0,3.3999999999999995
crm,383,4.704,2.3760000000000003,1.0,2.3760000000000003,3.0,2.4,2.5999999999999996,2.0,1.7999999999999998
spard,459,6.82,2.0,1.0,2.5,4.0,3.6,3.6,3.8000000000000003,3.6
crm,357,4.324,2.2880000000000003,1.0,2.2880000000000003,3.6,2.5999999999999996,3.4,2.8,2.5999999999999996
crm,415,5.0,2.496,1.0,2.496,3.4,2.0,2.5999999999999996,2.0,2.0
triposr,264,4.6075,2.9425000000000003,0.75,2.0,3.0,2.2,2.2,2.0,2.5999999999999996
crm,402,5.0,2.2660000000000005,1.0,2.6780000000000004,3.4,2.5999999999999996,3.6,2.5999999999999996,3.1999999999999997
spard,420,7.4175,2.9975,1.0,2.9975,3.75,2.8,3.6,2.8,2.5999999999999996
crm,126,6.96,2.6,1.0,2.8,3.6,2.8,3.6,2.6,2.6
spard,158,6.6,2.0,1.0,2.75,4.0,2.0,2.2,2.4,2.0
spard,448,6.6675,2.4075,1.0,2.5,4.0,2.8,3.6,2.5999999999999996,2.5999999999999996
spard,383,6.405,2.295,1.0,2.295,3.25,2.8,3.6,2.5999999999999996,2.5999999999999996
crm,191,4.5120000000000005,2.2880000000000003,1.0,2.2880000000000003,3.4,1.8,2.5999999999999996,2.0,2.4
spard,251,6.93,2.915,1.0,2.5,3.25,2.5999999999999996,3.2,3.2,3.0
spard,50,7.3025,2.0,1.0,3.0,4.0,3.6,4.0,3.8000000000000003,3.4
spard,507,5.0,1.75,1.0,2.34,3.5,2.2,2.4,2.5999999999999996,1.8
triposr,284,6.72,2.8,1.0,2.4,3.6,2.0,2.2,2.4000000000000004,2.4000000000000004
triposr,43,6.48,2.4,1.0,2.6,4.0,2.4,2.5999999999999996,2.8,3.0
spard,232,4.5,2.0,0.75,2.43,3.0,2.2,2.0,2.2,2.8
spard,45,6.405,2.5,0.75,2.805,3.0,2.8,4.0,2.2,2.2
spard,361,5.0,2.3175,1.0,2.8325,3.5,2.0,2.8,2.0,2.0
triposr,55,3.4860000000000007,2.0,0.8,2.0,3.2,2.4,2.5999999999999996,2.8,2.1999999999999997
triposr,444,5.0,2.424,1.0,2.424,3.2,1.7999999999999998,2.0,1.6,2.0
spard,85,6.3999999999999995,2.3333333333333335,1.0,2.3333333333333335,3.6666666666666665,3.0,3.1999999999999997,3.6,2.8
hunyuan,359,7.026666666666667,2.4266666666666667,1.0,3.0,3.3333333333333335,3.4,4.0,4.0,4.0
crm,95,5.0,1.8,1.0,2.0,2.884,1.4,2.0,3.4,3.0
triposr,371,3.25,2.0,0.75,2.295,2.5,0.8,1.2000000000000002,2.0,0.8
crm,391,4.186,2.2220000000000004,0.8,2.6260000000000003,3.4,2.8,3.6,2.9999999999999996,2.8
spard,259,7.04,2.5,1.0,2.5,3.5,2.9999999999999996,3.6,2.0,2.4
triposr,486,4.704,2.3760000000000003,1.0,2.3760000000000003,3.6,1.7999999999999998,2.4,3.1999999999999997,2.5999999999999996
hunyuan,427,7.0,3.0,1.0,3.6666666666666665,4.0,3.4,3.8000000000000003,3.4,3.0
spard,382,6.82,3.0,1.0,3.0,3.75,2.8,3.4,2.5999999999999996,2.5999999999999996
spard,452,6.765,2.0,1.0,2.5,4.0,2.2,3.2,3.3999999999999995,3.1999999999999997
crm,247,5.356000000000001,2.472,0.8,2.472,3.2,2.4,2.8,2.5999999999999996,2.5999999999999996
spard,402,6.9575,2.5,1.0,2.7775,3.5,2.8,3.4,3.6,2.8
triposr,140,3.6,2.3760000000000003,0.8,2.592,2.8080000000000003,2.5999999999999996,2.8,2.2,2.4000000000000004
hunyuan,327,6.333333333333333,2.3333333333333335,1.0,3.3333333333333335,4.0,2.5999999999999996,3.0,2.9999999999999996,3.6
hunyuan,474,3.466666666666667,2.0,0.6666666666666666,2.0,2.6666666666666665,2.0,2.8,2.5999999999999996,2.2
hunyuan,68,6.333333333333333,3.0,1.0,2.9066666666666667,3.0,2.8,3.2,3.1999999999999997,3.8000000000000003
triposr,154,4.5120000000000005,2.2880000000000003,1.0,2.2880000000000003,3.2,1.4,2.2,3.8000000000000003,2.8
hunyuan,311,6.0,2.88,1.0,3.0,3.6666666666666665,2.8,3.1999999999999997,2.9999999999999996,2.8
spard,5,5.0,2.295,1.0,2.295,3.5,2.8,2.8,2.2,2.8
spard,89,4.7025,2.0,1.0,2.4525,3.0,2.4,2.8,2.4000000000000004,2.2
hunyuan,497,7.333333333333333,3.6666666666666665,1.0,3.6666666666666665,4.0,2.9999999999999996,3.6,3.1999999999999997,2.9999999999999996
crm,284,5.0,2.3760000000000003,1.0,2.8080000000000003,3.6,1.7999999999999998,2.2,2.2,2.4000000000000004
spard,195,4.4175,2.5,1.0,2.3175,3.25,2.8,2.9999999999999996,2.9999999999999996,2.5999999999999996
crm,193,4.232,2.0,1.0,2.244,3.0,1.7999999999999998,2.8,1.7999999999999998,1.7999999999999998
spard,295,4.5,2.0,0.75,2.0,3.5,1.6,2.4000000000000004,1.6,1.4
hunyuan,293,7.026666666666667,2.4266666666666667,1.0,2.4266666666666667,3.3333333333333335,2.5999999999999996,3.8000000000000003,3.6,2.8
triposr,263,5.0,2.652,1.0,2.448,3.6,2.8,3.4,3.0,3.2
triposr,227,4.56,2.5,1.0,2.5,3.5,2.0,2.4000000000000004,2.0,2.0
hunyuan,92,7.083333333333334,2.8,1.0,2.45,3.0,2.0,2.5999999999999996,2.2,2.0
triposr,145,5.0,2.3175,1.0,2.0,3.25,2.0,2.2,2.2,2.2
triposr,237,6.5625,2.5,1.0,2.3625000000000003,3.5,3.4,3.4,3.6,3.4
hunyuan,419,6.0,2.7466666666666666,1.0,2.4033333333333338,3.3333333333333335,2.0,2.2,2.5999999999999996,2.5999999999999996
hunyuan,36,7.253333333333334,2.88,1.0,2.88,3.3333333333333335,2.8,3.8000000000000003,3.0,3.4
crm,4,4.4,2.6780000000000004,1.0,2.472,3.0,2.5999999999999996,2.9999999999999996,2.8,2.5999999999999996
triposr,201,5.0,2.244,1.0,2.244,3.4,1.7999999999999998,2.4000000000000004,2.9999999999999996,2.9999999999999996
triposr,372,6.48,2.6,1.0,2.6,3.4,2.8,4.0,3.2,3.2
hunyuan,432,6.333333333333333,3.0,1.0,3.3333333333333335,4.0,2.5999999999999996,3.1999999999999997,2.8,2.5999999999999996
spard,129,4.7025,2.0,1.0,2.0,3.25,1.7999999999999998,2.8,2.0,2.5999999999999996
spard,445,5.0,2.0,1.0,2.0,3.25,1.8,2.0,1.5999999999999999,1.5999999999999999
crm,183,4.278,2.2660000000000005,1.0,2.2660000000000005,2.884,1.2000000000000002,2.0,1.2000000000000002,1.2000000000000002
spard,405,7.253333333333334,2.0,1.0,2.5200000000000005,4.0,1.8,2.0,1.2000000000000002,1.2000000000000002
crm,204,4.4159999999999995,2.0,1.0,2.3320000000000003,3.0,2.0,2.0,2.0,2.0
hunyuan,126,7.083333333333334,2.45,1.0,2.8,3.3333333333333335,3.1999999999999997,3.6,2.5999999999999996,3.1999999999999997
hunyuan,79,7.0,3.3333333333333335,1.0,3.3333333333333335,4.0,2.4,3.1999999999999997,2.8,2.8
triposr,219,4.6075,2.5,1.0,2.9425000000000003,3.75,1.7999999999999998,2.0,2.0,2.0
spard,96,6.9575,2.5,1.0,2.7775,3.75,3.4,3.8000000000000003,3.6,3.6
hunyuan,367,6.333333333333333,3.0,1.0,2.8,3.6666666666666665,2.4,2.8,3.0,3.5999999999999996
triposr,427,6.642,2.6780000000000004,1.0,2.6780000000000004,3.8,2.5999999999999996,3.6,2.5999999999999996,3.1999999999999997
crm,68,4.5120000000000005,2.496,0.8,2.496,2.912,2.0,2.2,2.0,2.0
hunyuan,291,6.333333333333333,2.8533333333333335,1.0,3.0,3.6666666666666665,2.9999999999999996,3.8000000000000003,3.1999999999999997,3.4
triposr,101,5.0,2.424,1.0,2.2220000000000004,3.2,2.8,2.8,3.0,2.8
triposr,75,6.534,2.6260000000000003,1.0,2.424,3.6,2.9999999999999996,3.1999999999999997,2.9999999999999996,2.9999999999999996
triposr,401,6.804,2.7560000000000002,1.0,2.3320000000000003,3.4,1.5999999999999999,2.4,1.7999999999999998,2.0
triposr,305,5.0,2.568,1.0,2.3540000000000005,3.4,2.2,2.2,2.0,2.5999999999999996
hunyuan,240,6.666666666666667,3.0,1.0,3.0,3.0,2.5999999999999996,3.4,3.4,2.5999999999999996
crm,505,4.5,2.0,1.0,2.0,3.5,1.5999999999999999,2.5999999999999996,1.8,1.8
crm,30,4.464,1.6,1.0,1.8,2.884,2.0,2.2,2.5999999999999996,2.5999999999999996
spard,475,5.0,2.3850000000000002,1.0,2.5,3.5,2.4,2.5999999999999996,3.1999999999999997,2.5999999999999996
triposr,32,5.0,2.544,1.0,2.3320000000000003,3.4,1.7999999999999998,2.8,1.5999999999999999,2.4
triposr,471,5.0,2.0,1.0,2.0,3.4,2.0,2.5999999999999996,2.5999999999999996,2.5999999999999996
spard,91,4.5,2.34,0.75,2.8600000000000003,3.25,2.8,3.8,2.8,2.5999999999999996
crm,213,5.564000000000001,2.7820000000000005,0.8,2.3540000000000005,3.4,2.5999999999999996,2.5999999999999996,2.5999999999999996,2.5999999999999996
crm,372,5.0,2.3760000000000003,0.8,2.3760000000000003,3.2,2.5999999999999996,3.8,2.5999999999999996,2.8
hunyuan,95,5.0,1.6666666666666667,1.0,2.3800000000000003,3.3333333333333335,1.5999999999999999,2.2,4.0,3.0
spard,114,4.526666666666666,2.0,1.0,2.496666666666667,3.3333333333333335,1.7999999999999998,2.5999999999999996,2.0,2.0
hunyuan,238,6.333333333333333,3.3333333333333335,1.0,2.8266666666666667,3.6666666666666665,2.5999999999999996,3.0,2.9999999999999996,3.4
triposr,273,5.0,2.8875,1.0,2.3625000000000003,3.25,2.6,2.0,2.5999999999999996,2.5999999999999996
triposr,23,5.0,2.616,1.0,2.8340000000000005,3.6,2.9999999999999996,2.8,3.6,3.4
triposr,365,4.14,2.0,1.0,2.2,3.6,2.0,2.5999999999999996,2.2,2.2
spard,477,6.875,2.3625000000000003,1.0,2.5,3.5,2.0,2.0,2.0,2.0
spard,403,6.0,3.0,1.0,3.0,4.0,2.8,3.6,3.4,3.4
spard,426,5.0,2.0,0.75,2.25,3.25,2.5999999999999996,2.4,2.5999999999999996,2.0
crm,375,5.0,2.7560000000000002,1.0,2.7560000000000002,3.6,2.0,2.8,3.0,3.0
triposr,481,3.5700000000000007,2.0,0.6,1.8,3.2,2.5999999999999996,3.0,2.8,2.5999999999999996
spard,377,7.015,2.295,1.0,2.805,4.0,2.8,3.6,2.9999999999999996,2.8
spard,463,6.913333333333333,2.0,1.0,2.7199999999999998,3.6666666666666665,2.8,2.0,2.8,2.5999999999999996
spard,23,5.0,2.0,1.0,2.496666666666667,3.3333333333333335,2.8,3.0,3.1999999999999997,3.4000000000000004
spard,156,5.0,1.75,1.0,2.0,3.5,2.5999999999999996,2.8,2.5999999999999996,2.5999999999999996
crm,74,4.752,2.3980000000000006,1.0,2.0,3.052,3.2,2.6,3.2,3.2
spard,71,5.0,2.5,1.0,2.5,3.0,2.9999999999999996,3.8000000000000003,2.9999999999999996,3.6
crm,131,4.508,2.3760000000000003,1.0,2.0,3.024,2.0,2.0,2.0,2.0
hunyuan,326,6.666666666666667,3.0,1.0,3.0,3.6666666666666665,2.8,3.4,2.8,2.5999999999999996
crm,338,4.0,2.2660000000000005,1.0,2.0,2.472,1.5999999999999999,2.5999999999999996,1.5999999999999999,1.5999999999999999
triposr,8,4.368,2.424,0.8,2.0,3.0,2.5999999999999996,2.2,3.4,3.4
triposr,270,4.752,2.3980000000000006,1.0,2.3980000000000006,3.4,1.8,2.0,1.4,1.0
triposr,433,6.72,2.0,1.0,2.43,3.25,2.8,3.1999999999999997,3.4,3.6
crm,495,4.4,2.0,0.6,2.0,3.0,2.0,2.4,2.2,2.0
crm,121,4.0,1.8,0.8,1.8,2.652,1.7999999999999998,2.5999999999999996,1.7999999999999998,1.7999999999999998
crm,370,5.0,2.6,1.0,2.4,3.4,2.0,2.4,2.2,2.0
spard,370,6.6,2.25,1.0,2.5,3.75,2.8,3.8000000000000003,3.2,3.4
hunyuan,3,6.333333333333333,2.6933333333333334,1.0,2.356666666666667,3.3333333333333335,2.5999999999999996,2.5999999999999996,3.4,3.4
hunyuan,276,6.333333333333333,2.8266666666666667,1.0,2.8266666666666667,3.6666666666666665,2.9999999999999996,2.9999999999999996,2.9999999999999996,2.2
hunyuan,482,7.3100000000000005,2.9066666666666667,1.0,2.9066666666666667,3.6666666666666665,2.8,3.8000000000000003,3.0,2.5999999999999996
hunyuan,167,6.773333333333333,2.496666666666667,1.0,2.496666666666667,3.3333333333333335,2.8,3.8000000000000003,2.9999999999999996,2.8
spard,404,6.7725,2.5,1.0,3.0,3.5,2.9999999999999996,4.0,4.0,4.0
triposr,411,5.564000000000001,2.996,1.0,2.0,3.4,2.4,3.4,3.0,3.5999999999999996
spard,30,5.0,2.0,1.0,2.45,3.6666666666666665,2.8,2.8,2.0,2.5999999999999996
hunyuan,186,6.333333333333333,3.0,1.0,2.8266666666666667,3.6666666666666665,2.8,3.4,3.6,2.5999999999999996
spard,10,4.526666666666666,2.0,1.0,2.0,3.0,2.5999999999999996,2.8,2.0,2.0
hunyuan,348,6.72,3.3333333333333335,1.0,2.8266666666666667,3.3333333333333335,2.8,3.8,3.4,3.4
triposr,320,4.4159999999999995,2.0,0.8,2.0,3.0,2.8,2.8,2.9999999999999996,3.6
triposr,152,4.416,2.244,0.8,2.0,3.4,2.8,2.9999999999999996,2.8,2.8
hunyuan,297,5.0,2.7466666666666666,0.6666666666666666,2.0,2.7466666666666666,3.4,3.8,3.1999999999999997,3.1999999999999997
spard,323,5.0,2.4525,1.0,2.9975,3.25,2.9999999999999996,3.6,2.9999999999999996,2.9999999999999996
spard,159,4.4175,2.3175,1.0,2.0,3.75,2.4,2.5999999999999996,2.5999999999999996,2.4
crm,10,4.4,2.0,0.8,2.3100000000000005,3.0,1.5999999999999999,2.4,2.5999999999999996,2.5999999999999996
spard,41,4.275,2.0,1.0,2.25,3.75,2.5999999999999996,3.1999999999999997,2.5999999999999996,2.5999999999999996
crm,61,4.4,2.0,0.8,2.3540000000000005,3.0,1.5999999999999999,2.5999999999999996,1.7999999999999998,1.7999999999999998
crm,167,3.6,1.6,0.8,2.0,2.52,1.5999999999999999,2.4,1.7999999999999998,1.7999999999999998
triposr,16,6.48,2.6,1.0,2.4,3.6,2.2,2.0,3.4,2.8
spard,416,6.3999999999999995,2.0,1.0,1.6666666666666667,3.3333333333333335,2.5999999999999996,3.4,2.9999999999999996,2.9999999999999996
triposr,325,7.25,2.7300000000000004,1.0,2.7300000000000004,4.0,1.7999999999999998,2.0,2.2,2.0
triposr,138,6.944,2.496,1.0,2.2880000000000003,3.6,1.7999999999999998,2.4000000000000004,2.2,2.2
spard,21,6.405,2.295,1.0,2.5,4.0,2.5999999999999996,2.8,2.8,3.0
hunyuan,499,6.666666666666666,2.0,1.0,2.45,3.0,2.9999999999999996,3.8000000000000003,3.2,3.0
spard,102,6.4575,2.5,1.0,2.3175,3.5,2.8,2.8,2.8,2.8
spard,131,4.5,2.5,1.0,2.5,2.97,2.8,3.0,2.2,2.4000000000000004
spard,339,6.93,2.915,1.0,2.915,3.75,2.4,2.9999999999999996,2.4,2.4
hunyuan,66,6.666666666666667,3.3333333333333335,1.0,3.3333333333333335,4.0,3.1999999999999997,3.3999999999999995,3.3999999999999995,4.0
spard,27,5.0,2.0,1.0,2.5,3.0,3.8000000000000003,4.0,3.1999999999999997,3.1999999999999997
hunyuan,349,7.333333333333333,3.6666666666666665,1.0,3.6666666666666665,4.0,3.6,4.0,3.8000000000000003,3.8000000000000003
triposr,316,4.656,2.0,1.0,2.0,3.2,2.2,2.4000000000000004,3.1999999999999997,2.0
crm,490,5.0,2.616,1.0,2.8340000000000005,3.6,2.9999999999999996,3.1999999999999997,3.8000000000000003,3.6
spard,199,4.56,2.3850000000000002,1.0,2.3850000000000002,3.75,3.6,3.8000000000000003,3.8000000000000003,3.6
triposr,129,4.0,2.25,1.0,2.5,3.25,2.2,3.0,2.2,2.8
crm,318,7.0,2.94,1.0,2.7300000000000004,3.4,1.8,3.0,3.0,1.8
spard,249,5.0,2.43,1.0,2.43,3.75,2.0,2.5999999999999996,2.2,2.0
spard,348,6.72,2.43,1.0,2.43,3.25,2.0,3.0,2.0,2.0
hunyuan,493,6.333333333333333,3.0,1.0,3.3333333333333335,4.0,3.4,3.8000000000000003,3.4,3.4
spard,222,7.04,2.5,1.0,2.5,3.75,2.8,3.0,3.0,2.5999999999999996
hunyuan,384,6.333333333333333,2.8533333333333335,1.0,2.8533333333333335,3.6666666666666665,1.7999999999999998,2.8,3.4,2.8
spard,51,5.0,2.0,1.0,2.5,3.75,2.5999999999999996,2.5999999999999996,2.5999999999999996,2.5999999999999996
hunyuan,360,6.0,2.8533333333333335,1.0,3.0,3.6666666666666665,2.4000000000000004,2.4000000000000004,3.6,2.9999999999999996
hunyuan,42,6.3999999999999995,2.0,1.0,2.6666666666666665,3.0,1.2000000000000002,2.2,3.1999999999999997,2.4000000000000004
hunyuan,228,7.333333333333333,3.6666666666666665,1.0,3.3333333333333335,4.0,3.0,3.3999999999999995,3.2,3.2
hunyuan,100,7.333333333333333,4.0,1.0,3.3333333333333335,4.0,3.1999999999999997,2.2,3.8000000000000003,3.4
spard,275,4.7025,2.5,0.75,2.4525,2.9975,2.0,2.0,1.7999999999999998,1.7999999999999998
hunyuan,201,7.140000000000001,2.4733333333333336,1.0,2.0,3.0,2.0,2.2,3.1999999999999997,2.5999999999999996
crm,355,5.2,2.4,0.8,2.6,3.4,3.4,3.4,3.1999999999999997,3.1999999999999997
crm,103,5.408,2.704,1.0,2.704,3.4,2.8,2.4000000000000004,3.3999999999999995,3.3999999999999995
spard,277,6.82,2.8600000000000003,0.75,2.5,3.5,2.0,2.0,1.2000000000000002,1.4
hunyuan,319,6.333333333333333,3.3333333333333335,1.0,3.3333333333333335,3.6666666666666665,3.0,4.0,3.8000000000000003,3.6
hunyuan,149,6.8,2.6666666666666665,1.0,3.0,3.3333333333333335,2.2,2.2,1.6,1.4
hunyuan,313,6.0,3.0,1.0,2.9066666666666667,3.6666666666666665,3.4,3.8000000000000003,2.8,3.4
hunyuan,135,5.0,1.6666666666666667,1.0,1.6666666666666667,2.6933333333333334,2.4,2.8,3.0,2.5999999999999996
hunyuan,285,6.666666666666667,3.0,1.0,3.0,3.6666666666666665,3.4,3.8000000000000003,3.4,3.6
triposr,60,4.5125,2.3625000000000003,1.0,2.3625000000000003,3.25,1.5999999999999999,3.1999999999999997,2.8,2.5999999999999996
hunyuan,26,6.506666666666666,2.7199999999999998,1.0,2.7199999999999998,3.3333333333333335,2.4,3.0,2.5999999999999996,2.5999999999999996
hunyuan,454,6.666666666666667,3.6666666666666665,1.0,3.3333333333333335,4.0,2.8,3.4,3.4,2.5999999999999996
crm,238,4.752,2.8340000000000005,0.8,2.8340000000000005,3.2,2.5999999999999996,2.8,2.5999999999999996,2.5999999999999996
hunyuan,34,4.386666666666668,2.0,1.0,2.0,2.7733333333333334,2.0,2.4000000000000004,2.8,2.8
spard,409,6.405,2.0,1.0,2.295,3.75,2.4,3.3999999999999995,2.2,2.4000000000000004
spard,19,6.654999999999999,2.5,1.0,2.7775,4.0,3.6,3.6,2.9999999999999996,3.6
triposr,159,4.186,2.0,1.0,2.0,4.0,2.5999999999999996,2.8,2.5999999999999996,2.5999999999999996
hunyuan,90,6.0,2.7466666666666666,1.0,3.0,3.3333333333333335,3.0,3.8000000000000003,3.6,2.8
spard,502,6.5625,2.0,1.0,2.3625000000000003,3.75,2.0,2.2,1.8,1.8
hunyuan,483,6.0,2.0,1.0,2.8,3.3333333333333335,2.5999999999999996,3.8,4.0,2.5999999999999996
crm,116,4.232,2.448,1.0,2.652,3.4,1.4,2.2,1.4,1.4
hunyuan,459,6.333333333333333,3.3333333333333335,1.0,3.0,3.3333333333333335,3.8000000000000003,3.8000000000000003,3.8000000000000003,3.6
spard,371,5.0,2.0,0.75,2.5,3.0,2.4,2.4,2.2,2.4
spard,498,7.095000000000001,2.4525,1.0,3.0,4.0,2.5999999999999996,2.5999999999999996,2.8,2.0
spard,369,5.0,2.97,1.0,2.43,2.97,2.8,3.0,2.8,2.4000000000000004
triposr,38,5.356000000000001,2.2660000000000005,1.0,2.6780000000000004,3.6,2.4,2.8,2.9999999999999996,2.5999999999999996
hunyuan,150,6.0,2.7199999999999998,1.0,2.7199999999999998,3.3333333333333335,2.0,2.5999999999999996,3.6,2.2
spard,400,4.5,2.0,1.0,2.5,3.25,2.2,3.1999999999999997,2.4,2.9999999999999996
hunyuan,138,6.666666666666667,3.0,1.0,3.0,3.6666666666666665,1.7999999999999998,2.0,2.5999999999999996,2.5999999999999996
hunyuan,318,6.333333333333333,2.7199999999999998,1.0,3.0,3.3333333333333335,2.4,4.0,4.0,3.5999999999999996
crm,427,6.776,3.0,1.0,3.0,3.8,3.4,3.8000000000000003,3.2,3.0
triposr,341,4.0,2.0,1.0,1.8,2.3980000000000006,1.7999999999999998,2.4000000000000004,2.4,2.0
hunyuan,44,6.333333333333333,2.8533333333333335,1.0,2.8533333333333335,3.6666666666666665,2.0,2.0,3.2,3.1999999999999997
triposr,250,6.4,3.2,1.0,3.2,4.0,2.6,3.4,2.9999999999999996,2.6
spard,36,5.0,2.0,1.0,2.0,3.0,2.8,3.6,2.8,2.8
spard,325,4.7025,1.75,1.0,1.75,3.5,2.0,2.8,1.7999999999999998,2.0
spard,121,3.75,1.75,0.75,2.4525,3.0,2.2,2.2,2.2,2.0
hunyuan,486,6.666666666666667,3.0,1.0,3.0,4.0,2.0,2.4000000000000004,3.6,2.9999999999999996
spard,398,5.0,2.295,1.0,2.295,3.25,2.8,2.9999999999999996,2.8,2.5999999999999996
spard,132,4.655,2.0,1.0,2.43,3.25,2.2,2.4000000000000004,2.9999999999999996,2.9999999999999996
triposr,72,7.167999999999999,2.592,1.0,2.8080000000000003,3.6,2.5999999999999996,3.4,3.0,3.1999999999999997
triposr,92,4.4,2.3100000000000005,1.0,2.3100000000000005,3.2,2.0,2.9999999999999996,2.2,2.0
crm,236,3.5700000000000007,2.0,0.8,1.6,2.3100000000000005,1.7999999999999998,2.0,2.5999999999999996,2.0
hunyuan,10,6.333333333333333,3.0,1.0,3.0,4.0,3.0,2.8,3.2,3.6
triposr,221,3.5280000000000005,2.2880000000000003,0.8,1.8,2.496,2.8,3.1999999999999997,2.2,2.8
spard,3,6.93,2.915,1.0,2.915,4.0,2.8,3.0,3.2,3.3999999999999995
crm,485,6.534,2.424,1.0,2.6260000000000003,3.6,1.2000000000000002,1.7999999999999998,1.4,1.4
triposr,383,5.6160000000000005,2.592,1.0,2.3760000000000003,3.2,2.5999999999999996,2.0,3.6,2.5999999999999996
crm,394,4.656,2.568,0.8,2.568,2.996,2.0,2.2,3.0,2.5999999999999996
triposr,155,5.0,2.75,1.0,2.5,3.5,2.9999999999999996,3.6,3.8000000000000003,3.6
hunyuan,242,6.0,3.0,1.0,2.496666666666667,3.3333333333333335,2.9999999999999996,2.8,2.9999999999999996,2.8
spard,151,5.0,2.496666666666667,1.0,2.496666666666667,3.6666666666666665,2.5999999999999996,3.4,3.0,2.8
triposr,295,5.356000000000001,2.6780000000000004,1.0,3.0,3.8,2.4,2.5999999999999996,2.5999999999999996,2.5999999999999996
spard,242,6.71,2.805,1.0,2.5,3.25,2.0,2.2,2.4,2.0
crm,304,5.0,2.0,1.0,2.8,3.6,2.0,2.0,2.4,2.5999999999999996
crm,497,5.0,2.3540000000000005,1.0,2.0,3.4,1.7999999999999998,2.0,1.7999999999999998,1.7999999999999998
triposr,137,4.368,2.424,1.0,2.2220000000000004,3.4,2.8,3.0,3.2,3.0
crm,478,4.508,2.592,1.0,2.8080000000000003,3.6,2.6,2.9999999999999996,2.4,2.5999999999999996
crm,233,3.5280000000000005,2.2880000000000003,0.8,2.704,3.2,2.5999999999999996,2.8,2.8,2.8
triposr,322,6.765,2.8325,0.75,2.5,3.0,3.6,3.4000000000000004,3.6,3.4
spard,200,3.6550000000000002,2.0,1.0,2.0,3.0,3.0,3.8000000000000003,2.8,2.8
spard,373,7.04,2.43,1.0,2.43,3.5,3.4,3.6,3.4,3.4
triposr,123,6.6,2.5,1.0,2.25,3.75,3.8000000000000003,3.8000000000000003,3.1999999999999997,3.6
triposr,177,5.252000000000001,2.424,1.0,2.2220000000000004,3.4,2.5999999999999996,3.0,2.9999999999999996,2.8
hunyuan,397,6.666666666666667,3.6666666666666665,1.0,3.3333333333333335,4.0,2.5999999999999996,3.6,2.8,3.1999999999999997
triposr,375,6.405,2.5,1.0,2.5,3.5,2.2,2.8,2.2,2.9999999999999996
triposr,236,4.37,2.52,1.0,2.3100000000000005,3.4,1.7999999999999998,2.2,2.2,2.0
spard,261,7.04,2.5,1.0,2.5,3.5,2.9999999999999996,3.8000000000000003,3.8000000000000003,3.8000000000000003
crm,20,3.4440000000000004,1.8,1.0,2.244,3.2,2.5999999999999996,2.8,3.1999999999999997,2.5999999999999996
hunyuan,440,6.0,2.8,1.0,2.8,3.6666666666666665,1.7999999999999998,3.2,3.4,2.8
crm,35,4.4,2.0,1.0,2.2660000000000005,3.2,2.4,2.5999999999999996,2.5999999999999996,2.5999999999999996
hunyuan,404,6.0,2.6933333333333334,1.0,3.0,3.6666666666666665,3.6,4.0,3.3999999999999995,3.8
hunyuan,507,6.0,2.4733333333333336,1.0,2.8266666666666667,3.3333333333333335,2.0,2.8,3.0,3.0
triposr,132,5.0,1.8,1.0,2.0,3.0,2.0,2.4000000000000004,3.4,3.0
triposr,229,3.654000000000001,2.568,1.0,2.3540000000000005,2.996,2.4,2.4,2.4,2.2
hunyuan,64,5.0,2.0,1.0,2.0,3.0,2.0,2.0,2.8,2.4000000000000004
spard,98,7.13,2.0,1.0,2.5,4.0,2.5999999999999996,2.8,2.8,3.1999999999999997
hunyuan,199,6.0,2.8266666666666667,1.0,3.0,3.6666666666666665,3.4,3.6,3.6,3.4
hunyuan,284,6.333333333333333,2.8533333333333335,1.0,2.496666666666667,3.0,1.7999999999999998,2.2,2.2,2.2
hunyuan,269,6.666666666666667,3.0,1.0,3.0,3.6666666666666665,2.8,3.0,3.4,2.9999999999999996
crm,194,4.0,2.0,0.6,1.8,2.2660000000000005,2.5999999999999996,2.8,2.5999999999999996,2.5999999999999996
spard,255,4.5,1.75,0.75,2.43,3.0,1.8,2.0,1.8,1.8
hunyuan,191,6.333333333333333,2.543333333333334,1.0,2.543333333333334,3.6666666666666665,2.0,2.4000000000000004,2.0,2.0
crm,279,5.252000000000001,2.6260000000000003,1.0,2.6260000000000003,3.0,2.8,3.6,3.0,2.8
hunyuan,165,6.333333333333333,2.8,1.0,3.0,3.6666666666666665,3.4,3.8000000000000003,2.9999999999999996,3.4
triposr,466,4.462,2.7820000000000005,1.0,2.568,3.0,2.2,2.0,2.5999999999999996,2.0
spard,250,7.015,2.5,1.0,2.805,3.5,3.4,3.8000000000000003,3.4,3.4
triposr,215,6.72,2.6,1.0,2.6,3.6,1.5999999999999999,2.5999999999999996,2.0,2.5999999999999996
triposr,240,5.668000000000001,3.052,1.0,3.0,3.4,2.5999999999999996,2.8,2.5999999999999996,2.5999999999999996
triposr,70,6.966000000000001,2.616,1.0,2.616,3.8,3.4,3.6,3.6,3.4
hunyuan,244,6.333333333333333,3.3333333333333335,1.0,2.6933333333333334,3.6666666666666665,2.5999999999999996,2.2,2.8,2.8
hunyuan,424,6.333333333333333,3.0,1.0,3.3333333333333335,4.0,2.5999999999999996,3.0,3.4000000000000004,2.4
triposr,399,5.460000000000001,2.7300000000000004,1.0,2.52,3.8,2.4,2.0,3.0,2.4
crm,114,4.704,2.3760000000000003,1.0,2.592,3.4,2.8,2.9999999999999996,2.5999999999999996,2.5999999999999996
spard,75,6.82,2.5,0.75,2.5,3.5,2.5999999999999996,2.5999999999999996,2.5999999999999996,2.0
hunyuan,45,6.666666666666667,3.0,1.0,3.0,3.6666666666666665,2.2,2.8,2.0,2.5999999999999996
crm,262,4.608,2.3320000000000003,1.0,2.0,3.2,2.2,2.4000000000000004,2.8,3.0
crm,54,6.804,2.7560000000000002,1.0,2.544,3.8,2.8,2.8,2.8,2.8
spard,186,7.095000000000001,2.5,1.0,2.5,3.75,2.5999999999999996,3.4,2.9999999999999996,2.9999999999999996
triposr,291,4.4,2.0,1.0,2.4,3.4,2.4,3.0,2.5999999999999996,2.0
triposr,287,3.4,2.2880000000000003,0.8,2.2880000000000003,2.496,1.7999999999999998,2.2,2.0,2.0
triposr,180,6.534,2.0,1.0,2.2220000000000004,3.6,1.2000000000000002,1.7999999999999998,3.1999999999999997,2.5999999999999996
triposr,381,6.888,2.6780000000000004,1.0,2.472,3.4,2.5999999999999996,2.0,2.8,2.5999999999999996
triposr,335,5.0,2.244,1.0,2.448,3.6,2.0,2.9999999999999996,2.0,1.8
crm,482,6.804,2.968,1.0,2.968,3.6,2.5999999999999996,3.6,2.5999999999999996,2.4
hunyuan,132,6.8,2.0,1.0,2.3333333333333335,3.0,1.2000000000000002,2.2,3.6,2.2
hunyuan,234,6.8566666666666665,2.6933333333333334,1.0,2.356666666666667,3.3333333333333335,2.5999999999999996,2.0,3.6,3.0
spard,252,7.3025,2.5,1.0,2.4075,3.5,2.5999999999999996,2.8,2.8,2.8
hunyuan,270,7.140000000000001,1.6666666666666667,1.0,2.4733333333333336,3.3333333333333335,1.5999999999999999,2.5999999999999996,2.6,2.4
spard,46,5.0,2.543333333333334,1.0,2.543333333333334,3.3333333333333335,3.0,3.2,2.0,2.2
spard,11,5.0,2.4075,1.0,2.5,3.75,2.0,2.0,3.6,2.5999999999999996
hunyuan,392,6.8,3.0,0.6666666666666666,3.0,3.0,3.0,3.6,2.9999999999999996,3.4
spard,290,5.0,2.543333333333334,1.0,2.0,3.6666666666666665,2.2,2.4,2.8,3.0
hunyuan,264,6.0,2.8,1.0,3.0,3.3333333333333335,2.8,3.6,2.9999999999999996,2.9999999999999996
spard,257,4.5,2.4075,0.75,2.4075,2.9425000000000003,2.0,2.2,2.0,2.0
crm,221,4.368,2.828,1.0,2.828,3.2,1.5999999999999999,2.0,1.5999999999999999,1.7999999999999998
crm,326,3.8,2.0,0.8,2.3980000000000006,3.052,1.7999999999999998,2.5999999999999996,1.7999999999999998,2.0
triposr,350,5.0,2.4,1.0,2.6,3.8,2.0,2.5999999999999996,2.8,2.8
hunyuan,80,6.333333333333333,3.3333333333333335,1.0,3.3333333333333335,3.6666666666666665,2.5999999999999996,3.6,2.8,3.1999999999999997
hunyuan,501,6.666666666666667,3.0,1.0,3.0,4.0,2.5999999999999996,3.4,3.8000000000000003,2.8
crm,303,4.186,1.8,0.8,2.0,3.2,1.7999999999999998,2.5999999999999996,2.5999999999999996,2.5999999999999996
spard,94,7.13,3.0,1.0,2.5,3.75,2.8,3.6,2.5999999999999996,3.1999999999999997
hunyuan,123,6.333333333333333,3.3333333333333335,1.0,3.0,3.3333333333333335,3.0,3.8,3.0,3.0
hunyuan,385,6.333333333333333,2.5200000000000005,1.0,2.5200000000000005,3.3333333333333335,2.0,2.4000000000000004,2.5999999999999996,1.8
triposr,30,6.0,2.8,1.0,2.6,3.2,2.5999999999999996,2.8,3.2,3.8
triposr,447,6.944,2.704,1.0,2.704,3.6,2.8,3.3999999999999995,3.6,3.6
spard,418,6.82,1.75,1.0,2.5,3.25,2.5999999999999996,3.6,2.5999999999999996,3.1999999999999997
hunyuan,107,7.3100000000000005,2.9066666666666667,1.0,2.543333333333334,3.3333333333333335,3.1999999999999997,2.8,3.6,3.6
hunyuan,142,4.48,2.0,1.0,2.0,2.4733333333333336,2.0,2.8,2.8,2.8
hunyuan,18,6.0,2.8266666666666667,1.0,2.8266666666666667,3.0,2.5999999999999996,3.0,3.1999999999999997,2.5999999999999996
triposr,183,4.278,2.2660000000000005,1.0,2.2660000000000005,3.6,2.0,2.8,2.0,2.0
triposr,0,6.588,2.652,1.0,2.448,3.4,2.5999999999999996,2.5999999999999996,3.2,3.4
spard,7,7.245,2.3850000000000002,1.0,2.915,3.75,3.4,3.4,3.6,3.1999999999999997
crm,429,5.0,2.592,1.0,2.592,3.2,1.7999999999999998,3.0,2.4,3.0
triposr,120,4.4,2.3980000000000006,1.0,2.3980000000000006,3.0,1.8,2.5999999999999996,2.0,2.0
hunyuan,185,5.0,1.6666666666666667,1.0,2.0,2.6666666666666665,3.1999999999999997,3.3999999999999995,2.9999999999999996,4.0
hunyuan,365,6.970000000000001,2.7466666666666666,1.0,2.4033333333333338,3.0,2.0,2.0,1.4,1.7999999999999998
triposr,142,6.7725,2.4525,1.0,2.4525,3.25,2.0,2.8,2.5999999999999996,2.8
triposr,390,4.37,2.5,1.0,2.805,3.25,2.0,2.0,2.0,2.0
triposr,430,4.37,2.3100000000000005,0.8,2.0,3.0,2.0,2.5999999999999996,2.5999999999999996,2.0
hunyuan,256,7.140000000000001,2.8266666666666667,1.0,3.0,3.3333333333333335,2.5999999999999996,3.0,2.4,2.6
spard,34,4.5125,2.0,0.75,2.5,3.0,2.8,3.6,3.1999999999999997,3.8000000000000003
spard,207,7.196666666666667,2.496666666666667,1.0,2.496666666666667,2.8533333333333335,2.2,2.2,2.5999999999999996,2.2
hunyuan,2,6.333333333333333,3.0,1.0,3.0,3.6666666666666665,2.2,2.4000000000000004,2.8,2.9999999999999996
spard,407,6.654999999999999,2.5,0.75,2.5,3.75,2.8,2.8,2.8,2.5999999999999996
hunyuan,504,6.333333333333333,2.543333333333334,1.0,2.543333333333334,3.3333333333333335,2.0,3.0,3.4,2.5999999999999996
hunyuan,48,7.0,3.6666666666666665,1.0,3.3333333333333335,4.0,2.5999999999999996,3.0,2.9999999999999996,2.2
spard,375,6.6675,2.5,1.0,2.9425000000000003,3.75,2.8,3.8000000000000003,3.0,2.8
spard,439,5.0,2.4075,1.0,2.9425000000000003,3.5,2.5999999999999996,3.6,2.4,2.4
spard,214,5.0,2.0,1.0,2.5,3.25,2.8,3.0,2.8,3.4
spard,329,5.0,2.0,1.0,2.5,3.25,2.5999999999999996,3.6,2.5999999999999996,2.5999999999999996
hunyuan,144,7.196666666666667,2.0,1.0,2.0,3.0,2.5999999999999996,2.8,2.8,2.8
spard,417,4.655,1.5,1.0,2.43,3.75,2.2,3.1999999999999997,2.4000000000000004,2.0
spard,212,6.7725,2.0,1.0,2.4525,3.5,2.8,3.4,2.5999999999999996,2.8
spard,302,4.275,2.5,1.0,2.5,3.5,2.4,2.4,3.1999999999999997,2.5999999999999996
hunyuan,141,6.333333333333333,2.496666666666667,1.0,3.0,3.6666666666666665,2.8,3.4,2.9999999999999996,3.4
crm,492,5.356000000000001,2.2660000000000005,1.0,2.2660000000000005,3.6,1.7999999999999998,2.4,1.7999999999999998,1.7999999999999998
triposr,256,3.6120000000000005,2.3320000000000003,1.0,2.0,2.968,2.0,2.8,2.2,2.2
spard,248,6.72,2.5,1.0,2.5,3.25,2.8,2.9999999999999996,2.8,2.8
spard,147,4.5,2.25,1.0,2.5,3.25,2.5999999999999996,2.5999999999999996,3.6,2.5999999999999996
hunyuan,127,6.0,2.3800000000000003,1.0,2.7199999999999998,3.6666666666666665,2.5999999999999996,3.1999999999999997,2.4,3.0
hunyuan,192,6.666666666666667,3.3333333333333335,1.0,2.6933333333333334,3.6666666666666665,2.8,3.6,2.8,2.8
crm,340,4.368,2.424,1.0,2.424,3.6,1.8,2.0,2.0,2.0
triposr,128,5.0,2.2725,1.0,2.2725,3.75,2.8,3.6,2.5999999999999996,2.5999999999999996
hunyuan,249,6.333333333333333,3.0,1.0,3.0,3.6666666666666665,3.0,2.8,3.6,2.5999999999999996
spard,223,7.095000000000001,2.4525,1.0,2.5,3.75,2.0,2.2,1.6,1.4
crm,226,4.37,2.52,1.0,2.52,3.0,2.8,3.0,3.0,3.1999999999999997
hunyuan,472,6.8566666666666665,2.6933333333333334,1.0,2.6933333333333334,3.0,3.4,3.8000000000000003,3.6,3.4
triposr,410,7.245,3.25,1.0,2.5,3.5,3.1999999999999997,3.4,2.8,3.1999999999999997
hunyuan,72,6.666666666666667,3.3333333333333335,1.0,3.0,3.6666666666666665,2.5999999999999996,3.1999999999999997,3.4,3.4
triposr,304,5.6160000000000005,2.8080000000000003,1.0,2.8080000000000003,3.6,2.5999999999999996,2.2,3.1999999999999997,2.4
crm,89,3.4860000000000007,2.2660000000000005,1.0,2.6780000000000004,2.884,1.7999999999999998,2.2,1.7999999999999998,1.7999999999999998
spard,243,6.8999999999999995,2.75,1.0,2.75,3.75,2.2,3.0,2.4000000000000004,2.8
crm,29,6.776,2.0,1.0,2.6260000000000003,3.8,2.5999999999999996,3.4,2.5999999999999996,3.1999999999999997
crm,206,3.8,2.2220000000000004,0.6,2.0,2.6260000000000003,1.2,2.0,1.0,1.2
spard,142,4.465,2.34,1.0,2.8600000000000003,3.25,2.8,3.8000000000000003,2.8,2.5999999999999996
triposr,1,4.4,2.0,0.8,1.8,2.8,2.4,2.5999999999999996,3.1999999999999997,3.3999999999999995
hunyuan,508,6.333333333333333,3.0,1.0,3.0,4.0,2.8,3.8,3.6,3.6
spard,128,4.5,1.75,0.75,1.75,3.0,2.5999999999999996,3.0,2.2,2.0
spard,294,6.4575,2.3175,1.0,2.3175,3.5,2.0,2.2,2.0,2.0
hunyuan,496,6.0,3.0,1.0,3.3333333333333335,3.6666666666666665,2.8,3.6,3.6,3.1999999999999997
spard,499,3.4000000000000004,1.75,0.75,2.25,3.0,1.6,2.8,1.5999999999999999,1.8
hunyuan,490,6.333333333333333,3.3333333333333335,1.0,3.3333333333333335,3.6666666666666665,2.8,3.0,3.8,3.5999999999999996
triposr,235,5.0,2.448,1.0,2.448,3.2,3.4,3.8,4.0,3.6
crm,381,3.4440000000000004,2.0,0.6,1.6,2.448,2.2,2.8,2.0,2.0
hunyuan,335,6.0,2.356666666666667,1.0,3.3333333333333335,4.0,2.8,3.8000000000000003,2.5999999999999996,3.6
spard,25,6.8566666666666665,2.356666666666667,1.0,2.6933333333333334,3.6666666666666665,2.8,2.8,2.8,3.0
spard,29,6.4575,2.0,1.0,2.3175,3.5,2.9999999999999996,3.6,2.8,3.4
hunyuan,431,6.453333333333333,2.356666666666667,1.0,2.356666666666667,3.0,2.8,3.8000000000000003,2.9999999999999996,3.4
crm,384,5.0,2.2880000000000003,1.0,2.0,3.4,1.7999999999999998,2.0,2.5999999999999996,2.5999999999999996
hunyuan,151,7.026666666666667,2.7733333333333334,1.0,2.4266666666666667,3.3333333333333335,2.0,2.2,3.0,3.0
spard,42,6.3,2.25,1.0,2.5,3.5,2.4000000000000004,3.2,1.4,2.4000000000000004
triposr,27,4.656,2.568,1.0,2.568,3.4,3.4,3.8000000000000003,3.1999999999999997,3.1999999999999997
hunyuan,287,6.613333333333333,2.4266666666666667,1.0,3.0,3.3333333333333335,2.0,2.5999999999999996,2.0,2.0
triposr,44,4.275,2.0,0.75,2.0,3.25,2.5999999999999996,3.0,3.1999999999999997,2.5999999999999996
spard,101,5.0,2.4075,1.0,2.4075,3.25,3.0,3.0,2.2,3.0
hunyuan,5,5.0,2.496666666666667,1.0,2.496666666666667,3.3333333333333335,2.2,2.8,2.2,2.2
triposr,191,4.4159999999999995,2.0,1.0,2.3320000000000003,3.4,2.5999999999999996,3.6,2.5999999999999996,2.5999999999999996
crm,269,3.696,2.3760000000000003,1.0,2.3760000000000003,3.0,2.0,2.0,1.8,2.0
triposr,455,5.0,2.2220000000000004,1.0,2.2220000000000004,3.4,2.5999999999999996,3.6,2.8,2.5999999999999996
hunyuan,112,6.666666666666667,3.0,1.0,3.0,3.6666666666666665,2.8,3.6,4.0,3.6
crm,250,4.32,2.2,1.0,2.4,3.6,2.4,2.8,2.8,2.4
hunyuan,88,6.0,3.3333333333333335,1.0,2.6933333333333334,3.0,2.0,2.2,1.4,2.0
spard,314,6.875,2.3625000000000003,1.0,2.5,3.75,2.8,3.8000000000000003,2.9999999999999996,2.8
triposr,391,6.804,2.7560000000000002,1.0,2.7560000000000002,3.6,2.8,3.4,2.9999999999999996,3.1999999999999997
triposr,242,4.0,2.2725,1.0,2.0,2.5,2.2,2.4000000000000004,2.5999999999999996,2.5999999999999996
crm,172,6.944,2.2880000000000003,1.0,2.912,3.6,2.9999999999999996,4.0,3.1999999999999997,3.6
spard,201,5.0,2.5,1.0,2.5,3.5,2.4,2.5999999999999996,2.5999999999999996,2.5999999999999996
triposr,176,3.5700000000000007,2.0,1.0,2.3100000000000005,3.0,1.7999999999999998,2.8,2.9999999999999996,2.0
triposr,36,6.48,2.6,0.8,2.4,3.2,3.4,3.6,3.4,3.1999999999999997
spard,65,6.8,2.3333333333333335,1.0,2.6666666666666665,3.6666666666666665,2.8,3.6,3.1999999999999997,3.4
triposr,41,4.186,2.424,1.0,2.424,3.4,2.5999999999999996,3.4,2.5999999999999996,2.5999999999999996
crm,145,3.3600000000000003,2.2,1.0,2.4,3.0,1.8,2.0,2.2,2.4000000000000004
crm,228,4.186,2.424,1.0,2.6260000000000003,3.6,2.0,2.0,1.2000000000000002,1.2000000000000002
hunyuan,202,4.340000000000001,1.6666666666666667,1.0,3.0,3.3333333333333335,2.2,2.8,2.8,2.8
spard,365,4.0,1.6666666666666667,1.0,2.0,3.3333333333333335,2.0,2.2,1.6,1.4
triposr,357,5.2,2.4,1.0,2.2,3.4,2.4,3.1999999999999997,2.4,2.4
triposr,172,4.0,2.0,0.6,2.0,2.856,2.2,2.9999999999999996,2.0,2.0
triposr,504,6.804,2.3320000000000003,1.0,2.544,4.0,1.8,2.9999999999999996,2.4,2.8
hunyuan,439,6.666666666666667,3.3333333333333335,1.0,3.6666666666666665,4.0,2.8,3.8000000000000003,2.9999999999999996,2.8
spard,125,4.5,2.0,0.75,2.5,3.25,3.1999999999999997,3.8,3.1999999999999997,3.1999999999999997
hunyuan,337,6.333333333333333,3.0,1.0,3.0,3.6666666666666665,2.9999999999999996,2.2,3.6,2.9999999999999996
hunyuan,85,6.666666666666667,3.0,1.0,3.0,4.0,2.2,2.8,3.8000000000000003,2.8
spard,154,4.5,2.295,1.0,2.295,2.805,1.0,1.7999999999999998,3.1999999999999997,3.0
hunyuan,113,6.0,2.6666666666666665,1.0,3.0,3.6666666666666665,2.5999999999999996,3.2,2.8,3.1999999999999997
triposr,54,4.5,2.0,0.75,2.0,3.25,2.6,2.8,2.8,3.0
triposr,349,3.5,2.0,0.75,2.0,2.4075,2.5999999999999996,2.8,2.8,2.5999999999999996
spard,124,3.75,1.75,0.5,1.75,2.7775,1.2,2.2,1.4000000000000001,1.2000000000000002
spard,483,6.6675,2.4075,1.0,2.4075,3.5,2.5999999999999996,3.4,2.8,2.5999999999999996
triposr,151,5.0,2.652,1.0,2.244,3.8,2.0,2.8,2.8,2.5999999999999996
triposr,93,6.7725,2.0,1.0,2.5,3.25,3.4,4.0,3.6,3.1999999999999997
spard,224,6.654999999999999,2.0,1.0,2.2725,3.5,2.5999999999999996,3.4,2.5999999999999996,2.5999999999999996
triposr,457,4.553999999999999,2.616,1.0,2.616,3.6,2.0,2.8,2.0,2.0
triposr,362,6.966000000000001,2.616,1.0,2.616,3.6,3.4,3.8000000000000003,3.6,3.6
triposr,439,5.460000000000001,2.52,1.0,2.7300000000000004,3.6,2.4,3.1999999999999997,2.8,2.4
hunyuan,205,6.8566666666666665,2.6933333333333334,1.0,2.356666666666667,3.3333333333333335,1.7999999999999998,2.2,3.6,2.9999999999999996
spard,479,4.0,2.0,1.0,2.3625000000000003,2.8875,2.5999999999999996,2.8,2.8,2.5999999999999996
triposr,40,4.4,2.592,0.6,2.3760000000000003,3.0,2.8,3.6,2.9999999999999996,3.4
spard,450,4.5,2.5,0.75,2.3175,2.8325,2.0,2.5999999999999996,2.0,2.0
crm,425,3.4860000000000007,1.6,1.0,2.0,3.2,2.0,2.0,2.0,2.0
hunyuan,176,3.6666666666666665,2.0,0.3333333333333333,2.0,2.45,1.7999999999999998,2.5999999999999996,1.7999999999999998,1.7999999999999998
hunyuan,325,6.666666666666667,3.0,1.0,2.8266666666666667,3.6666666666666665,1.7999999999999998,2.8,3.6,2.4
hunyuan,41,6.333333333333333,3.0,1.0,3.0,3.3333333333333335,2.8,3.6,2.8,2.8
spard,478,4.56,2.0,1.0,2.0,3.25,3.4,3.6,2.8,3.0
triposr,329,5.5120000000000005,2.7560000000000002,1.0,2.544,3.4,2.0,2.0,2.2,2.0
triposr,247,6.8580000000000005,2.568,1.0,2.3540000000000005,3.4,2.8,2.8,3.8000000000000003,3.4
crm,398,3.654000000000001,2.3540000000000005,0.8,2.3540000000000005,2.996,2.5999999999999996,2.8,2.5999999999999996,2.5999999999999996
triposr,194,6.72,3.0,1.0,2.6,3.4,3.1999999999999997,2.9999999999999996,3.6,3.6
hunyuan,498,7.196666666666667,2.496666666666667,1.0,2.8533333333333335,3.3333333333333335,2.1999999999999997,2.8,4.0,3.0
triposr,493,4.704,2.3760000000000003,1.0,2.592,3.4,2.9999999999999996,3.8000000000000003,2.9999999999999996,3.6
hunyuan,484,6.666666666666667,3.0,1.0,1.6666666666666667,3.6666666666666665,3.1999999999999997,3.5999999999999996,3.8,3.5999999999999996
triposr,326,5.2,2.4,1.0,2.4,3.6,2.8,3.4,2.5999999999999996,3.4
spard,236,7.015,2.805,1.0,2.805,3.75,2.0,2.0,2.0,2.0
hunyuan,225,6.333333333333333,3.0,1.0,3.0,3.3333333333333335,2.5999999999999996,3.1999999999999997,2.5999999999999996,3.1999999999999997
spard,454,3.6550000000000002,1.75,0.75,2.3850000000000002,3.0,2.2,3.2,2.4000000000000004,2.0
spard,411,6.333333333333333,3.3333333333333335,1.0,3.0,4.0,2.8,3.0,2.8,2.5999999999999996
hunyuan,436,6.333333333333333,2.0,1.0,2.0,4.0,1.2000000000000002,2.0,3.8000000000000003,2.5999999999999996
triposr,292,4.655,2.43,0.75,2.5,3.5,2.5999999999999996,2.8,2.5999999999999996,3.1999999999999997
hunyuan,21,6.8566666666666665,2.0,1.0,2.6933333333333334,3.3333333333333335,2.8,3.6,3.4,2.8
spard,267,6.3525,2.2725,1.0,2.2725,3.25,1.8,2.2,2.0,2.0
hunyuan,263,7.0,3.0,1.0,3.3333333333333335,4.0,2.9999999999999996,3.1999999999999997,3.8000000000000003,2.9999999999999996
spard,49,4.56,2.3850000000000002,1.0,2.3850000000000002,3.25,3.6,3.8000000000000003,3.6,3.4000000000000004
triposr,461,4.5120000000000005,2.2880000000000003,1.0,2.0,3.6,2.5999999999999996,2.5999999999999996,2.4,2.5999999999999996
triposr,67,4.6075,2.5,0.75,2.4075,3.25,2.5999999999999996,2.5999999999999996,2.5999999999999996,3.1999999999999997
spard,145,6.6675,2.4075,1.0,2.4075,4.0,2.8,3.1999999999999997,2.8,2.8
triposr,459,6.534,2.828,1.0,2.6260000000000003,3.8,2.8,3.0,3.4,2.8
hunyuan,402,6.333333333333333,2.6933333333333334,1.0,2.6933333333333334,3.3333333333333335,2.8,3.8000000000000003,2.8,3.1999999999999997
triposr,186,4.608,2.3320000000000003,0.8,2.544,3.4,2.5999999999999996,2.8,2.8,2.8
spard,266,6.71,2.0,1.0,2.0,3.75,1.7999999999999998,2.0,1.4,1.4
triposr,193,4.4159999999999995,2.0,0.8,1.8,3.2,1.7999999999999998,2.0,1.4,1.4
triposr,167,3.5280000000000005,1.8,0.6,1.8,2.704,1.0,2.0,2.0,2.0
triposr,169,5.2,2.6,1.0,2.8,3.6,2.8,2.9999999999999996,2.9999999999999996,3.6
hunyuan,235,6.333333333333333,3.0,1.0,3.0,3.6666666666666665,3.6,3.8000000000000003,3.6,3.6
hunyuan,171,4.0,1.3333333333333333,1.0,3.0,3.0,3.8000000000000003,4.0,3.6,3.6
spard,303,6.56,2.7466666666666666,1.0,2.7466666666666666,4.0,2.8,2.8,2.0,2.0
spard,273,6.765,2.5,1.0,2.3175,3.75,2.5999999999999996,2.5999999999999996,3.1999999999999997,3.1999999999999997
triposr,262,7.308,2.968,1.0,2.544,3.8,3.1999999999999997,2.5999999999999996,3.4,3.4
hunyuan,15,6.0,2.9066666666666667,1.0,2.9066666666666667,3.3333333333333335,3.4,3.6,3.6,3.4
triposr,161,5.0,2.43,1.0,2.43,3.75,1.6,2.0,2.8,2.5999999999999996
crm,32,5.668000000000001,2.616,1.0,2.616,3.8,2.4,3.4,2.8,2.8
spard,183,5.0,2.25,1.0,2.5,3.5,2.5999999999999996,2.5999999999999996,2.0,2.0
triposr,133,4.752,2.3980000000000006,1.0,2.3980000000000006,3.8,1.7999999999999998,2.8,2.8,2.5999999999999996
hunyuan,27,7.0,3.3333333333333335,1.0,3.3333333333333335,4.0,3.6,4.0,4.0,3.6
triposr,490,7.111999999999999,2.7820000000000005,1.0,2.7820000000000005,3.6,3.4,3.4,3.4,3.6
hunyuan,406,6.8,2.6666666666666665,1.0,2.6666666666666665,3.3333333333333335,2.4,3.6,2.5999999999999996,2.5999999999999996
hunyuan,417,5.0,2.496666666666667,1.0,3.0,3.6666666666666665,2.2,2.9999999999999996,3.1999999999999997,2.0
spard,171,3.7825,2.0,0.75,2.5,2.5,2.5999999999999996,3.0,1.5999999999999999,1.7999999999999998
crm,283,5.5120000000000005,2.7560000000000002,1.0,2.0,3.6,1.2000000000000002,2.0,2.6,1.6
hunyuan,307,6.0,3.0,1.0,2.4266666666666667,3.3333333333333335,2.5999999999999996,2.2,3.6,2.9999999999999996
triposr,396,5.0,2.592,1.0,2.8080000000000003,3.4,2.0,2.2,2.5999999999999996,2.5999999999999996
triposr,243,4.6075,2.5,1.0,2.5,3.25,2.2,3.1999999999999997,2.0,2.0
triposr,19,5.0,2.616,1.0,2.3980000000000006,3.8,2.8,3.6,2.8,3.0
crm,471,4.608,2.3320000000000003,1.0,2.544,3.6,1.7999999999999998,2.5999999999999996,1.7999999999999998,1.7999999999999998
hunyuan,275,5.0,2.3800000000000003,1.0,2.0,3.0,3.1999999999999997,3.1999999999999997,3.4,3.4
spard,428,6.56,2.4033333333333338,1.0,2.7466666666666666,3.6666666666666665,2.8,2.8,2.8,2.8
triposr,294,4.5125,2.3625000000000003,1.0,2.3625000000000003,3.0,1.5999999999999999,2.5999999999999996,2.4,2.2
hunyuan,221,4.2,2.0,1.0,2.3333333333333335,2.6666666666666665,2.0,2.0,1.4,2.0
hunyuan,86,6.970000000000001,3.3333333333333335,1.0,2.7466666666666666,2.7466666666666666,2.5999999999999996,2.2,2.8,1.8
crm,277,4.4,2.424,1.0,2.6260000000000003,3.2,1.8,2.4,1.5999999999999999,1.8
triposr,417,4.324,1.8,1.0,2.0,2.704,1.7999999999999998,2.8,3.0,2.4000000000000004
spard,421,3.7825,2.0,1.0,2.0,3.25,2.5999999999999996,3.6,2.5999999999999996,2.5999999999999996
triposr,230,6.912000000000001,2.8080000000000003,1.0,2.3760000000000003,3.4,2.4,2.4,2.5999999999999996,3.1999999999999997
triposr,367,4.324,2.496,1.0,2.2880000000000003,3.0,1.7999999999999998,2.8,2.5999999999999996,2.5999999999999996
triposr,359,4.368,2.424,1.0,2.6260000000000003,3.6,2.9999999999999996,3.8000000000000003,2.6,3.4
hunyuan,209,6.0,3.0,1.0,2.543333333333334,3.0,2.0,2.6,3.8000000000000003,2.2
spard,54,6.6675,2.4075,1.0,2.5,3.75,2.5999999999999996,3.0,3.0,3.1999999999999997
spard,0,5.0,2.75,1.0,2.25,3.5,2.8,3.0,3.0,3.0
hunyuan,462,7.026666666666667,3.0,1.0,3.3333333333333335,3.6666666666666665,2.8,3.0,3.0,2.5999999999999996
triposr,310,5.460000000000001,2.3100000000000005,1.0,2.52,3.8,2.5999999999999996,2.2,2.5999999999999996,2.5999999999999996
spard,451,5.0,2.43,1.0,2.43,3.25,2.5999999999999996,3.0,2.0,2.0
triposr,50,6.912000000000001,2.8080000000000003,1.0,3.024,3.6,3.0,4.0,3.8000000000000003,3.4
hunyuan,292,6.333333333333333,2.5200000000000005,1.0,2.88,3.3333333333333335,2.8,2.9999999999999996,2.9999999999999996,2.9999999999999996
spard,300,7.095000000000001,2.0,1.0,3.25,4.0,2.8,4.0,2.8,3.1999999999999997
hunyuan,103,7.333333333333333,4.0,1.0,3.3333333333333335,3.3333333333333335,2.8,2.0,2.8,2.5999999999999996
crm,186,5.252000000000001,2.2220000000000004,1.0,2.2220000000000004,3.4,1.8,2.5999999999999996,3.4,3.0
hunyuan,391,7.0,3.3333333333333335,1.0,3.3333333333333335,4.0,2.9999999999999996,4.0,3.6,3.6
spard,197,4.7025,2.4525,1.0,2.5,4.0,2.5999999999999996,2.8,2.0,2.0
triposr,509,5.0,2.9975,1.0,2.5,3.5,2.0,2.4,2.8,3.0
hunyuan,476,6.0,2.7733333333333334,1.0,2.7733333333333334,3.6666666666666665,2.4,3.6,2.8,2.5999999999999996
crm,257,4.4,2.2,0.8,2.2,2.8,2.0,2.8,1.8,1.8
hunyuan,433,7.253333333333334,2.0,1.0,3.0,3.3333333333333335,2.8,2.9999999999999996,3.4,3.1999999999999997
hunyuan,200,6.0,2.7733333333333334,1.0,2.7733333333333334,3.3333333333333335,2.2,2.9999999999999996,3.1999999999999997,2.9999999999999996
hunyuan,446,6.0,2.0,1.0,2.7733333333333334,3.0,2.5999999999999996,3.1999999999999997,2.4,2.8
crm,420,5.0,2.7560000000000002,1.0,2.544,3.2,2.4,2.5999999999999996,1.7999999999999998,2.4
spard,4,7.015,3.0,1.0,2.5,3.5,2.5999999999999996,3.1999999999999997,2.5999999999999996,2.5999999999999996
spard,221,3.4425000000000003,2.5,0.75,2.7775,3.5,3.8000000000000003,3.8000000000000003,3.8000000000000003,3.8000000000000003
spard,293,3.6833333333333336,2.0,0.6666666666666666,1.3333333333333333,2.8,2.0,2.5999999999999996,2.0,2.0
hunyuan,314,7.0,3.3333333333333335,1.0,3.3333333333333335,4.0,2.5999999999999996,3.8,3.6,3.4
crm,480,6.93,2.5,1.0,2.3850000000000002,3.25,1.7999999999999998,2.0,2.5999999999999996,2.5999999999999996
hunyuan,217,6.453333333333333,2.6933333333333334,1.0,3.3333333333333335,3.3333333333333335,2.2,3.0,2.4,2.5999999999999996
spard,391,7.4175,3.0,1.0,3.0,3.75,3.6,3.8000000000000003,3.8000000000000003,3.6
hunyuan,281,6.0,3.0,1.0,2.7199999999999998,3.3333333333333335,3.4,3.8000000000000003,3.6,3.4
hunyuan,299,6.666666666666667,2.7466666666666666,1.0,3.0,4.0,2.5999999999999996,2.5999999999999996,3.6,3.1999999999999997
hunyuan,268,7.196666666666667,2.0,1.0,2.496666666666667,3.3333333333333335,2.0,2.0,2.5999999999999996,2.0
spard,410,6.0,2.8,1.0,2.45,3.6666666666666665,2.9999999999999996,3.8000000000000003,2.9999999999999996,3.6
spard,53,6.6675,2.4075,1.0,3.0,3.25,3.1999999999999997,4.0,2.8,3.3999999999999995
crm,87,4.462,1.8,1.0,2.568,3.6,2.6,3.4,2.8,2.8
triposr,334,6.912000000000001,2.592,1.0,2.592,3.8,1.7999999999999998,2.5999999999999996,2.8,2.0
crm,509,5.6160000000000005,2.8080000000000003,1.0,2.8080000000000003,3.8,1.4,2.0,2.4,1.7999999999999998
spard,74,6.72,2.43,1.0,2.5,3.25,2.8,2.4000000000000004,2.5999999999999996,2.8
triposr,164,3.4020000000000006,1.8,1.0,2.424,3.2,1.7999999999999998,2.0,2.0,2.0
crm,259,3.696,2.3760000000000003,1.0,2.8080000000000003,3.6,2.0,2.5999999999999996,2.2,2.5999999999999996
spard,318,3.4425000000000003,2.2725,1.0,2.5,2.7775,2.0,2.0,1.7999999999999998,1.7999999999999998
crm,63,3.7380000000000004,2.3980000000000006,0.6,2.8340000000000005,3.052,2.9999999999999996,3.6,2.9999999999999996,2.9999999999999996
crm,316,4.0,1.8,1.0,1.8,2.0,1.2000000000000002,2.0,2.5999999999999996,2.0
spard,13,5.0,2.4525,1.0,2.5,3.75,2.5999999999999996,2.5999999999999996,2.8,2.8
triposr,73,4.0,2.0,1.0,1.8,2.0,2.2,2.2,2.2,2.0
triposr,289,6.804,2.0,1.0,2.544,3.4,2.4,2.5999999999999996,3.4,3.1999999999999997
spard,108,6.613333333333333,2.7733333333333334,1.0,3.0,2.4266666666666667,3.6,3.8000000000000003,2.9999999999999996,2.9999999999999996
spard,76,6.51,2.5,1.0,2.34,3.25,3.1999999999999997,3.4,3.4,3.1999999999999997
spard,346,6.3,2.25,1.0,2.5,3.75,2.0,2.6,3.0,2.4000000000000004
hunyuan,423,6.8,2.6666666666666665,1.0,2.6666666666666665,3.6666666666666665,2.8,4.0,4.0,3.0
crm,255,4.462,2.0,0.8,1.8,2.996,2.0,2.0,2.0,2.0
crm,502,5.0,2.52,1.0,2.7300000000000004,3.4,2.0,2.0,2.5999999999999996,2.5999999999999996
spard,468,7.3025,2.9425000000000003,1.0,2.9425000000000003,3.75,2.8,3.0,3.8000000000000003,3.6
crm,407,4.0,1.6,0.8,1.8,2.8,1.7999999999999998,2.5999999999999996,2.0,2.5999999999999996
crm,331,5.0,1.8,1.0,2.0,3.4,1.4,2.0,2.0,2.0
hunyuan,426,5.0,1.6666666666666667,1.0,1.6666666666666667,2.9066666666666667,1.7999999999999998,1.7999999999999998,2.4,2.4
triposr,382,7.055999999999999,2.7560000000000002,1.0,2.7560000000000002,3.4,2.8,3.1999999999999997,2.2,2.8
triposr,496,5.0,2.3980000000000006,1.0,2.616,3.4,2.4,2.5999999999999996,3.1999999999999997,3.1999999999999997
hunyuan,195,7.140000000000001,2.4733333333333336,1.0,2.0,3.0,1.7999999999999998,2.4000000000000004,2.0,2.5999999999999996
hunyuan,410,6.666666666666667,3.3333333333333335,1.0,3.3333333333333335,3.6666666666666665,2.8,3.0,3.8000000000000003,3.6
hunyuan,380,6.8566666666666665,1.6666666666666667,1.0,1.6666666666666667,3.3333333333333335,1.7999999999999998,2.0,3.8000000000000003,3.2
spard,425,5.0,2.0,1.0,2.43,3.25,2.0,2.2,3.0,2.5999999999999996
triposr,363,3.6125000000000003,2.3625000000000003,0.75,2.3625000000000003,3.25,2.0,3.0,2.2,1.8
triposr,206,4.37,2.5,0.5,2.0,2.805,2.2,2.4,2.0,2.0
spard,130,4.465,2.34,1.0,2.34,3.25,2.5999999999999996,2.5999999999999996,2.0,2.0
spard,279,5.0,2.5,1.0,2.915,3.25,2.5999999999999996,3.6,2.8,2.5999999999999996
crm,188,4.553999999999999,2.3980000000000006,0.8,2.3980000000000006,3.052,1.0,1.7999999999999998,1.2000000000000002,1.2000000000000002
spard,399,6.3525,2.2725,1.0,2.2725,3.5,2.0,2.0,2.8,2.0
hunyuan,366,6.333333333333333,2.7733333333333334,1.0,3.0,4.0,1.7999999999999998,4.0,3.6,2.5999999999999996
hunyuan,271,6.333333333333333,2.7466666666666666,1.0,1.6666666666666667,3.6666666666666665,1.0,1.2000000000000002,3.6,2.0
hunyuan,283,6.333333333333333,3.0,1.0,1.6666666666666667,3.3333333333333335,2.4,2.0,3.0,2.4
triposr,409,6.4575,2.5,1.0,2.3175,3.5,2.5999999999999996,2.8,3.1999999999999997,2.5999999999999996
spard,301,6.72,2.0,0.75,1.75,3.5,2.2,2.5999999999999996,2.0,1.4
spard,227,4.6075,2.4075,1.0,2.4075,3.0,2.0,3.0,2.5999999999999996,2.0
hunyuan,509,6.0,2.4033333333333338,0.6666666666666666,1.6666666666666667,3.0,2.2,2.4000000000000004,2.8,3.1999999999999997
triposr,252,4.4,2.0,0.8,1.8,3.2,2.8,2.2,3.6,2.8
hunyuan,280,7.196666666666667,2.496666666666667,1.0,2.0,3.3333333333333335,2.5999999999999996,2.5999999999999996,2.0,2.5999999999999996
hunyuan,390,3.813333333333333,2.0,1.0,2.0,2.88,1.7999999999999998,2.8,3.5999999999999996,2.4
spard,412,6.8999999999999995,2.25,1.0,2.5,3.75,3.2,4.0,4.0,4.0
hunyuan,356,6.666666666666667,3.3333333333333335,1.0,2.8266666666666667,3.3333333333333335,3.4,2.0,3.8000000000000003,3.4
hunyuan,381,6.666666666666667,3.0,1.0,3.0,3.6666666666666665,2.5999999999999996,3.0,3.4,3.4
triposr,220,5.2,2.2,1.0,2.2,3.8,2.5999999999999996,3.4,2.8,2.5999999999999996
spard,299,5.0,2.295,1.0,2.805,3.25,2.4,2.5999999999999996,2.8,2.6
spard,472,3.4850000000000003,2.0,0.75,2.805,3.75,3.8000000000000003,4.0,4.0,3.4
spard,389,6.0,3.0,1.0,2.805,3.5,3.1999999999999997,3.1999999999999997,3.3999999999999995,3.0
triposr,21,7.0,2.0,1.0,2.3100000000000005,3.8,2.8,2.8,3.6,3.6
hunyuan,30,6.0,2.0,1.0,3.0,4.0,2.5999999999999996,3.4,3.0,2.8
hunyuan,220,6.970000000000001,2.4033333333333338,1.0,3.0,3.6666666666666665,3.0,3.8,3.5999999999999996,3.5999999999999996
spard,474,6.6675,2.4075,1.0,2.4075,4.0,2.0,2.0,2.5999999999999996,2.5999999999999996
crm,314,4.368,2.2220000000000004,0.8,2.2220000000000004,2.828,2.8,3.4,2.9999999999999996,3.6
triposr,214,5.0,2.3625000000000003,1.0,2.3625000000000003,3.5,2.0,2.8,2.2,2.0
triposr,394,6.25,3.0,1.0,3.0,4.0,2.5999999999999996,2.0,3.1999999999999997,2.5999999999999996
triposr,33,4.416,2.244,1.0,2.244,3.4,2.0,2.5999999999999996,2.0,2.5999999999999996
spard,487,4.5,1.75,0.75,1.75,3.5,2.2,2.9999999999999996,2.8,2.8
crm,448,6.696000000000001,2.496,1.0,2.912,3.8,2.5999999999999996,3.8,3.1999999999999997,2.5999999999999996
triposr,14,5.0,2.592,1.0,2.3760000000000003,3.6,2.9999999999999996,3.1999999999999997,3.1999999999999997,4.0
crm,410,4.278,2.2660000000000005,1.0,2.2660000000000005,3.0,2.5999999999999996,2.5999999999999996,2.8,2.5999999999999996
hunyuan,164,6.773333333333333,2.0,1.0,2.496666666666667,3.3333333333333335,2.4,2.5999999999999996,2.8,2.5999999999999996
spard,270,7.245,2.0,1.0,2.915,3.75,2.5999999999999996,3.5999999999999996,2.8,2.5999999999999996
hunyuan,408,6.333333333333333,3.0,1.0,2.8533333333333335,3.3333333333333335,2.8,3.8,2.5999999999999996,3.5999999999999996
spard,455,4.275,2.25,1.0,2.25,3.25,2.8,3.4,2.8,2.5999999999999996
spard,73,4.0,1.75,0.5,2.4075,2.5,2.8,3.8000000000000003,3.4,2.6
hunyuan,106,6.333333333333333,3.0,1.0,2.8533333333333335,3.6666666666666665,2.2,2.2,3.3999999999999995,2.8
crm,136,4.32,2.2,1.0,2.0,3.6,1.6,2.0,1.7999999999999998,1.7999999999999998
spard,56,6.654999999999999,2.2725,1.0,2.7775,3.75,3.4,4.0,3.6,3.6
triposr,156,4.508,2.3760000000000003,0.8,2.3760000000000003,3.2,2.5999999999999996,2.8,3.1999999999999997,3.0
triposr,213,7.25,2.7300000000000004,1.0,2.7300000000000004,3.6,2.0,2.0,2.5999999999999996,2.5999999999999996
hunyuan,393,7.0,3.3333333333333335,1.0,3.0,4.0,2.8,2.2,3.8000000000000003,2.9999999999999996
triposr,275,7.25,2.94,1.0,2.94,3.6,2.5999999999999996,2.5999999999999996,2.0,1.7999999999999998
spard,110,4.0,2.0,0.75,1.75,2.97,1.7999999999999998,2.0,1.4,1.4
hunyuan,19,5.0,2.7466666666666666,1.0,3.0,3.3333333333333335,2.8,3.6,2.8,2.8
triposr,17,4.5120000000000005,2.2880000000000003,0.8,2.496,3.4,2.0,3.1999999999999997,2.0,2.0
triposr,395,5.460000000000001,2.0,1.0,2.3100000000000005,3.6,2.4,2.5999999999999996,2.4,2.1999999999999997
triposr,373,6.4,3.0,1.0,3.0,3.8,3.4,3.8,2.8,2.5999999999999996
spard,335,6.72,2.43,1.0,2.5,3.75,2.0,3.4,2.5999999999999996,2.5999999999999996
hunyuan,266,6.0,2.8266666666666667,1.0,3.0,4.0,2.2,2.6,3.3999999999999995,3.3999999999999995
hunyuan,187,6.333333333333333,3.0,1.0,3.0,4.0,2.5999999999999996,2.8,2.8,3.2
spard,281,3.8566666666666665,2.0,1.0,2.9066666666666667,3.0,3.6,4.0,3.6,3.6
spard,367,7.095000000000001,2.4525,1.0,2.9975,3.75,2.6,3.4,2.8,3.4
triposr,48,6.944,2.912,1.0,2.496,3.4,2.8,3.0,2.8,2.8
triposr,397,5.0,2.5,1.0,2.0,3.25,3.4,3.1999999999999997,3.4,3.4
triposr,321,5.0,2.5,1.0,1.75,3.25,1.7999999999999998,2.2,2.9999999999999996,2.9999999999999996
hunyuan,420,6.666666666666667,3.3333333333333335,1.0,2.7466666666666666,3.3333333333333335,2.4,2.5999999999999996,2.8,2.5999999999999996
triposr,94,5.304,2.856,1.0,2.244,3.4,3.1999999999999997,3.6,2.5999999999999996,3.1999999999999997
triposr,403,7.015,3.25,1.0,3.25,3.75,2.5999999999999996,3.6,3.1999999999999997,2.8
hunyuan,277,6.913333333333333,2.3800000000000003,1.0,3.0,3.3333333333333335,3.1999999999999997,3.8000000000000003,2.5999999999999996,3.4
crm,152,4.278,2.472,0.8,2.884,3.2,1.8,2.0,2.0,2.0
hunyuan,168,6.333333333333333,3.0,1.0,2.7733333333333334,3.3333333333333335,2.4,2.9999999999999996,3.6,2.5999999999999996
spard,327,6.875,2.3625000000000003,1.0,2.0,3.75,2.5999999999999996,2.8,2.5999999999999996,2.5999999999999996
triposr,13,4.56,2.3850000000000002,1.0,2.5,3.5,2.8,2.8,3.1999999999999997,2.9999999999999996
spard,288,4.275,2.25,1.0,2.75,4.0,2.9999999999999996,3.8000000000000003,2.9999999999999996,2.8
spard,109,4.6075,2.5,1.0,2.4075,3.25,2.8,2.8,2.8,2.5999999999999996
spard,88,4.5,2.0,0.75,1.75,2.295,2.8,3.6,2.5999999999999996,3.1999999999999997
hunyuan,232,3.5966666666666667,2.7466666666666666,1.0,1.6666666666666667,3.0,2.8,2.2,4.0,3.3999999999999995
triposr,244,4.4,2.4,0.8,1.6,2.6,2.5999999999999996,2.5999999999999996,2.8,3.4
hunyuan,334,6.333333333333333,2.88,1.0,2.88,3.3333333333333335,2.2,2.2,2.8,2.5999999999999996
triposr,35,4.752,2.3980000000000006,1.0,2.616,3.6,2.5999999999999996,2.5999999999999996,2.8,3.0
triposr,500,4.5120000000000005,2.496,1.0,2.496,3.4,1.4,2.2,2.0,2.0
spard,467,7.04,2.43,1.0,2.5,3.5,3.6,4.0,3.8000000000000003,3.6
spard,164,6.51,2.34,1.0,2.5,3.5,2.5999999999999996,3.0,3.0,2.8
triposr,452,6.534,2.2220000000000004,1.0,2.2220000000000004,3.8,2.5999999999999996,3.3999999999999995,3.8000000000000003,3.8000000000000003
spard,181,5.0,1.75,1.0,2.0,3.75,2.0,2.5999999999999996,2.0,2.0
triposr,110,4.4175,2.5,1.0,1.75,3.0,2.5999999999999996,2.0,2.4,2.4
triposr,51,4.416,2.244,1.0,2.448,3.4,2.0,2.8,2.2,2.2
hunyuan,153,6.666666666666667,2.4733333333333336,1.0,2.8266666666666667,3.6666666666666665,1.7999999999999998,2.0,3.4,2.5999999999999996
spard,440,3.4000000000000004,1.75,0.75,1.75,3.25,2.5999999999999996,3.4,2.5999999999999996,2.5999999999999996
triposr,9,4.416,2.244,1.0,2.652,3.6,2.2,3.0,3.6,3.1999999999999997
triposr,353,4.232,2.448,0.8,2.244,3.2,2.8,3.6,2.9999999999999996,2.8
triposr,422,5.304,2.244,1.0,2.448,3.4,2.0,2.0,2.4,1.8
crm,334,5.460000000000001,2.3100000000000005,1.0,2.3100000000000005,3.4,2.0,2.2,2.0,2.0
spard,78,6.3,2.25,1.0,2.25,3.5,2.9999999999999996,3.1999999999999997,3.0,3.4
spard,501,4.5,1.75,1.0,2.0,3.75,2.5999999999999996,3.4,2.4,2.5999999999999996
triposr,162,4.553999999999999,2.616,1.0,2.3980000000000006,3.8,2.5999999999999996,3.6,2.5999999999999996,3.4
crm,412,6.912000000000001,2.592,1.0,2.592,3.6,2.8,2.8,3.8,3.2
triposr,179,4.4,2.2660000000000005,1.0,2.2660000000000005,3.2,1.0,2.0,3.1999999999999997,2.8
triposr,488,7.482,3.0,1.0,3.052,3.2,2.8,3.6,2.8,3.1999999999999997
hunyuan,84,6.0,3.0,1.0,3.0,3.6666666666666665,2.8,3.6,2.5999999999999996,3.4
spard,481,6.615,2.3850000000000002,1.0,2.3850000000000002,3.75,2.6,3.1999999999999997,2.8,3.1999999999999997
spard,415,6.72,2.43,1.0,2.5,3.75,2.4,2.9999999999999996,2.4,2.8
hunyuan,184,6.0,3.0,1.0,3.0,3.6666666666666665,2.8,3.0,2.8,3.4
hunyuan,50,6.333333333333333,3.0,1.0,3.0,3.6666666666666665,2.9999999999999996,4.0,3.8000000000000003,3.6
triposr,61,4.0,2.2660000000000005,1.0,2.2660000000000005,3.2,2.0,2.2,2.0,2.0
hunyuan,450,7.083333333333334,2.8,0.6666666666666666,2.45,3.0,3.4,3.6,3.4,3.4
hunyuan,465,6.0,2.6933333333333334,1.0,3.0,3.3333333333333335,2.8,3.1999999999999997,3.6,2.8
hunyuan,479,4.386666666666668,2.4266666666666667,1.0,3.0,3.3333333333333335,2.8,2.8,2.8,2.8
hunyuan,345,6.333333333333333,2.88,1.0,2.88,3.6666666666666665,2.5999999999999996,3.6,2.8,3.1999999999999997
triposr,376,5.0,2.0,1.0,2.75,3.5,3.0,3.0,3.4,3.1999999999999997
crm,218,5.460000000000001,2.7300000000000004,1.0,2.94,3.6,2.2,2.8,2.5999999999999996,2.0
hunyuan,179,6.0,2.0,1.0,2.45,3.3333333333333335,1.2000000000000002,2.2,3.4,1.4
triposr,165,4.5600000000000005,2.3100000000000005,1.0,2.3100000000000005,3.6,2.5999999999999996,3.4,2.5999999999999996,2.8
hunyuan,226,6.0,2.7466666666666666,1.0,2.7466666666666666,3.3333333333333335,2.8,3.4,3.6,2.5999999999999996
hunyuan,28,7.140000000000001,2.4733333333333336,1.0,2.4733333333333336,3.3333333333333335,2.5999999999999996,3.8,2.8,2.4
hunyuan,257,6.0,3.0,1.0,2.9066666666666667,3.6666666666666665,2.8,3.1999999999999997,3.1999999999999997,3.2
hunyuan,120,7.140000000000001,2.4733333333333336,1.0,2.4733333333333336,3.3333333333333335,2.0,2.0,3.1999999999999997,2.5999999999999996
crm,281,3.4020000000000006,1.8,0.8,2.0,2.6260000000000003,2.0,1.8,2.4000000000000004,2.4000000000000004
triposr,49,5.460000000000001,2.3100000000000005,1.0,2.7300000000000004,3.6,2.2,3.4,3.6,2.8
hunyuan,308,6.56,2.7466666666666666,1.0,3.0,3.3333333333333335,2.0,2.8,3.1999999999999997,2.8
triposr,282,4.5,2.0,1.0,2.5,3.5,1.8,2.0,2.0,2.0
spard,237,6.5625,2.0,1.0,2.0,3.25,2.8,3.0,2.5999999999999996,2.8
triposr,302,4.5120000000000005,2.496,1.0,2.496,2.912,2.5999999999999996,2.2,2.8,3.1999999999999997
spard,16,7.095000000000001,2.4525,1.0,2.9975,3.75,2.8,3.2,2.4000000000000004,2.4000000000000004
hunyuan,23,6.0,2.0,1.0,2.7466666666666666,3.6666666666666665,2.5999999999999996,2.8,2.4,3.0
triposr,307,5.0,2.0,1.0,2.0,3.6,1.8,2.2,2.8,2.2
spard,381,6.9575,2.2725,1.0,2.7775,3.75,2.5999999999999996,2.5999999999999996,2.5999999999999996,2.5999999999999996
crm,500,3.696,2.0,0.6,2.0,2.8080000000000003,2.8,3.6,2.5999999999999996,3.4
triposr,453,5.5120000000000005,2.3320000000000003,1.0,2.544,3.6,1.7999999999999998,3.0,3.4,2.8
hunyuan,444,6.0,2.7466666666666666,1.0,2.7466666666666666,3.6666666666666665,2.5999999999999996,2.5999999999999996,2.8,2.5999999999999996
triposr,109,6.765,2.8325,1.0,2.5,3.5,2.8,3.4,3.1999999999999997,2.8
hunyuan,207,6.88,2.543333333333334,1.0,2.0,2.9066666666666667,2.0,2.2,3.0,2.8
crm,454,5.0,2.0,1.0,2.616,2.8340000000000005,2.0,2.8,2.4000000000000004,2.0
spard,396,4.5,2.295,1.0,2.805,3.25,2.5999999999999996,3.0,2.0,2.5999999999999996
triposr,507,4.704,2.0,1.0,2.3760000000000003,3.2,1.2000000000000002,2.0,1.7999999999999998,1.2000000000000002
triposr,437,4.32,2.0,1.0,2.2,3.4,2.2,2.8,2.8,2.8
spard,289,4.5,2.0,1.0,2.295,3.5,2.0,2.8,2.8,3.0
spard,344,6.7725,2.4525,1.0,2.4525,3.5,2.0,2.5999999999999996,2.4,1.8
triposr,293,6.8580000000000005,2.3540000000000005,1.0,2.568,3.6,2.4,2.8,2.5999999999999996,2.8
spard,260,6.6675,2.4075,0.75,2.4075,3.5,2.2,3.0,2.0,2.2
spard,37,6.773333333333333,2.8533333333333335,1.0,2.496666666666667,3.6666666666666665,2.2,2.4000000000000004,2.0,2.2
crm,476,3.3600000000000003,2.2,1.0,2.2,3.4,2.0,2.8,2.5999999999999996,2.0
triposr,107,4.416,2.244,1.0,2.244,3.4,2.5999999999999996,2.2,3.1999999999999997,2.8
triposr,131,3.8,1.8,0.8,1.6,2.472,2.5999999999999996,2.5999999999999996,2.0,2.5999999999999996
hunyuan,471,6.666666666666667,2.7733333333333334,1.0,2.4266666666666667,3.3333333333333335,3.4,4.0,4.0,3.1999999999999997
crm,155,4.4,2.0,1.0,2.0,3.052,1.5999999999999999,2.2,2.5999999999999996,2.8
crm,453,6.642,2.884,1.0,2.884,3.6,2.0,3.2,2.9999999999999996,2.0
triposr,380,7.0,2.7300000000000004,1.0,2.94,3.6,1.7999999999999998,2.0,3.1999999999999997,2.8
triposr,404,4.4,2.3540000000000005,1.0,2.568,3.2,2.8,3.4,2.9999999999999996,2.2
hunyuan,286,6.8,2.6666666666666665,1.0,2.3333333333333335,3.0,2.0,2.0,3.0,2.8
spard,63,6.93,2.5,1.0,2.915,3.5,3.4,3.8000000000000003,2.9999999999999996,3.4
hunyuan,289,7.0,3.3333333333333335,1.0,3.3333333333333335,4.0,2.2,3.1999999999999997,3.6,2.8
triposr,88,4.32,2.4,1.0,2.2,3.0,2.6,2.8,2.8,2.4
spard,447,6.93,2.5,1.0,2.915,3.5,3.0,4.0,3.1999999999999997,2.5999999999999996
hunyuan,172,6.333333333333333,3.0,1.0,3.3333333333333335,4.0,3.4,4.0,3.6,3.6
crm,175,4.368,2.2220000000000004,1.0,2.2220000000000004,3.6,2.0,2.8,2.0,1.8
triposr,402,4.608,2.544,1.0,2.3320000000000003,3.4,2.5999999999999996,3.6,2.8,2.5999999999999996
crm,267,5.0,2.2660000000000005,1.0,2.2660000000000005,3.2,1.8,2.0,1.4,1.4
triposr,343,6.588,2.244,1.0,2.448,3.4,2.8,3.8000000000000003,2.8,3.1999999999999997
spard,460,6.71,2.5,1.0,2.5,3.5,2.0,2.0,2.0,2.0
spard,155,6.6,2.5,1.0,2.5,3.75,2.8,3.5999999999999996,3.0,3.0
crm,56,4.4,2.616,1.0,3.052,3.8,1.8,2.8,2.2,1.8
triposr,22,4.4,2.0,1.0,1.8,2.996,2.0,2.0,2.8,2.5999999999999996
triposr,366,7.36,2.5,1.0,2.97,3.75,2.5999999999999996,3.6,3.4,2.8
hunyuan,388,6.0,3.0,1.0,3.0,3.3333333333333335,1.8,2.9999999999999996,2.9999999999999996,2.9999999999999996
spard,376,6.405,1.75,1.0,1.75,3.5,2.5999999999999996,2.8,3.4,3.2
hunyuan,116,6.333333333333333,3.0,1.0,2.8533333333333335,3.6666666666666665,2.4,3.4,2.5999999999999996,2.5999999999999996
spard,320,6.405,2.295,1.0,2.295,4.0,2.5999999999999996,3.1999999999999997,3.0,3.1999999999999997
crm,124,4.4,2.244,0.8,2.448,3.4,1.7999999999999998,2.0,1.2000000000000002,1.7999999999999998
spard,397,5.0,2.5,1.0,2.2725,3.25,2.8,2.8,2.8,2.9999999999999996
hunyuan,315,6.8566666666666665,2.0,1.0,2.6933333333333334,3.3333333333333335,2.2,3.0,2.8,2.5999999999999996
hunyuan,158,6.970000000000001,2.4033333333333338,1.0,2.7466666666666666,3.3333333333333335,3.0,3.2,3.0,3.2
spard,486,6.765,2.3175,1.0,2.5,3.75,2.6,2.2,3.4,3.4
hunyuan,245,6.8,2.3333333333333335,1.0,2.3333333333333335,3.0,2.0,2.2,2.5999999999999996,2.0
hunyuan,98,6.333333333333333,2.8266666666666667,1.0,3.0,3.6666666666666665,2.5999999999999996,2.8,2.8,3.4
hunyuan,259,6.0,2.88,1.0,2.5200000000000005,3.0,2.9999999999999996,3.1999999999999997,3.3999999999999995,3.3999999999999995
triposr,431,6.696000000000001,2.496,1.0,2.496,3.4,2.8,2.9999999999999996,3.1999999999999997,3.1999999999999997
hunyuan,290,6.666666666666667,3.0,1.0,1.6666666666666667,3.6666666666666665,1.7999999999999998,2.0,4.0,3.3999999999999995
crm,184,4.278,2.0,0.8,1.8,2.884,2.1999999999999997,2.5999999999999996,2.5999999999999996,3.1999999999999997
hunyuan,136,6.333333333333333,3.0,1.0,1.3333333333333333,3.3333333333333335,1.7999999999999998,2.4000000000000004,3.6,2.9999999999999996
spard,343,6.93,2.3850000000000002,1.0,3.0,3.75,2.8,3.6,2.9999999999999996,3.4
hunyuan,215,6.8,2.0,1.0,3.0,3.3333333333333335,2.5999999999999996,3.6,3.0,3.5999999999999996
crm,328,5.2,2.6,1.0,2.6,3.4,2.5999999999999996,3.4,2.8,3.1999999999999997
spard,61,5.0,2.34,1.0,2.34,2.8600000000000003,1.4,2.6,2.2,1.4
triposr,473,6.93,2.915,1.0,2.5,3.5,2.0,2.5999999999999996,2.0,2.0
triposr,424,4.186,2.424,0.8,2.0,3.0,2.0,2.2,2.8,2.2
hunyuan,418,6.0,2.4733333333333336,1.0,2.4733333333333336,3.0,2.0,2.2,2.4,2.2
hunyuan,351,6.0,2.6666666666666665,1.0,2.6666666666666665,3.6666666666666665,2.0,2.2,3.4,2.5999999999999996
triposr,178,6.804,2.544,1.0,2.7560000000000002,3.6,2.5999999999999996,3.4,2.8,2.5999999999999996
hunyuan,174,6.333333333333333,3.0,1.0,3.3333333333333335,4.0,2.0,2.2,3.0,2.0
hunyuan,382,6.666666666666667,3.0,1.0,3.0,3.6666666666666665,2.8,2.9999999999999996,2.9999999999999996,2.9999999999999996
triposr,347,5.408,2.496,1.0,2.496,3.6,2.2,3.1999999999999997,1.8,2.5999999999999996
triposr,361,4.462,2.0,1.0,2.0,3.4,2.0,2.0,2.0,2.0
triposr,465,6.51,2.8600000000000003,1.0,2.34,3.5,2.8,3.1999999999999997,3.0,3.1999999999999997
crm,359,4.462,2.568,0.8,2.3540000000000005,3.0,2.0,2.4000000000000004,2.0,2.0
triposr,212,4.508,2.0,1.0,2.3760000000000003,3.4,1.7999999999999998,1.7999999999999998,1.7999999999999998,1.7999999999999998
hunyuan,296,7.0,3.3333333333333335,1.0,3.3333333333333335,4.0,2.4,3.6,4.0,3.6
spard,310,4.655,2.43,1.0,2.5,3.75,2.5999999999999996,2.5999999999999996,2.5999999999999996,2.5999999999999996
hunyuan,324,6.0,3.0,1.0,3.0,3.3333333333333335,2.8,3.8,3.6,3.4
hunyuan,491,6.0,2.6666666666666665,1.0,2.6666666666666665,3.3333333333333335,2.5999999999999996,3.2,3.4,3.0
crm,43,4.752,2.0,1.0,2.616,3.6,2.5999999999999996,3.6,2.8,3.5999999999999996
hunyuan,227,6.666666666666667,3.3333333333333335,0.6666666666666666,2.7733333333333334,3.0,2.8,3.0,2.9999999999999996,2.9999999999999996
spard,12,6.9575,2.7775,1.0,2.7775,3.75,2.9999999999999996,3.8000000000000003,3.0,3.4
crm,350,4.4,2.0,0.8,2.0,3.052,1.7999999999999998,2.8,2.0,2.0
triposr,58,4.0,2.0,1.0,2.3540000000000005,3.4,2.2,2.9999999999999996,2.4,2.9999999999999996
hunyuan,175,7.083333333333334,2.45,1.0,3.0,3.6666666666666665,2.8,3.8,3.1999999999999997,2.8
triposr,226,4.0,2.43,1.0,2.5,3.5,2.2,2.4000000000000004,3.0,3.0
triposr,505,5.0,2.3100000000000005,1.0,2.52,3.6,1.7999999999999998,2.0,1.7999999999999998,1.7999999999999998
crm,41,4.4,2.2880000000000003,1.0,2.2880000000000003,3.4,2.0,2.8,2.2,2.8
spard,235,6.71,2.5,1.0,2.295,3.5,3.6,3.8000000000000003,3.8000000000000003,3.8000000000000003
triposr,258,6.71,3.0,1.0,3.0,3.75,2.4,2.8,2.5999999999999996,3.0
triposr,202,5.0,2.472,0.8,2.6780000000000004,3.0,2.8,3.0,2.5999999999999996,2.5999999999999996
spard,490,7.095000000000001,2.5,1.0,2.9975,4.0,2.9999999999999996,2.9999999999999996,3.6,3.4
hunyuan,332,6.333333333333333,2.8,1.0,3.0,3.6666666666666665,2.2,2.6,2.2,2.6
spard,185,5.0,1.75,1.0,2.0,3.5,2.8,3.8000000000000003,2.5999999999999996,3.1999999999999997
crm,288,4.186,2.2220000000000004,1.0,2.424,3.2,2.0,3.0,2.5999999999999996,2.5999999999999996
triposr,354,5.0,2.2660000000000005,0.8,2.0,3.2,3.6,3.8000000000000003,3.8000000000000003,4.0
spard,64,4.5,1.5,1.0,2.34,3.25,2.2,3.1999999999999997,2.4000000000000004,2.6
triposr,308,7.111999999999999,2.7820000000000005,1.0,2.7820000000000005,4.0,2.2,2.4,2.9999999999999996,2.8
triposr,197,4.4159999999999995,2.3320000000000003,0.8,2.3320000000000003,3.0,2.5999999999999996,2.8,2.5999999999999996,2.5999999999999996
triposr,331,5.252000000000001,1.8,1.0,2.2220000000000004,4.0,1.7999999999999998,2.4,2.0,2.0
crm,240,4.0,2.0,0.8,2.0,2.652,1.4,2.2,1.6,1.4
spard,152,5.0,2.0,1.0,2.3625000000000003,3.5,2.5999999999999996,3.1999999999999997,2.5999999999999996,3.1999999999999997
hunyuan,71,6.666666666666667,3.3333333333333335,1.0,3.0,3.3333333333333335,3.8,4.0,3.2,3.5999999999999996
spard,268,6.82,2.34,1.0,2.5,3.75,2.4,2.5999999999999996,2.9999999999999996,2.8
hunyuan,453,6.333333333333333,2.8533333333333335,1.0,3.0,3.6666666666666665,2.4,3.8,4.0,3.0
triposr,327,6.654999999999999,2.7775,1.0,2.5,3.5,2.5999999999999996,2.8,2.5999999999999996,2.8
hunyuan,4,6.666666666666667,3.3333333333333335,1.0,3.3333333333333335,4.0,3.6,3.4,3.1999999999999997,3.1999999999999997
crm,439,4.324,2.496,1.0,2.496,3.2,1.7999999999999998,2.4,1.7999999999999998,2.1999999999999997
triposr,398,6.4575,2.3175,1.0,2.3175,3.5,2.0,2.8,2.0,2.5999999999999996
spard,40,7.015,2.805,1.0,3.0,4.0,3.1999999999999997,4.0,3.1999999999999997,3.1999999999999997
crm,345,5.0,2.7560000000000002,1.0,2.3320000000000003,3.4,2.8,3.4,2.8,3.1999999999999997
triposr,4,6.3525,2.5,1.0,2.5,3.75,2.8,3.0,2.8,3.4
triposr,280,4.5600000000000005,2.3100000000000005,1.0,2.0,3.4,2.0,3.0,1.7999999999999998,2.2
crm,461,6.588,2.244,1.0,2.0,3.4,2.5999999999999996,2.5999999999999996,3.0,2.5999999999999996
spard,206,5.0,2.34,1.0,2.34,3.25,2.0,2.2,1.4,2.0
triposr,96,6.534,2.6260000000000003,1.0,2.6260000000000003,3.6,2.8,3.8000000000000003,2.8,3.4
spard,107,6.826666666666666,2.88,1.0,2.88,3.6666666666666665,3.0,2.6,2.8,2.9999999999999996
triposr,189,5.0,2.3850000000000002,1.0,2.3850000000000002,3.5,2.0,2.0,3.2,3.2
triposr,98,6.696000000000001,2.704,1.0,2.704,3.8,2.0,2.2,2.5999999999999996,2.8
spard,492,6.5625,2.0,1.0,2.0,3.75,2.4,2.8,2.5999999999999996,3.1999999999999997
hunyuan,463,7.083333333333334,2.0,1.0,2.45,3.0,2.2,2.0,3.8,3.2
crm,347,5.0,2.616,1.0,2.616,3.6,1.7999999999999998,2.4,1.7999999999999998,2.4
triposr,181,4.4,1.8,0.8,1.8,3.0,2.0,2.0,2.5999999999999996,2.0
spard,508,7.13,2.34,1.0,2.8600000000000003,3.75,2.5999999999999996,3.6,4.0,3.2
hunyuan,24,4.62,1.6666666666666667,1.0,2.543333333333334,3.0,2.2,2.4000000000000004,2.8,2.9999999999999996
triposr,497,5.304,2.448,1.0,2.244,3.8,1.7999999999999998,2.0,1.7999999999999998,2.5999999999999996
triposr,28,5.6160000000000005,2.592,1.0,2.3760000000000003,3.6,2.0,2.8,2.4,2.5999999999999996
triposr,174,4.5,2.0,1.0,2.0,3.25,2.5999999999999996,2.8,2.8,2.5999999999999996
spard,480,5.0,2.25,1.0,2.25,3.75,2.4,3.1999999999999997,2.4,2.4
spard,231,4.0,2.0,0.75,2.0,2.8875,2.5999999999999996,3.4,3.0,3.5999999999999996
crm,446,6.8580000000000005,2.3540000000000005,1.0,2.568,3.8,2.5999999999999996,3.1999999999999997,2.8,2.5999999999999996
crm,473,5.0,2.2660000000000005,1.0,2.2660000000000005,3.6,1.6,1.8,2.0,2.0
crm,349,5.5120000000000005,2.544,1.0,2.544,3.4,2.8,3.4,2.8,3.4
triposr,298,5.2,2.4,1.0,2.4,3.2,2.5999999999999996,2.5999999999999996,2.5999999999999996,2.0
triposr,188,4.5120000000000005,2.496,0.8,2.2880000000000003,3.0,1.4,2.4,1.5999999999999999,1.5999999999999999
hunyuan,49,6.333333333333333,2.8,1.0,3.0,3.3333333333333335,2.8,2.8,3.6,2.8
hunyuan,194,6.0,2.7733333333333334,1.0,2.7733333333333334,3.3333333333333335,2.5999999999999996,3.0,3.3999999999999995,3.3999999999999995
hunyuan,173,6.0,3.0,1.0,3.3333333333333335,3.3333333333333335,2.9999999999999996,2.9999999999999996,2.9999999999999996,2.5999999999999996
spard,239,6.5625,2.5,1.0,2.3625000000000003,3.5,2.0,2.0,1.8,2.0
triposr,204,5.6160000000000005,2.592,1.0,2.0,3.4,1.4,2.0,1.4,1.2
spard,349,5.0,2.0,1.0,2.6666666666666665,3.3333333333333335,2.8,3.2,2.9999999999999996,2.9999999999999996
spard,240,4.7025,2.4525,1.0,2.0,3.5,2.0,2.8,2.0,2.5999999999999996
crm,308,4.368,2.2220000000000004,1.0,2.2220000000000004,3.8,1.8,2.2,2.5999999999999996,2.5999999999999996
triposr,209,5.304,2.448,1.0,2.244,3.8,1.7999999999999998,2.8,2.5999999999999996,2.0
hunyuan,52,6.333333333333333,3.0,1.0,3.0,3.6666666666666665,2.5999999999999996,3.0,3.4,3.4
triposr,388,7.192,2.912,1.0,2.704,3.6,2.0,3.0,2.0,2.0
spard,81,3.25,1.5,0.5,1.75,2.4075,1.4,2.2,1.0,0.4
triposr,438,4.32,2.2,1.0,2.0,3.2,1.4,2.0,2.8,2.0
hunyuan,218,6.8,2.3333333333333335,1.0,2.6666666666666665,3.3333333333333335,2.5999999999999996,3.6,3.4,2.5999999999999996
spard,457,5.0,2.5,1.0,2.5,3.25,2.2,2.2,2.0,2.2
hunyuan,405,6.333333333333333,2.0,1.0,2.8266666666666667,3.3333333333333335,2.2,2.8,3.6,2.8
hunyuan,229,6.0,3.0,1.0,3.0,3.3333333333333335,2.0,2.2,2.2,2.0
triposr,268,4.5120000000000005,2.0,1.0,2.2880000000000003,3.2,2.4,2.5999999999999996,2.5999999999999996,2.5999999999999996
spard,491,6.6675,2.0,1.0,2.4075,3.5,2.0,2.4000000000000004,1.7999999999999998,1.7999999999999998
hunyuan,306,6.333333333333333,2.8533333333333335,1.0,3.3333333333333335,3.6666666666666665,3.4,3.8000000000000003,3.8000000000000003,3.6
spard,362,6.405,2.295,1.0,2.5,3.5,3.0,3.0,2.8,2.8
triposr,82,5.252000000000001,2.6260000000000003,1.0,2.424,3.2,2.9999999999999996,3.4000000000000004,2.9999999999999996,3.1999999999999997
spard,112,6.93,2.5,1.0,2.5,3.5,2.5999999999999996,3.0,2.9999999999999996,3.4
hunyuan,74,6.0,2.0,1.0,2.3800000000000003,2.7199999999999998,3.0,3.2,3.3999999999999995,2.8
spard,82,6.405,2.295,1.0,2.805,3.25,2.9999999999999996,4.0,3.1999999999999997,3.6
crm,1,7.4239999999999995,2.8080000000000003,1.0,2.8080000000000003,3.6,2.0,2.0,2.0,2.2
triposr,71,6.51,3.0,1.0,3.0,3.25,2.8,3.6,2.8,3.1999999999999997
crm,17,5.0,2.616,1.0,3.052,3.6,2.8,2.9999999999999996,2.5999999999999996,3.0
hunyuan,312,6.333333333333333,3.0,1.0,2.4266666666666667,3.0,2.8,3.8000000000000003,2.8,2.8
hunyuan,295,6.826666666666666,2.88,1.0,2.88,3.3333333333333335,2.4,2.8,3.6,2.5999999999999996
spard,179,5.0,2.0,1.0,1.75,3.5,1.7999999999999998,2.5999999999999996,2.2,2.0
spard,208,6.615,2.5,1.0,2.915,3.75,2.0,2.8,2.2,1.7999999999999998
spard,462,6.72,2.5,1.0,2.0,3.25,2.0,2.0,2.0,2.0
hunyuan,219,5.0,2.8533333333333335,1.0,3.0,3.3333333333333335,2.8,3.6,2.8,3.4
triposr,173,3.654000000000001,2.0,0.8,1.8,2.568,1.8,2.0,2.0,1.8
hunyuan,409,4.386666666666668,2.0,0.6666666666666666,2.4266666666666667,3.3333333333333335,1.4,2.6,1.4,1.6
crm,468,5.460000000000001,2.94,1.0,2.94,3.8,2.9999999999999996,3.1999999999999997,3.6,2.9999999999999996
spard,137,3.75,2.0,0.75,2.0,2.5,2.0,3.1999999999999997,2.0,2.0
triposr,425,5.0,2.0,1.0,2.0,3.0,1.8,2.0,2.8,1.8
triposr,418,5.668000000000001,2.616,1.0,2.616,3.6,2.0,1.7999999999999998,3.1999999999999997,2.2
triposr,456,6.588,2.652,1.0,2.0,3.6,2.2,2.2,1.6,2.2
hunyuan,294,6.826666666666666,2.88,1.0,2.5200000000000005,3.0,2.0,2.0,2.0,2.0
spard,337,7.04,2.43,1.0,2.97,3.5,2.2,2.2,2.5999999999999996,2.5999999999999996
hunyuan,364,6.0,3.3333333333333335,1.0,3.6666666666666665,3.6666666666666665,3.1999999999999997,3.4,2.8,3.1999999999999997
triposr,344,5.564000000000001,2.3540000000000005,1.0,2.568,3.4,2.5999999999999996,3.6,2.8,2.9999999999999996
triposr,314,6.72,2.6,1.0,2.6,3.8,2.8,2.8,2.5999999999999996,3.1999999999999997
triposr,46,3.75,1.5,0.75,1.75,2.5,1.7999999999999998,2.0,2.5999999999999996,1.7999999999999998
crm,160,4.4,2.3540000000000005,1.0,2.568,3.2,2.0,2.5999999999999996,2.0,2.5999999999999996
spard,18,5.0,2.5,1.0,2.4075,3.75,2.5999999999999996,2.8,2.5999999999999996,2.4
spard,190,6.405,2.295,1.0,2.295,3.75,2.5999999999999996,3.1999999999999997,2.5999999999999996,2.5999999999999996
spard,392,6.6675,2.0,1.0,2.5,3.25,3.6,3.8000000000000003,3.1999999999999997,3.6
spard,93,7.3025,2.0,1.0,2.9425000000000003,3.5,3.8000000000000003,4.0,4.0,4.0
hunyuan,414,3.466666666666667,2.6666666666666665,1.0,2.6666666666666665,2.6666666666666665,2.2,2.2,2.8,2.0
spard,353,6.0,2.805,1.0,2.805,3.75,3.4,3.8000000000000003,3.4,4.0
spard,6,6.5625,2.0,1.0,2.3625000000000003,3.75,2.0,2.5999999999999996,2.0,2.0
triposr,421,4.4,2.0,1.0,2.0,3.2,1.7999999999999998,2.2,2.0,2.0
triposr,198,5.0,2.3850000000000002,1.0,2.3850000000000002,3.5,2.5999999999999996,3.0,2.9999999999999996,2.8
triposr,63,3.75,2.0,0.75,1.75,2.4075,3.6,4.0,3.1999999999999997,3.6
hunyuan,316,7.083333333333334,2.45,1.0,2.45,3.0,2.2,2.8,3.1999999999999997,2.8
hunyuan,383,7.083333333333334,3.0,1.0,3.3333333333333335,3.6666666666666665,2.5999999999999996,2.5999999999999996,2.8,2.8
triposr,153,4.6075,2.0,1.0,2.4075,3.5,2.0,2.0,2.5999999999999996,2.0
triposr,56,3.4860000000000007,2.2660000000000005,1.0,2.2660000000000005,3.2,2.5999999999999996,3.4,2.5999999999999996,3.4
hunyuan,102,3.813333333333333,1.6666666666666667,1.0,1.6666666666666667,2.88,1.7999999999999998,2.8,2.5999999999999996,2.5999999999999996
triposr,412,5.304,2.856,1.0,2.856,3.8,2.8,3.1999999999999997,3.4,3.4
triposr,358,6.588,2.652,1.0,2.652,3.8,2.5999999999999996,2.8,2.8,3.4
hunyuan,206,6.970000000000001,2.7466666666666666,1.0,2.7466666666666666,3.3333333333333335,2.5999999999999996,2.0,2.5999999999999996,2.5999999999999996
triposr,285,4.5,2.43,1.0,2.43,3.25,2.8,3.4,2.5999999999999996,3.1999999999999997
triposr,77,5.0,2.4075,1.0,2.5,3.25,2.8,3.0,3.0,3.0
spard,198,6.4575,2.3175,1.0,2.0,3.5,2.5999999999999996,3.6,3.1999999999999997,2.5999999999999996
spard,311,6.875,2.8875,1.0,2.8875,3.75,2.8,3.1999999999999997,2.9999999999999996,2.8
triposr,315,4.5120000000000005,2.0,0.8,2.2880000000000003,3.2,2.0,2.4000000000000004,3.3999999999999995,2.4000000000000004
hunyuan,236,6.0,2.6933333333333334,1.0,2.6933333333333334,3.3333333333333335,2.0,2.0,2.0,2.2
spard,388,6.5625,2.3625000000000003,1.0,2.3625000000000003,3.5,2.2,2.9999999999999996,2.0,2.0
crm,400,7.25,2.7300000000000004,1.0,2.7300000000000004,3.6,2.5999999999999996,3.6,3.0,3.0
hunyuan,416,7.140000000000001,2.0,1.0,2.8266666666666667,3.6666666666666665,2.8,3.8000000000000003,3.4,2.5999999999999996
triposr,134,4.4,2.0,1.0,2.0,2.8340000000000005,2.4,2.5999999999999996,2.4,2.4
hunyuan,478,6.0,2.7199999999999998,1.0,3.0,3.3333333333333335,3.4,3.8,4.0,3.5999999999999996
spard,354,7.04,2.0,1.0,2.97,3.75,2.9999999999999996,3.8000000000000003,2.9999999999999996,3.4
triposr,408,4.5600000000000005,2.3100000000000005,1.0,2.3100000000000005,3.4,2.2,2.0,2.9999999999999996,2.8
hunyuan,101,5.0,2.4033333333333338,1.0,2.0,3.0,2.8,3.0,3.0,3.4
spard,220,4.275,2.0,1.0,2.75,3.25,2.9999999999999996,3.1999999999999997,2.9999999999999996,3.6
triposr,328,6.72,2.97,1.0,2.97,3.75,2.8,3.0,3.0,3.1999999999999997
hunyuan,87,6.913333333333333,1.6666666666666667,1.0,2.7199999999999998,3.3333333333333335,2.2,3.0,3.4,2.8
triposr,443,7.055999999999999,2.968,1.0,2.544,3.6,2.5999999999999996,2.5999999999999996,2.5999999999999996,2.8
spard,8,6.93,2.3850000000000002,1.0,2.0,3.5,3.4,3.0,4.0,3.6
spard,497,6.9575,2.7775,1.0,2.5,3.75,2.2,2.2,2.4000000000000004,2.0
triposr,419,6.48,2.2,1.0,2.2,3.4,1.7999999999999998,2.0,2.4,2.4
crm,170,4.752,2.616,1.0,2.0,3.6,1.8,2.5999999999999996,2.0,1.8
triposr,26,4.0,1.8,1.0,2.0,2.6,2.4,2.8,3.0,3.0
triposr,7,4.4,2.2880000000000003,0.8,2.496,3.0,2.4,3.1999999999999997,3.0,3.0
hunyuan,131,6.8,2.6666666666666665,1.0,2.6666666666666665,3.0,2.8,2.8,2.9999999999999996,2.9999999999999996
hunyuan,435,6.0,2.88,1.0,2.5200000000000005,3.3333333333333335,2.4,2.5999999999999996,3.6,2.8
spard,429,6.0,2.5,1.0,2.43,3.75,3.0,3.4,3.4,2.5999999999999996
spard,77,6.82,2.0,1.0,2.5,3.25,3.1999999999999997,4.0,3.3999999999999995,3.8
crm,8,5.0,2.7300000000000004,1.0,2.52,3.2,1.7999999999999998,2.4000000000000004,3.8000000000000003,2.8
crm,294,3.2,1.6,0.6,1.6,2.0,1.2000000000000002,1.7999999999999998,2.0,1.7999999999999998
crm,311,5.0,2.8340000000000005,1.0,2.3980000000000006,3.4,2.0,2.5999999999999996,2.0,1.8
hunyuan,53,6.88,3.0,1.0,3.3333333333333335,3.6666666666666665,3.8000000000000003,3.8000000000000003,2.8,3.1999999999999997
hunyuan,189,4.48,1.6666666666666667,1.0,2.8266666666666667,3.3333333333333335,2.4,3.8,3.1999999999999997,2.5999999999999996
hunyuan,320,6.666666666666667,2.7466666666666666,1.0,3.0,3.6666666666666665,2.4,3.1999999999999997,3.6,2.8
spard,494,6.9575,2.2725,0.75,2.2725,3.75,2.5999999999999996,3.4,2.8,3.0
hunyuan,441,4.340000000000001,2.0,1.0,2.4033333333333338,3.0,2.2,2.8,2.5999999999999996,2.5999999999999996
hunyuan,83,7.0,3.0,1.0,3.0,3.6666666666666665,2.8,4.0,3.1999999999999997,3.4
hunyuan,422,7.3100000000000005,2.9066666666666667,1.0,2.543333333333334,3.3333333333333335,2.2,2.2,2.2,2.0
spard,269,6.6675,2.4075,1.0,2.5,3.75,1.7999999999999998,2.5999999999999996,1.7999999999999998,2.1999999999999997
triposr,451,4.368,2.2220000000000004,1.0,2.424,3.6,2.5999999999999996,2.5999999999999996,2.5999999999999996,2.5999999999999996
spard,504,4.37,1.75,0.75,2.5,2.805,2.0,2.6,2.5999999999999996,2.5999999999999996
triposr,498,6.75,2.3100000000000005,1.0,2.7300000000000004,3.8,2.8,2.8,2.8,2.8
spard,506,6.875,2.3625000000000003,1.0,2.5,3.5,2.2,2.4000000000000004,2.2,2.2
hunyuan,506,6.333333333333333,3.0,1.0,2.9066666666666667,3.6666666666666665,2.0,2.4000000000000004,3.0,3.0
triposr,113,6.696000000000001,2.496,1.0,2.704,3.6,2.5999999999999996,3.1999999999999997,2.5999999999999996,2.5999999999999996
triposr,150,6.696000000000001,2.496,1.0,2.2880000000000003,4.0,2.0,2.0,2.0,2.0
triposr,333,6.776,2.6260000000000003,1.0,2.6260000000000003,3.8,2.4,3.1999999999999997,2.9999999999999996,2.8
crm,321,3.4020000000000006,2.424,1.0,2.2220000000000004,3.0,2.4,2.0,2.8,2.5999999999999996
hunyuan,241,3.3333333333333335,1.6666666666666667,0.6666666666666666,1.6666666666666667,2.7466666666666666,2.0,2.4000000000000004,2.0,2.0
triposr,266,4.4,2.0,1.0,2.3540000000000005,3.2,2.0,2.5999999999999996,2.5999999999999996,2.4
hunyuan,134,6.88,2.9066666666666667,1.0,2.9066666666666667,3.0,2.4,2.5999999999999996,2.8,3.1999999999999997
triposr,187,3.696,2.592,1.0,2.0,3.2,3.4,3.6,3.6,3.1999999999999997
triposr,6,5.408,2.496,1.0,2.704,3.4,2.0,3.0,2.0,2.0
crm,393,7.482,3.052,1.0,3.052,4.0,2.2,2.4000000000000004,3.4,2.8
spard,119,4.62,2.0,1.0,2.543333333333334,3.6666666666666665,2.5999999999999996,3.4,2.0,2.0
triposr,299,5.0,2.472,0.8,2.472,3.4,2.8,2.8,2.8,3.2
hunyuan,489,6.0,2.4033333333333338,1.0,2.7466666666666666,3.3333333333333335,2.0,2.5999999999999996,3.6,2.8
triposr,37,5.0,3.0,1.0,2.5,3.5,2.8,3.6,3.2,3.8
crm,134,3.3600000000000003,2.0,0.8,2.2,2.8,1.7999999999999998,2.0,1.7999999999999998,1.7999999999999998
spard,449,4.5,2.0,1.0,2.0,3.5,2.0,2.8,2.5999999999999996,2.8
spard,100,6.773333333333333,2.496666666666667,1.0,2.8533333333333335,2.8533333333333335,2.8,3.0,2.2,2.5999999999999996
hunyuan,8,6.666666666666667,3.0,1.0,2.0,3.6666666666666665,1.2000000000000002,1.4,3.6,2.4
hunyuan,309,6.8566666666666665,3.3333333333333335,1.0,3.0,3.3333333333333335,3.6,3.3999999999999995,4.0,3.3999999999999995
hunyuan,159,7.196666666666667,2.8533333333333335,1.0,2.496666666666667,3.0,2.5999999999999996,3.4,3.4,2.8
spard,80,6.970000000000001,2.7466666666666666,1.0,2.7466666666666666,3.6666666666666665,3.4,3.8000000000000003,2.8,2.8
hunyuan,104,6.666666666666667,2.543333333333334,1.0,3.3333333333333335,3.3333333333333335,3.6,3.8000000000000003,3.6,3.6
triposr,502,5.408,2.496,1.0,2.704,3.4,1.7999999999999998,2.0,2.4,2.5999999999999996
triposr,89,3.6,1.8,0.6,1.6,2.544,2.4,2.5999999999999996,2.0,2.0
hunyuan,111,6.8,2.3333333333333335,1.0,2.6666666666666665,3.0,3.0,3.1999999999999997,2.8,2.8
crm,270,6.588,2.0,1.0,2.652,3.8,1.7999999999999998,2.8,2.4,2.5999999999999996
triposr,479,3.75,2.0,1.0,2.0,2.75,1.8,2.2,2.0,1.8
spard,219,6.7725,2.4525,1.0,2.9975,3.5,2.5999999999999996,2.5999999999999996,2.0,2.0
spard,283,6.3525,2.5,1.0,2.5,3.5,2.4,2.0,2.9999999999999996,2.0
hunyuan,354,6.666666666666667,3.0,1.0,3.3333333333333335,4.0,3.4,3.6,3.8,3.1999999999999997
triposr,119,5.0,2.3100000000000005,0.8,1.8,2.7300000000000004,2.5999999999999996,2.6,2.0,1.7999999999999998
spard,307,6.71,2.0,1.0,2.0,3.5,2.0,2.0,3.0,2.8
triposr,311,6.3525,2.5,1.0,2.5,3.25,2.5999999999999996,3.4,3.4,2.5999999999999996
hunyuan,17,6.8566666666666665,2.356666666666667,1.0,3.0,3.3333333333333335,2.8,4.0,3.3999999999999995,3.8
triposr,87,4.508,2.0,0.8,2.3760000000000003,3.0,2.2,3.6,2.8,2.8
spard,423,5.0,2.0,1.0,2.25,3.5,2.8,3.3999999999999995,2.4000000000000004,2.5999999999999996
spard,211,6.985,2.4075,1.0,2.5,3.75,2.5999999999999996,3.6,3.0,2.5999999999999996
spard,256,6.3525,2.2725,1.0,2.5,3.5,2.8,4.0,2.8,3.2
triposr,76,4.4,2.0,0.8,2.0,2.828,2.4,2.5999999999999996,2.5999999999999996,3.1999999999999997
hunyuan,298,7.196666666666667,2.8533333333333335,1.0,2.8533333333333335,3.0,2.8,2.9999999999999996,2.8,2.8
triposr,59,4.464,2.0,0.8,2.0,2.6780000000000004,2.5999999999999996,3.6,2.5999999999999996,2.8
triposr,272,5.252000000000001,2.0,1.0,2.2220000000000004,3.6,2.0,2.2,1.4,2.0
spard,187,6.71,2.5,1.0,2.805,3.5,3.6,3.8000000000000003,3.6,3.6
spard,133,6.5625,2.5,1.0,2.5,3.75,1.8,2.8,1.7999999999999998,1.7999999999999998
triposr,126,7.366,2.996,1.0,3.0,3.6,3.0,3.4,3.1999999999999997,3.1999999999999997
triposr,125,3.7380000000000004,2.3980000000000006,1.0,2.616,3.2,2.2,2.2,2.2,2.0
triposr,5,4.508,2.3760000000000003,1.0,2.0,3.2,2.0,2.8,2.0,2.0
triposr,118,4.368,2.424,1.0,2.2220000000000004,3.4,2.4,3.1999999999999997,2.5999999999999996,3.1999999999999997
crm,419,4.0,2.2660000000000005,1.0,2.472,3.0,2.0,2.2,2.0,2.0
hunyuan,357,6.0,2.7733333333333334,1.0,2.7733333333333334,3.6666666666666665,2.9999999999999996,3.6,3.0,2.8
hunyuan,125,6.826666666666666,2.5200000000000005,1.0,2.88,3.3333333333333335,2.8,3.8000000000000003,2.9999999999999996,2.5999999999999996
triposr,462,5.668000000000001,2.8340000000000005,1.0,2.616,3.2,2.5999999999999996,2.0,2.5999999999999996,2.5999999999999996
triposr,379,4.5,2.0,0.75,2.4075,3.25,2.2,3.1999999999999997,2.4000000000000004,2.6
crm,92,3.5280000000000005,2.0,0.6,1.8,2.704,2.0,2.5999999999999996,1.7999999999999998,1.7999999999999998
hunyuan,328,6.666666666666667,3.0,1.0,3.0,3.3333333333333335,2.8,3.0,2.2,2.8
triposr,143,4.4,2.0,1.0,2.0,2.6,1.7999999999999998,2.2,2.4,1.7999999999999998
triposr,454,6.588,2.448,1.0,2.652,3.8,2.2,2.2,2.9999999999999996,2.4
triposr,448,6.8580000000000005,2.0,1.0,2.0,3.6,2.6,3.4000000000000004,3.6,2.8
spard,350,4.5,1.75,1.0,2.5,2.75,2.2,2.2,1.4,2.0
triposr,369,4.6075,2.4075,1.0,2.0,2.9425000000000003,2.4,3.4,2.4,2.5999999999999996
triposr,476,4.704,2.3760000000000003,1.0,2.3760000000000003,3.4,2.4,3.1999999999999997,3.1999999999999997,2.4
spard,316,6.7725,2.4525,1.0,2.4525,3.75,2.5999999999999996,2.8,2.8,2.8
triposr,423,3.75,2.0,0.75,1.75,2.8325,1.8,2.5999999999999996,2.4,2.4
triposr,407,5.356000000000001,2.472,1.0,2.472,3.4,2.5999999999999996,2.5999999999999996,2.5999999999999996,2.5999999999999996
triposr,338,4.752,2.0,1.0,2.3980000000000006,3.6,1.7999999999999998,3.0,2.2,2.4
triposr,147,3.696,1.8,0.8,1.8,3.2,2.5999999999999996,3.4,3.2,3.0
spard,379,5.0,2.2725,1.0,2.5,3.75,2.8,2.9999999999999996,2.8,2.8
hunyuan,35,6.773333333333333,2.496666666666667,1.0,2.0,3.0,1.7999999999999998,2.0,2.0,2.0
triposr,57,7.192,2.704,1.0,2.496,3.6,2.0,2.5999999999999996,2.5999999999999996,2.5999999999999996
spard,238,6.913333333333333,2.7199999999999998,1.0,2.7199999999999998,3.3333333333333335,3.1999999999999997,3.1999999999999997,3.1999999999999997,3.1999999999999997
spard,58,3.5,1.5,0.75,2.3850000000000002,2.0,2.0,3.2,1.7999999999999998,1.7999999999999998
hunyuan,222,6.333333333333333,2.9066666666666667,1.0,3.0,3.6666666666666665,2.8,3.6,2.9999999999999996,2.9999999999999996
hunyuan,323,6.666666666666667,3.0,1.0,3.0,3.6666666666666665,2.8,3.8000000000000003,3.3999999999999995,2.8
hunyuan,12,6.666666666666667,3.0,1.0,3.3333333333333335,4.0,2.9999999999999996,3.1999999999999997,2.9999999999999996,2.9999999999999996
hunyuan,119,6.333333333333333,3.0,1.0,3.0,3.3333333333333335,2.0,2.8,2.2,2.8
hunyuan,502,6.333333333333333,3.0,1.0,2.8266666666666667,3.6666666666666665,2.0,2.4000000000000004,3.6,2.9999999999999996
hunyuan,6,6.0,2.7199999999999998,1.0,3.0,3.3333333333333335,2.2,2.2,2.9999999999999996,2.8
triposr,11,5.0,2.0,1.0,2.3980000000000006,3.6,1.4,2.0,3.8000000000000003,2.5999999999999996
hunyuan,65,7.140000000000001,2.0,1.0,2.4733333333333336,3.0,2.4,2.5999999999999996,3.8000000000000003,3.0
triposr,296,5.0,2.2220000000000004,1.0,2.2220000000000004,3.4,2.5999999999999996,2.8,2.5999999999999996,2.5999999999999996
triposr,271,4.5,2.0,1.0,2.0,3.0,2.4,2.4000000000000004,3.2,3.2
crm,507,4.4,1.6,0.8,2.0,3.4,2.0,2.0,2.5999999999999996,2.0
hunyuan,62,6.333333333333333,3.3333333333333335,1.0,3.0,3.6666666666666665,2.4,2.0,3.0,2.8
triposr,239,7.223999999999999,2.8340000000000005,1.0,2.3980000000000006,3.8,2.5999999999999996,3.8,2.8,3.0
spard,340,4.3225,2.0,1.0,2.2725,3.5,2.8,3.1999999999999997,3.3999999999999995,3.3999999999999995
spard,83,6.0,3.0,1.0,3.0,4.0,2.2,3.0,2.4,2.6
crm,82,4.0,1.8,1.0,2.0,2.568,2.5999999999999996,3.6,3.0,2.8
triposr,377,7.167999999999999,2.592,1.0,2.8080000000000003,3.4,2.6,3.6,3.6,2.9999999999999996
triposr,360,5.0,1.8,0.8,2.3540000000000005,3.6,3.0,3.2,3.0,3.3999999999999995
hunyuan,375,6.0,2.8533333333333335,1.0,3.0,3.6666666666666665,2.8,3.8000000000000003,3.6,2.8
spard,143,3.75,2.0,1.0,2.25,3.0,2.5999999999999996,2.8,2.8,2.8
crm,444,3.6,1.4,0.8,1.6,2.3980000000000006,1.5999999999999999,2.5999999999999996,2.0,1.8
hunyuan,182,6.913333333333333,2.7199999999999998,1.0,2.7199999999999998,3.6666666666666665,3.1999999999999997,3.8000000000000003,2.8,3.1999999999999997
hunyuan,63,7.0,3.6666666666666665,1.0,3.6666666666666665,4.0,3.4,4.0,3.0,2.8
triposr,313,7.0,2.7300000000000004,1.0,2.7300000000000004,3.8,2.0,3.0,2.8,1.8
crm,367,4.5120000000000005,2.496,1.0,2.704,3.4,1.7999999999999998,2.5999999999999996,1.7999999999999998,2.4
hunyuan,467,6.666666666666667,3.3333333333333335,1.0,2.88,3.6666666666666665,3.6,3.6,4.0,3.8000000000000003
hunyuan,230,6.666666666666667,3.0,1.0,2.5200000000000005,3.3333333333333335,2.4,2.4000000000000004,4.0,3.8
hunyuan,321,6.773333333333333,2.8533333333333335,1.0,3.0,3.6666666666666665,2.4,3.0,3.8,2.8
triposr,346,6.912000000000001,3.024,1.0,2.8080000000000003,3.6,2.2,2.4,2.4,2.2
hunyuan,128,7.0,3.0,1.0,3.3333333333333335,4.0,2.8,3.6,2.8,2.8
hunyuan,197,6.666666666666667,3.0,1.0,3.3333333333333335,4.0,2.2,2.4000000000000004,2.0,2.0
hunyuan,196,6.333333333333333,3.0,1.0,3.3333333333333335,4.0,2.8,2.9999999999999996,3.6,3.6
triposr,283,7.4175,3.0,1.0,2.5,3.75,1.7999999999999998,2.0,2.5999999999999996,2.8
hunyuan,301,6.666666666666667,3.3333333333333335,1.0,3.0,3.6666666666666665,2.8,3.2,3.1999999999999997,3.0
hunyuan,239,7.0,3.6666666666666665,1.0,3.0,3.6666666666666665,2.9999999999999996,3.1999999999999997,3.1999999999999997,3.3999999999999995
triposr,124,4.0,1.8,0.6,2.0,2.968,2.0,1.8,3.4,3.2
spard,385,5.0,2.5,1.0,2.5,3.5,1.8,2.0,2.0,1.8
crm,296,3.4860000000000007,2.2660000000000005,0.8,2.0,3.4,1.7999999999999998,2.5999999999999996,2.0,2.0
crm,458,6.75,2.7300000000000004,1.0,2.7300000000000004,3.6,1.7999999999999998,2.0,2.0,2.0
hunyuan,394,7.0,3.3333333333333335,1.0,3.0,4.0,2.8,3.4,2.8,3.4
crm,291,3.4020000000000006,2.0,0.8,2.2220000000000004,3.0,2.8,3.6,3.4,3.4
hunyuan,452,6.666666666666667,3.0,1.0,3.3333333333333335,4.0,1.4,2.6,3.6,2.4
triposr,192,3.4020000000000006,2.2220000000000004,0.8,1.8,2.6260000000000003,1.8,2.0,2.2,2.0
spard,209,5.0,2.4075,1.0,2.4075,3.5,2.5999999999999996,2.8,2.2,2.8
triposr,435,6.8580000000000005,2.7820000000000005,1.0,2.3540000000000005,4.0,1.5999999999999999,2.5999999999999996,2.0,2.5999999999999996
spard,444,3.5,1.5,0.5,2.34,2.34,2.8,3.0,3.1999999999999997,3.6
hunyuan,251,6.333333333333333,3.3333333333333335,1.0,3.3333333333333335,3.6666666666666665,2.5999999999999996,2.8,2.8,3.1999999999999997
triposr,111,4.0,2.0,0.75,1.75,2.75,2.2,3.1999999999999997,2.0,2.0
spard,272,6.6,2.5,0.75,2.5,3.75,1.7999999999999998,2.5999999999999996,2.5999999999999996,2.0
triposr,185,4.508,2.0,1.0,2.3760000000000003,3.4,2.5999999999999996,2.5999999999999996,2.8,2.5999999999999996
spard,1,6.0,2.915,1.0,2.5,3.75,3.0,3.2,2.8,2.8
triposr,261,6.48,2.4,1.0,2.4,3.6,2.8,2.8,2.8,2.8
crm,201,4.5600000000000005,2.3100000000000005,1.0,2.7300000000000004,3.4,2.4,2.8,3.5999999999999996,3.1999999999999997
spard,387,6.72,2.0,1.0,2.43,3.5,2.2,2.2,3.6,2.5999999999999996
hunyuan,329,6.72,2.0,1.0,1.6666666666666667,2.8266666666666667,2.0,2.4000000000000004,2.5999999999999996,2.0
spard,66,5.0,2.43,1.0,2.43,3.25,2.8,3.6,2.8,3.4
spard,210,4.275,2.0,1.0,2.5,3.5,2.8,3.6,2.8,2.8
spard,432,4.5,2.3850000000000002,1.0,2.915,3.5,2.0,1.8,1.4,1.4
triposr,130,4.186,1.8,1.0,2.0,3.2,1.7999999999999998,2.4000000000000004,2.5999999999999996,2.2
spard,503,5.0,2.5,1.0,2.3175,3.5,2.9999999999999996,3.1999999999999997,2.9999999999999996,2.8
crm,443,4.278,2.2660000000000005,1.0,2.0,3.2,2.0,2.2,2.0,1.8
spard,175,4.5,2.0,0.75,2.4525,2.9975,2.0,3.0,3.4,2.8
triposr,385,6.48,2.4,0.8,2.2,3.6,2.4,2.5999999999999996,2.5999999999999996,2.5999999999999996
hunyuan,342,7.666666666666667,4.0,1.0,2.3333333333333335,4.0,1.7999999999999998,1.7999999999999998,3.8000000000000003,2.5999999999999996
triposr,387,4.4,1.8,0.8,1.8,3.0,2.8,2.8,3.1999999999999997,2.9999999999999996
triposr,106,4.656,2.7820000000000005,1.0,2.996,3.6,2.8,2.8,2.8,3.6
crm,111,4.416,2.448,1.0,2.856,3.4,2.2,2.2,1.8,1.8
triposr,279,6.804,2.544,1.0,2.3320000000000003,3.4,2.5999999999999996,2.8,2.8,3.1999999999999997
triposr,413,5.252000000000001,2.6260000000000003,1.0,2.6260000000000003,3.8,2.5999999999999996,3.1999999999999997,2.8,3.4
spard,401,5.0,2.34,1.0,2.5,4.0,2.8,3.6,2.5999999999999996,2.4
triposr,65,5.0,2.5,1.0,3.0,3.75,2.5999999999999996,2.5999999999999996,3.2,3.0
triposr,348,6.966000000000001,3.052,1.0,2.3980000000000006,3.6,2.0,2.2,2.0,2.2
crm,73,4.0,2.0,1.0,2.3980000000000006,2.8340000000000005,1.8,2.4000000000000004,2.0,1.8
spard,79,4.56,2.0,0.75,2.3850000000000002,3.25,2.5999999999999996,3.1999999999999997,2.5999999999999996,2.5999999999999996
crm,101,4.368,2.2220000000000004,1.0,2.2220000000000004,3.2,2.2,2.2,2.0,2.8
spard,364,6.5625,2.5,1.0,2.5,3.5,2.5999999999999996,2.8,2.2,2.5999999999999996
triposr,426,3.8,2.0,0.4,1.8,2.4,2.0,2.8,2.0,2.0
spard,433,7.3025,2.9425000000000003,1.0,3.0,3.75,2.4,3.1999999999999997,2.9999999999999996,2.4
hunyuan,160,6.333333333333333,3.0,1.0,3.0,3.3333333333333335,2.5999999999999996,3.0,3.0,2.8
spard,427,7.04,2.5,0.75,2.43,3.25,2.8,3.0,2.8,2.8
triposr,464,4.278,2.2660000000000005,0.8,2.0,3.6,2.4,3.2,2.4,3.4000000000000004
hunyuan,250,6.333333333333333,3.0,1.0,3.0,3.6666666666666665,3.1999999999999997,3.4,3.0,3.4
triposr,470,3.4860000000000007,2.472,0.8,2.2660000000000005,3.4,2.2,3.1999999999999997,2.8,2.0
spard,374,6.3525,2.0,1.0,2.5,3.5,3.6,3.4000000000000004,3.6,3.4
spard,48,4.0,2.0,0.75,2.5,3.25,2.8,3.1999999999999997,2.8,3.4
spard,127,4.6075,2.0,1.0,2.4075,3.25,3.4,3.6,2.9999999999999996,3.4000000000000004
hunyuan,376,7.196666666666667,2.0,1.0,3.0,3.6666666666666665,2.8,4.0,4.0,4.0
spard,47,5.0,2.25,1.0,2.5,3.75,3.1999999999999997,3.6,3.4,3.1999999999999997
hunyuan,154,6.0,2.0,1.0,2.0,3.3333333333333335,1.0,2.0,3.8000000000000003,2.8
crm,422,4.0,2.3980000000000006,1.0,2.3980000000000006,3.052,1.7999999999999998,2.0,2.0,2.0
triposr,489,4.275,2.5,1.0,2.25,3.25,2.5999999999999996,3.6,2.8,3.4
triposr,146,3.6120000000000005,2.544,0.8,2.0,2.968,1.7999999999999998,1.7999999999999998,2.5999999999999996,2.4
hunyuan,237,7.0,3.3333333333333335,1.0,3.0,4.0,2.5999999999999996,3.4,2.9999999999999996,2.5999999999999996
triposr,195,5.304,2.244,1.0,2.448,3.6,2.0,3.2,2.5999999999999996,3.0
triposr,74,5.0,2.472,1.0,2.6780000000000004,3.4,2.0,2.0,3.0,3.0
hunyuan,442,6.666666666666667,3.0,1.0,3.3333333333333335,4.0,2.8,3.0,2.9999999999999996,2.8
triposr,149,4.278,2.2660000000000005,1.0,2.472,3.4,2.2,2.0,2.0,2.0
crm,78,5.460000000000001,2.3100000000000005,1.0,2.52,3.2,1.7999999999999998,2.0,1.7999999999999998,1.7999999999999998
spard,172,6.93,2.0,1.0,3.0,3.5,3.1999999999999997,3.4,3.1999999999999997,3.1999999999999997
hunyuan,180,6.0,1.6666666666666667,1.0,2.4033333333333338,3.0,1.5999999999999999,3.0,4.0,2.8
triposr,474,4.278,1.8,1.0,2.0,3.4,2.2,2.4,2.8,2.2
hunyuan,94,6.0,2.6933333333333334,1.0,2.6933333333333334,3.6666666666666665,2.8,3.6,3.4,2.8
spard,86,4.0,2.5,0.75,1.75,2.5,3.2,2.8,3.1999999999999997,3.8000000000000003
spard,217,5.0,2.0,1.0,2.5,3.75,2.0,3.0,2.8,2.5999999999999996
spard,305,6.3,2.75,1.0,2.75,3.5,2.2,2.2,2.8,2.2
spard,334,6.3525,2.5,1.0,2.5,3.75,2.8,2.8,2.5999999999999996,2.8
triposr,224,5.668000000000001,2.3980000000000006,1.0,2.616,3.8,2.5999999999999996,3.6,3.5999999999999996,3.0
hunyuan,262,5.0,2.8,1.0,3.0,3.6666666666666665,2.9999999999999996,2.2,3.4,2.9999999999999996
hunyuan,455,6.666666666666667,3.3333333333333335,1.0,3.0,3.6666666666666665,2.9999999999999996,3.1999999999999997,2.9999999999999996,3.6
hunyuan,54,6.773333333333333,2.0,1.0,1.6666666666666667,2.8533333333333335,1.7999999999999998,3.0,2.5999999999999996,2.5999999999999996
crm,39,7.055999999999999,3.0,1.0,2.968,4.0,2.4000000000000004,2.4000000000000004,2.8,2.8
spard,115,4.56,2.3850000000000002,1.0,2.0,3.25,1.7999999999999998,2.0,1.7999999999999998,1.7999999999999998
hunyuan,60,4.48,1.6666666666666667,0.6666666666666666,2.4733333333333336,2.8266666666666667,2.2,3.3999999999999995,3.1999999999999997,2.8
crm,489,6.696000000000001,2.912,1.0,2.912,3.6,2.0,2.5999999999999996,2.0,2.5999999999999996
spard,332,6.405,2.295,1.0,2.295,3.5,2.8,3.8000000000000003,2.8,2.8
crm,48,4.4,2.52,1.0,2.3100000000000005,2.94,2.1999999999999997,2.5999999999999996,2.0,2.0
spard,309,6.765,2.5,1.0,2.0,3.5,2.8,3.6,2.5999999999999996,2.5999999999999996
triposr,103,7.366,3.0,1.0,2.568,3.4,3.1999999999999997,2.5999999999999996,3.6,3.8000000000000003
spard,347,6.654999999999999,2.5,1.0,2.7775,4.0,2.9999999999999996,3.6,2.4,2.4
triposr,406,5.5120000000000005,2.544,1.0,2.3320000000000003,3.4,2.5999999999999996,2.5999999999999996,2.4,3.0
triposr,99,5.2,2.2,1.0,2.6,3.0,1.8,2.0,1.2000000000000002,2.0
crm,456,4.32,2.2,0.8,2.2,2.8,1.2000000000000002,2.0,1.2000000000000002,1.2000000000000002
hunyuan,347,6.333333333333333,3.0,1.0,3.3333333333333335,3.6666666666666665,2.8,3.8,3.1999999999999997,3.4
triposr,389,7.018,2.828,1.0,2.424,3.4,2.8,2.8,2.5999999999999996,2.8
hunyuan,469,4.386666666666668,3.0,1.0,2.0,3.3333333333333335,2.0,2.0,3.8000000000000003,2.5999999999999996
spard,168,5.0,2.0,1.0,2.0,3.0,2.4,3.1999999999999997,2.8,2.8
triposr,290,5.0,2.3320000000000003,1.0,2.0,3.6,2.0,2.0,2.0,2.0
hunyuan,177,4.62,2.543333333333334,1.0,2.0,3.0,2.5999999999999996,2.8,2.8,2.8
hunyuan,288,6.333333333333333,3.0,1.0,3.0,4.0,2.0,2.0,2.4,2.5999999999999996
spard,328,6.0,2.5200000000000005,1.0,2.88,3.6666666666666665,2.8,3.1999999999999997,2.9999999999999996,2.9999999999999996
spard,57,5.0,2.43,1.0,2.43,3.5,2.2,2.8,2.4,1.2000000000000002
triposr,205,4.5,2.0,1.0,2.0,3.25,2.5999999999999996,2.8,2.8,2.8
spard,247,6.0,2.5,1.0,2.7775,3.75,2.2,2.2,2.9999999999999996,2.4
triposr,487,4.275,2.0,1.0,2.0,3.25,2.2,2.2,3.6,2.5999999999999996
crm,396,5.0,2.2,1.0,2.6,3.4,1.8,2.0,1.5999999999999999,1.8
triposr,95,4.32,1.8,1.0,2.0,2.8,2.5999999999999996,2.8,3.1999999999999997,2.5999999999999996
crm,430,3.8,1.8,0.6,2.3320000000000003,2.7560000000000002,2.2,3.0,3.0,2.8
spard,430,4.0,2.0,0.75,2.295,3.0,2.2,3.0,2.2,2.2
crm,128,6.804,2.3320000000000003,1.0,2.544,3.4,2.8,3.0,3.0,3.0
triposr,241,4.0,2.3100000000000005,1.0,2.3100000000000005,2.94,2.5999999999999996,3.4,2.5999999999999996,3.5999999999999996
hunyuan,169,6.88,2.9066666666666667,1.0,3.3333333333333335,3.3333333333333335,2.9999999999999996,3.8000000000000003,3.6,3.6
hunyuan,33,6.333333333333333,3.0,1.0,3.0,3.3333333333333335,3.6,3.8000000000000003,3.6,3.6
triposr,301,6.75,2.94,1.0,2.7300000000000004,3.4,2.5999999999999996,2.8,2.4,2.4
spard,441,5.0,2.3625000000000003,1.0,2.3625000000000003,3.5,2.8,3.6,2.8,2.5999999999999996
spard,345,5.0,2.7199999999999998,1.0,2.7199999999999998,3.6666666666666665,2.8,3.8000000000000003,3.0,2.5999999999999996
spard,324,6.666666666666666,2.8,1.0,2.8,4.0,2.2,3.1999999999999997,2.4,2.2
spard,446,7.0725,2.0,1.0,2.5,3.75,2.5999999999999996,3.1999999999999997,3.1999999999999997,2.5999999999999996
hunyuan,468,7.026666666666667,2.7733333333333334,1.0,2.7733333333333334,3.6666666666666665,2.2,2.2,2.8,2.8
spard,182,6.82,2.0,1.0,3.25,3.75,3.4,3.6,3.4,3.0
spard,458,6.654999999999999,2.5,1.0,2.0,3.5,2.9999999999999996,2.2,2.9999999999999996,2.8
spard,351,5.0,2.0,1.0,2.0,3.5,2.8,2.8,2.8,2.8
hunyuan,130,7.0,3.3333333333333335,1.0,3.6666666666666665,4.0,1.7999999999999998,2.0,2.8,2.0
spard,393,7.196666666666667,3.0,1.0,2.8533333333333335,4.0,2.5999999999999996,2.5999999999999996,2.5999999999999996,2.5999999999999996
spard,104,6.8999999999999995,2.5,1.0,3.0,3.5,3.8000000000000003,4.0,3.8000000000000003,3.8000000000000003
triposr,469,4.324,2.704,1.0,2.0,3.0,1.7999999999999998,2.0,3.6,2.8
hunyuan,109,6.0,2.88,1.0,2.88,3.3333333333333335,3.1999999999999997,3.4,3.8000000000000003,3.6
spard,166,6.985,2.4075,1.0,2.5,4.0,3.1999999999999997,3.2,3.1999999999999997,3.1999999999999997
hunyuan,47,6.970000000000001,2.7466666666666666,1.0,2.7466666666666666,3.6666666666666665,3.4,4.0,3.8,3.8
crm,386,3.4440000000000004,2.448,1.0,2.244,3.0,2.4,2.5999999999999996,2.0,1.7999999999999998
crm,260,4.4,2.7300000000000004,0.8,3.0,3.2,2.0,2.8,2.0,2.0
hunyuan,415,5.0,2.7466666666666666,1.0,2.7466666666666666,3.3333333333333335,2.5999999999999996,3.1999999999999997,2.4,3.1999999999999997
spard,233,4.293333333333334,2.0,1.0,2.3800000000000003,3.0,2.8,2.8,3.0,2.5999999999999996
spard,414,6.826666666666666,2.5200000000000005,1.0,2.88,3.6666666666666665,2.5999999999999996,3.1999999999999997,2.8,2.8
spard,355,6.654999999999999,2.5,1.0,2.7775,3.75,3.4,3.6,3.8,3.8
spard,286,4.5,2.25,1.0,2.25,2.75,2.8,3.6,3.4,2.8
triposr,352,5.0,2.7560000000000002,1.0,2.7560000000000002,3.8,2.8,2.5999999999999996,2.5999999999999996,2.5999999999999996
spard,111,6.6675,2.4075,1.0,2.5,4.0,2.9999999999999996,3.6,2.9999999999999996,2.9999999999999996
hunyuan,110,6.8,2.6666666666666665,1.0,2.0,3.0,2.0,2.0,2.0,1.7999999999999998
spard,304,6.93,1.75,1.0,2.5,3.75,2.0,2.2,2.0,1.2000000000000002
crm,474,3.5700000000000007,1.6,0.8,1.8,2.94,1.7999999999999998,2.5999999999999996,1.7999999999999998,1.7999999999999998
hunyuan,1,6.333333333333333,3.0,1.0,3.0,3.6666666666666665,2.4,2.5999999999999996,3.8,3.1999999999999997
spard,9,5.0,2.0,1.0,2.7775,3.5,2.8,3.3999999999999995,2.9999999999999996,2.9999999999999996
crm,149,4.4,1.8,1.0,2.0,3.2,1.4,2.2,1.4,1.4
spard,189,5.0,2.0,1.0,2.0,3.3333333333333335,2.0,2.2,3.4,2.5999999999999996
spard,144,3.4850000000000003,2.0,1.0,2.295,3.5,2.0,2.0,2.4000000000000004,2.0
spard,317,5.0,2.0,1.0,2.3850000000000002,3.5,2.8,2.8,2.8,2.5999999999999996
hunyuan,97,4.0,2.543333333333334,1.0,2.543333333333334,3.3333333333333335,2.2,2.2,2.4,2.0
crm,142,4.4,2.3540000000000005,1.0,2.568,2.996,1.8,2.4,2.0,1.7999999999999998
triposr,446,6.8580000000000005,2.3540000000000005,1.0,2.3540000000000005,3.6,2.5999999999999996,2.8,2.9999999999999996,2.8
hunyuan,500,6.333333333333333,2.8266666666666667,1.0,3.0,3.6666666666666665,3.6,4.0,4.0,3.4
hunyuan,31,7.026666666666667,2.7733333333333334,1.0,2.7733333333333334,3.3333333333333335,2.8,3.4,2.9999999999999996,3.4
triposr,475,4.4,2.0,0.8,1.8,2.7300000000000004,2.4,3.1999999999999997,2.5999999999999996,2.5999999999999996
triposr,286,4.4,2.0,0.6,2.0,2.828,2.5999999999999996,2.5999999999999996,3.1999999999999997,3.1999999999999997
spard,141,6.6,2.25,1.0,3.0,3.75,2.8,3.4,2.8,2.8
hunyuan,310,6.0,3.3333333333333335,1.0,3.0,3.3333333333333335,2.8,2.8,2.8,2.5999999999999996
hunyuan,163,6.333333333333333,2.7466666666666666,1.0,2.7466666666666666,3.3333333333333335,2.0,2.2,2.2,2.4000000000000004
triposr,2,4.0,1.75,1.0,1.75,2.5,3.0,2.6,2.8,3.2
crm,362,4.656,2.568,1.0,2.7820000000000005,3.4,2.2,2.4000000000000004,2.2,2.2
triposr,482,5.0,2.6780000000000004,1.0,3.0,3.8,3.1999999999999997,3.4,2.8,3.1999999999999997
hunyuan,451,6.666666666666667,3.3333333333333335,1.0,3.0,3.6666666666666665,2.8,3.4,3.1999999999999997,2.8
hunyuan,212,6.913333333333333,2.3800000000000003,1.0,3.0,3.6666666666666665,3.0,4.0,2.8,2.8
hunyuan,399,6.333333333333333,3.0,1.0,2.4733333333333336,3.3333333333333335,2.2,2.6,3.2,3.0
triposr,12,6.765,2.8325,1.0,2.8325,3.75,3.6,3.8000000000000003,4.0,4.0
crm,293,4.4,1.8,0.8,1.8,3.0,2.0,2.8,1.7999999999999998,1.7999999999999998
spard,59,7.13,2.5,1.0,2.8600000000000003,3.75,2.8,3.1999999999999997,2.8,2.2
spard,87,6.0,2.0,1.0,3.0,3.6666666666666665,2.9999999999999996,4.0,2.9999999999999996,2.9999999999999996
spard,485,7.4175,2.4525,1.0,2.4525,4.0,1.7999999999999998,2.0,1.7999999999999998,1.7999999999999998
triposr,90,4.464,2.472,1.0,2.472,3.0,2.9999999999999996,3.3999999999999995,3.1999999999999997,3.3999999999999995
spard,509,6.51,2.5,1.0,2.5,3.5,2.8,3.0,2.2,2.8
triposr,223,5.0,2.0,1.0,2.0,3.0,2.4,3.1999999999999997,2.5999999999999996,2.5999999999999996
crm,12,6.72,2.8,1.0,2.6,3.6,2.8,4.0,3.2,3.2
hunyuan,247,7.0,3.3333333333333335,1.0,3.3333333333333335,4.0,2.8,2.8,3.6,2.5999999999999996
spard,180,6.3,2.0,1.0,1.75,4.0,1.4,2.2,3.4,2.8
crm,342,6.696000000000001,2.912,0.8,2.2880000000000003,3.4,2.4,1.4,3.6,2.2
spard,434,6.913333333333333,2.3800000000000003,1.0,3.0,4.0,3.0,3.6,2.5999999999999996,2.5999999999999996
spard,280,6.405,2.295,1.0,2.295,3.5,2.8,3.1999999999999997,2.2,2.4000000000000004
hunyuan,146,4.0,2.496666666666667,0.3333333333333333,2.496666666666667,2.496666666666667,2.0,2.0,2.2,2.0
triposr,434,4.416,2.448,1.0,2.652,3.4,2.8,3.6,3.0,2.8
hunyuan,115,6.333333333333333,3.0,1.0,3.0,3.6666666666666665,2.8,3.0,3.6,2.9999999999999996
crm,379,4.4159999999999995,2.7560000000000002,1.0,2.7560000000000002,3.6,2.0,2.8,2.2,2.0
triposr,39,4.4159999999999995,2.7560000000000002,0.8,2.544,2.968,2.2,2.0,2.8,2.8
spard,31,6.6675,2.5,0.75,2.4075,3.5,2.5999999999999996,3.6,3.4,2.5999999999999996
crm,27,4.5120000000000005,2.0,1.0,2.496,3.4,2.4,3.6,2.5999999999999996,3.1999999999999997
triposr,105,7.36,3.25,1.0,2.97,3.5,3.6,3.8000000000000003,3.8000000000000003,3.6
spard,193,5.0,2.0,1.0,2.0,4.0,1.7999999999999998,2.5999999999999996,1.7999999999999998,1.7999999999999998
triposr,3,5.408,2.496,1.0,2.0,3.0,2.0,2.2,2.5999999999999996,2.5999999999999996
triposr,234,4.37,2.3100000000000005,1.0,2.3100000000000005,3.4,2.0,2.0,2.5999999999999996,2.5999999999999996
spard,278,5.0,2.4033333333333338,0.6666666666666666,2.7466666666666666,3.3333333333333335,2.8,3.1999999999999997,2.8,2.8
hunyuan,254,6.333333333333333,3.0,1.0,2.543333333333334,3.6666666666666665,2.5999999999999996,2.8,3.4,2.5999999999999996
spard,67,5.0,2.5,1.0,2.5,3.5,2.0,2.5999999999999996,2.0,2.0
crm,306,5.356000000000001,2.2660000000000005,1.0,2.472,3.4,2.8,2.9999999999999996,2.8,2.8
spard,245,4.5,2.0,1.0,2.5,3.25,2.2,2.4000000000000004,2.2,2.8
spard,326,4.3225,2.2725,1.0,2.2725,2.7775,2.0,2.5999999999999996,1.4,2.0
hunyuan,59,6.666666666666667,3.3333333333333335,1.0,3.0,4.0,2.8,3.6,3.1999999999999997,2.8
triposr,42,3.7380000000000004,2.0,1.0,2.0,3.052,1.4,2.2,2.5999999999999996,2.4000000000000004
hunyuan,32,7.3100000000000005,2.9066666666666667,1.0,2.9066666666666667,3.6666666666666665,2.9999999999999996,3.6,2.9999999999999996,3.6
hunyuan,22,6.666666666666667,3.3333333333333335,1.0,3.3333333333333335,4.0,2.8,2.6,3.6,2.9999999999999996
hunyuan,58,5.0,2.4033333333333338,1.0,2.4033333333333338,3.0,2.0,2.2,2.5999999999999996,2.0
spard,17,7.095000000000001,2.4525,1.0,2.9975,3.5,2.9999999999999996,3.8000000000000003,3.6,2.8
crm,377,6.804,2.3320000000000003,1.0,2.7560000000000002,3.8,2.5999999999999996,2.8,3.6,2.9999999999999996
spard,90,7.3025,2.9425000000000003,1.0,3.0,4.0,2.8,3.8000000000000003,2.5999999999999996,3.4
triposr,102,5.304,2.448,1.0,2.244,3.6,2.0,2.2,2.8,2.8
hunyuan,39,7.196666666666667,2.8533333333333335,1.0,2.8533333333333335,3.3333333333333335,2.4000000000000004,3.3999999999999995,2.4000000000000004,2.8
hunyuan,77,6.72,2.8266666666666667,1.0,3.0,3.6666666666666665,2.8,3.3999999999999995,2.8,2.8
triposr,254,7.018,3.0,1.0,2.828,3.6,2.5999999999999996,2.8,2.8,3.1999999999999997
triposr,170,6.776,2.2220000000000004,1.0,2.424,4.0,2.5999999999999996,3.1999999999999997,2.5999999999999996,2.5999999999999996
spard,191,4.37,2.295,0.75,2.295,3.25,2.2,3.0,2.6,2.2
triposr,210,4.32,2.4,1.0,2.6,3.4,2.5999999999999996,2.5999999999999996,2.0,2.0
hunyuan,494,6.913333333333333,2.7199999999999998,1.0,2.7199999999999998,3.3333333333333335,2.5999999999999996,2.5999999999999996,2.9999999999999996,2.2
hunyuan,457,7.083333333333334,2.45,1.0,2.8,3.0,2.2,2.8,3.1999999999999997,3.4
triposr,52,3.3600000000000003,2.0,0.8,2.0,3.0,2.4,2.5999999999999996,2.5999999999999996,2.5999999999999996
hunyuan,16,6.0,3.0,1.0,2.8,3.3333333333333335,2.2,2.2,3.4,1.4
hunyuan,183,6.333333333333333,2.8266666666666667,1.0,3.0,3.6666666666666665,2.5999999999999996,3.6,3.4,2.8
spard,216,6.615,2.5,0.75,2.0,3.5,2.0,2.4,2.0,2.0
spard,120,5.0,2.34,1.0,2.5,3.5,1.4,2.2,1.4,1.4
spard,39,6.0,3.0,1.0,3.0,3.75,2.8,3.8000000000000003,2.0,2.5999999999999996
spard,437,6.6675,2.4075,1.0,2.4075,4.0,2.8,3.0,3.2,3.0
spard,263,4.7025,2.0,1.0,3.0,4.0,3.8000000000000003,4.0,3.4,3.6
triposr,492,7.018,2.6260000000000003,1.0,2.6260000000000003,3.6,1.8,2.0,2.8,2.8
triposr,45,3.4020000000000006,2.0,1.0,2.2220000000000004,3.2,2.0,2.5999999999999996,2.2,2.0
spard,254,6.3,2.75,1.0,2.5,3.25,2.0,2.8,2.8,2.5999999999999996
spard,99,4.0,2.0,0.75,2.0,2.0,2.2,2.8,2.0,2.2
spard,117,4.0,2.0,0.6666666666666666,2.0,3.0,2.0,2.9999999999999996,2.9999999999999996,2.0
crm,123,4.4,2.3320000000000003,0.8,2.0,3.0,2.0,3.0,2.4000000000000004,2.4000000000000004
hunyuan,475,6.333333333333333,3.0,1.0,3.0,3.6666666666666665,2.5999999999999996,3.0,4.0,3.4
hunyuan,302,6.333333333333333,3.0,1.0,3.0,3.6666666666666665,2.5999999999999996,3.0,3.0,2.5999999999999996
