"model","prompt_id","theta_composite","theta_structural","theta_content"
"crm",1,1.32090496748505,1.74838945079816,1.3615794326323
"crm",3,0.200641104144915,0.158357478535426,0.341425520856379
"crm",4,-0.493333779507192,-0.481906010987567,-0.504356137979967
"crm",8,-0.493333779507192,-0.481906010987567,-0.504356137979967
"crm",10,-0.493333779507192,-0.481906010987567,-0.504356137979967
"crm",12,0.809676350394187,1.35666757385717,0.944653757446177
"crm",15,0.200641104144915,0.158357478535426,0.341425520856379
"crm",17,0.174326848273761,0.170951111508751,0.0626892528858508
"crm",19,-1.64698502298797,-2.71816126435811,-1.98296703064394
"crm",20,-0.993981421090427,-0.927789297882754,-1.05054033381753
"crm",22,-1.14790003375676,-1.19026977963944,-1.08578344177583
"crm",25,0.799679470897076,1.37420759958963,0.679549520999093
"crm",27,-0.493333779507192,-0.481906010987567,-0.504356137979967
"crm",29,0.200641104144915,0.158357478535426,0.341425520856379
"crm",30,-1.19976458692959,-2.29380169725618,-1.4132079972766
"crm",32,-0.0938421241155906,-0.115160594481009,-0.0358414779926052
"crm",35,-0.493333779507192,-0.481906010987567,-0.504356137979967
"crm",37,-0.0938421241155906,-0.115160594481009,-0.0358414779926052
"crm",39,1.85650181049257,2.04745480700767,2.1411557585619
"crm",41,-0.493333779507192,-0.481906010987567,-0.504356137979967
"crm",43,-0.493333779507192,-0.481906010987567,-0.504356137979967
"crm",44,0.200641104144915,0.158357478535426,0.341425520856379
"crm",46,-0.493333779507192,-0.481906010987567,-0.504356137979967
"crm",48,-0.493333779507192,-0.481906010987567,-0.504356137979967
"crm",51,-0.493333779507192,-0.481906010987567,-0.504356137979967
"crm",54,0.200641104144915,0.158357478535426,0.341425520856379
"crm",56,0.174326848273761,0.170951111508751,0.0626892528858508
"crm",61,-0.493333779507192,-0.481906010987567,-0.504356137979967
"crm",63,-0.16076295164402,-0.130262784980553,-0.334914042549656
"crm",64,-1.55249994713919,-1.51297466882473,-2.02013400687977
"crm",68,-0.493333779507192,-0.481906010987567,-0.504356137979967
"crm",71,-0.493333779507192,-0.481906010987567,-0.504356137979967
"crm",73,-0.493333779507192,-0.481906010987567,-0.504356137979967
"crm",74,-0.493333779507192,-0.481906010987567,-0.504356137979967
"crm",78,-0.0938421241155906,-0.115160594481009,-0.0358414779926052
"crm",82,-1.09017430377077,-1.00407814580565,-1.42294613800186
"crm",85,-0.493333779507192,-0.481906010987567,-0.504356137979967
"crm",87,-0.493333779507192,-0.481906010987567,-0.504356137979967
"crm",89,-0.993981421090427,-0.927789297882754,-1.05054033381753
"crm",92,-1.55249994713919,-1.51297466882473,-2.02013400687977
"crm",95,-0.493333779507192,-0.481906010987567,-0.504356137979967
"crm",97,-0.548905192638184,-1.66240705651405,-0.892518030813506
"crm",99,-1.55249994713919,-1.51297466882473,-2.02013400687977
"crm",101,-0.493333779507192,-0.481906010987567,-0.504356137979967
"crm",103,-0.0938421241155906,-0.115160594481009,-0.0358414779926052
"crm",104,-0.493333779507192,-0.481906010987567,-0.504356137979967
"crm",106,-0.493333779507192,-0.481906010987567,-0.504356137979967
"crm",108,-0.993981421090427,-0.927789297882754,-1.05054033381753
"crm",111,0.174326848273761,0.170951111508751,0.0626892528858508
"crm",113,-0.0938421241155906,-0.115160594481009,-0.0358414779926052
"crm",114,-0.493333779507192,-0.481906010987567,-0.504356137979967
"crm",116,-0.493333779507192,-0.481906010987567,-0.504356137979967
"crm",118,-0.993981421090427,-0.927789297882754,-1.05054033381753
"crm",121,-1.09017430377077,-1.00407814580565,-1.42294613800186
"crm",123,-0.493333779507192,-0.481906010987567,-0.504356137979967
"crm",124,-0.493333779507192,-0.481906010987567,-0.504356137979967
"crm",126,0.766693887578003,0.700473970324184,0.849834798875306
"crm",128,0.200641104144915,0.158357478535426,0.341425520856379
"crm",131,-0.493333779507192,-0.481906010987567,-0.504356137979967
"crm",133,-0.493333779507192,-0.481906010987567,-0.504356137979967
"crm",134,-0.993981421090427,-0.927789297882754,-1.05054033381753
"crm",136,-0.493333779507192,-0.481906010987567,-0.504356137979967
"crm",138,-0.493333779507192,-0.481906010987567,-0.504356137979967
"crm",140,-1.55249994713919,-1.51297466882473,-2.02013400687977
"crm",142,-0.493333779507192,-0.481906010987567,-0.504356137979967
"crm",145,-0.993981421090427,-0.927789297882754,-1.05054033381753
"crm",147,-2.40256321876857,-3.43192167808575,-3.0229634865252
"crm",149,-0.493333779507192,-0.481906010987567,-0.504356137979967
"crm",150,-1.19976458692959,-2.29380169725618,-1.4132079972766
"crm",152,0.174326848273761,0.170951111508751,0.0626892528858508
"crm",155,-0.493333779507192,-0.481906010987567,-0.504356137979967
"crm",157,-0.493333779507192,-0.481906010987567,-0.504356137979967
"crm",159,-1.64698502298797,-2.71816126435811,-1.98296703064394
"crm",160,-0.493333779507192,-0.481906010987567,-0.504356137979967
"crm",162,-0.493333779507192,-0.481906010987567,-0.504356137979967
"crm",165,-0.493333779507192,-0.481906010987567,-0.504356137979967
"crm",167,-2.02927852949979,-3.0315307598835,-2.68664722522716
"crm",169,0.174326848273761,0.170951111508751,0.0626892528858508
"crm",170,-0.493333779507192,-0.481906010987567,-0.504356137979967
"crm",172,0.766693887578003,0.700473970324184,0.849834798875306
"crm",175,-0.493333779507192,-0.481906010987567,-0.504356137979967
"crm",177,-0.493333779507192,-0.481906010987567,-0.504356137979967
"crm",179,-0.493333779507192,-0.481906010987567,-0.504356137979967
"crm",181,-0.493333779507192,-0.481906010987567,-0.504356137979967
"crm",183,-0.493333779507192,-0.481906010987567,-0.504356137979967
"crm",184,-0.493333779507192,-0.481906010987567,-0.504356137979967
"crm",186,-0.0938421241155906,-0.115160594481009,-0.0358414779926052
"crm",188,-0.493333779507192,-0.481906010987567,-0.504356137979967
"crm",191,-0.493333779507192,-0.481906010987567,-0.504356137979967
"crm",193,-0.493333779507192,-0.481906010987567,-0.504356137979967
"crm",194,-1.09017430377077,-1.00407814580565,-1.42294613800186
"crm",196,-0.993981421090427,-0.927789297882754,-1.05054033381753
"crm",198,0.200641104144915,0.158357478535426,0.341425520856379
"crm",201,-0.493333779507192,-0.481906010987567,-0.504356137979967
"crm",203,-0.493333779507192,-0.481906010987567,-0.504356137979967
"crm",204,-0.493333779507192,-0.481906010987567,-0.504356137979967
"crm",206,-1.55249994713919,-1.51297466882473,-2.02013400687977
"crm",208,-0.493333779507192,-0.481906010987567,-0.504356137979967
"crm",211,-0.493333779507192,-0.481906010987567,-0.504356137979967
"crm",213,0.466580996035065,1.11783398247183,0.507828722567526
"crm",214,-0.493333779507192,-0.481906010987567,-0.504356137979967
"crm",216,0.200641104144915,0.158357478535426,0.341425520856379
"crm",218,0.425418882244872,0.424934881840335,0.420758043836575
"crm",221,0.799679470897076,1.37420759958963,0.679549520999093
"crm",223,-0.493333779507192,-0.481906010987567,-0.504356137979967
"crm",224,-0.493333779507192,-0.481906010987567,-0.504356137979967
"crm",226,-0.493333779507192,-0.481906010987567,-0.504356137979967
"crm",228,-0.493333779507192,-0.481906010987567,-0.504356137979967
"crm",231,-0.993981421090427,-0.927789297882754,-1.05054033381753
"crm",233,-0.993981421090427,-0.927789297882754,-1.05054033381753
"crm",234,-0.493333779507192,-0.481906010987567,-0.504356137979967
"crm",236,-1.99653439046252,-2.17155744757145,-2.51860488017543
"crm",238,0.799679470897076,1.37420759958963,0.679549520999093
"crm",240,-1.09017430377077,-1.00407814580565,-1.42294613800186
"crm",242,0.809676350394187,1.35666757385717,0.944653757446177
"crm",245,-0.0938421241155906,-0.115160594481009,-0.0358414779926052
"crm",247,-0.0938421241155906,-0.115160594481009,-0.0358414779926052
"crm",249,0.231253970175529,0.958982383700582,0.232449706128055
"crm",250,-0.493333779507192,-0.481906010987567,-0.504356137979967
"crm",252,0.231253970175529,0.958982383700582,0.232449706128055
"crm",255,-0.493333779507192,-0.481906010987567,-0.504356137979967
"crm",257,-0.493333779507192,-0.481906010987567,-0.504356137979967
"crm",259,-0.16076295164402,-0.130262784980553,-0.334914042549656
"crm",260,0.174326848273761,0.170951111508751,0.0626892528858508
"crm",262,-0.493333779507192,-0.481906010987567,-0.504356137979967
"crm",265,-0.493333779507192,-0.481906010987567,-0.504356137979967
"crm",267,-0.493333779507192,-0.481906010987567,-0.504356137979967
"crm",269,-0.993981421090427,-0.927789297882754,-1.05054033381753
"crm",270,0.200641104144915,0.158357478535426,0.341425520856379
"crm",272,-0.493333779507192,-0.481906010987567,-0.504356137979967
"crm",275,-2.03344664080849,-1.9179427040506,-2.80255925626918
"crm",277,-0.493333779507192,-0.481906010987567,-0.504356137979967
"crm",279,-0.0938421241155906,-0.115160594481009,-0.0358414779926052
"crm",281,-1.55249994713919,-1.51297466882473,-2.02013400687977
"crm",283,-0.0938421241155906,-0.115160594481009,-0.0358414779926052
"crm",284,0.174326848273761,0.170951111508751,0.0626892528858508
"crm",286,-0.493333779507192,-0.481906010987567,-0.504356137979967
"crm",288,-0.493333779507192,-0.481906010987567,-0.504356137979967
"crm",291,-0.993981421090427,-0.927789297882754,-1.05054033381753
"crm",293,-0.493333779507192,-0.481906010987567,-0.504356137979967
"crm",294,-2.40256321876857,-3.43192167808575,-3.0229634865252
"crm",296,-0.993981421090427,-0.927789297882754,-1.05054033381753
"crm",298,-0.493333779507192,-0.481906010987567,-0.504356137979967
"crm",301,-0.493333779507192,-0.481906010987567,-0.504356137979967
"crm",303,-0.493333779507192,-0.481906010987567,-0.504356137979967
"crm",304,0.174326848273761,0.170951111508751,0.0626892528858508
"crm",306,-0.0938421241155906,-0.115160594481009,-0.0358414779926052
"crm",308,-0.493333779507192,-0.481906010987567,-0.504356137979967
"crm",311,0.231253970175529,0.958982383700582,0.232449706128055
"crm",313,-0.493333779507192,-0.481906010987567,-0.504356137979967
"crm",314,-0.493333779507192,-0.481906010987567,-0.504356137979967
"crm",316,-1.09017430377077,-1.00407814580565,-1.42294613800186
"crm",318,0.809676350394187,1.35666757385717,0.944653757446177
"crm",321,-0.993981421090427,-0.927789297882754,-1.05054033381753
"crm",323,-0.0938421241155906,-0.115160594481009,-0.0358414779926052
"crm",324,-1.64698502298797,-2.71816126435811,-1.98296703064394
"crm",326,-0.993981421090427,-0.927789297882754,-1.05054033381753
"crm",328,-0.0938421241155906,-0.115160594481009,-0.0358414779926052
"crm",331,-0.493333779507192,-0.481906010987567,-0.504356137979967
"crm",333,-0.493333779507192,-0.481906010987567,-0.504356137979967
"crm",334,-0.0938421241155906,-0.115160594481009,-0.0358414779926052
"crm",338,-1.09017430377077,-1.00407814580565,-1.42294613800186
"crm",340,-0.493333779507192,-0.481906010987567,-0.504356137979967
"crm",342,0.809676350394187,1.35666757385717,0.944653757446177
"crm",345,-0.493333779507192,-0.481906010987567,-0.504356137979967
"crm",347,-0.493333779507192,-0.481906010987567,-0.504356137979967
"crm",349,-0.0938421241155906,-0.115160594481009,-0.0358414779926052
"crm",350,-0.493333779507192,-0.481906010987567,-0.504356137979967
"crm",352,1.32090496748505,1.74838945079816,1.3615794326323
"crm",355,-0.0938421241155906,-0.115160594481009,-0.0358414779926052
"crm",357,-0.493333779507192,-0.481906010987567,-0.504356137979967
"crm",359,-0.493333779507192,-0.481906010987567,-0.504356137979967
"crm",360,0.200641104144915,0.158357478535426,0.341425520856379
"crm",362,0.174326848273761,0.170951111508751,0.0626892528858508
"crm",365,-0.993981421090427,-0.927789297882754,-1.05054033381753
"crm",367,-0.493333779507192,-0.481906010987567,-0.504356137979967
"crm",369,-0.493333779507192,-0.481906010987567,-0.504356137979967
"crm",370,-0.493333779507192,-0.481906010987567,-0.504356137979967
"crm",372,-0.493333779507192,-0.481906010987567,-0.504356137979967
"crm",375,-0.493333779507192,-0.481906010987567,-0.504356137979967
"crm",377,0.200641104144915,0.158357478535426,0.341425520856379
"crm",379,-0.493333779507192,-0.481906010987567,-0.504356137979967
"crm",381,-1.99653439046252,-2.17155744757145,-2.51860488017543
"crm",383,-0.493333779507192,-0.481906010987567,-0.504356137979967
"crm",384,-0.493333779507192,-0.481906010987567,-0.504356137979967
"crm",386,-0.993981421090427,-0.927789297882754,-1.05054033381753
"crm",388,-0.493333779507192,-0.481906010987567,-0.504356137979967
"crm",391,-0.493333779507192,-0.481906010987567,-0.504356137979967
"crm",393,1.85650181049257,2.04745480700767,2.1411557585619
"crm",394,-0.493333779507192,-0.481906010987567,-0.504356137979967
"crm",396,-0.493333779507192,-0.481906010987567,-0.504356137979967
"crm",398,-0.993981421090427,-0.927789297882754,-1.05054033381753
"crm",400,0.200641104144915,0.158357478535426,0.341425520856379
"crm",402,-0.493333779507192,-0.481906010987567,-0.504356137979967
"crm",405,0.200641104144915,0.158357478535426,0.341425520856379
"crm",407,-1.19976458692959,-2.29380169725618,-1.4132079972766
"crm",409,-0.993981421090427,-0.927789297882754,-1.05054033381753
"crm",410,-0.493333779507192,-0.481906010987567,-0.504356137979967
"crm",412,0.200641104144915,0.158357478535426,0.341425520856379
"crm",415,-0.493333779507192,-0.481906010987567,-0.504356137979967
"crm",417,-0.548905192638184,-1.66240705651405,-0.892518030813506
"crm",419,-0.493333779507192,-0.481906010987567,-0.504356137979967
"crm",420,-0.493333779507192,-0.481906010987567,-0.504356137979967
"crm",422,-0.493333779507192,-0.481906010987567,-0.504356137979967
"crm",425,-1.64698502298797,-2.71816126435811,-1.98296703064394
"crm",427,1.32090496748505,1.74838945079816,1.3615794326323
"crm",429,-0.493333779507192,-0.481906010987567,-0.504356137979967
"crm",430,-1.55249994713919,-1.51297466882473,-2.02013400687977
"crm",432,0.200641104144915,0.158357478535426,0.341425520856379
"crm",435,-0.993981421090427,-0.927789297882754,-1.05054033381753
"crm",437,-1.64698502298797,-2.71816126435811,-1.98296703064394
"crm",439,-0.493333779507192,-0.481906010987567,-0.504356137979967
"crm",441,-0.493333779507192,-0.481906010987567,-0.504356137979967
"crm",443,-0.493333779507192,-0.481906010987567,-0.504356137979967
"crm",444,-2.40256321876857,-3.43192167808575,-3.0229634865252
"crm",446,0.200641104144915,0.158357478535426,0.341425520856379
"crm",448,0.766693887578003,0.700473970324184,0.849834798875306
"crm",451,-1.09017430377077,-1.00407814580565,-1.42294613800186
"crm",453,1.32090496748505,1.74838945079816,1.3615794326323
"crm",454,-0.493333779507192,-0.481906010987567,-0.504356137979967
"crm",456,-0.493333779507192,-0.481906010987567,-0.504356137979967
"crm",458,0.200641104144915,0.158357478535426,0.341425520856379
"crm",461,0.200641104144915,0.158357478535426,0.341425520856379
"crm",463,-0.493333779507192,-0.481906010987567,-0.504356137979967
"crm",464,-0.493333779507192,-0.481906010987567,-0.504356137979967
"crm",466,-0.493333779507192,-0.481906010987567,-0.504356137979967
"crm",468,0.921392231665069,1.48446341833091,0.883195730789393
"crm",471,-0.493333779507192,-0.481906010987567,-0.504356137979967
"crm",473,-0.493333779507192,-0.481906010987567,-0.504356137979967
"crm",474,-1.64698502298797,-2.71816126435811,-1.98296703064394
"crm",476,-0.993981421090427,-0.927789297882754,-1.05054033381753
"crm",478,0.174326848273761,0.170951111508751,0.0626892528858508
"crm",480,0.200641104144915,0.158357478535426,0.341425520856379
"crm",482,1.32090496748505,1.74838945079816,1.3615794326323
"crm",485,0.200641104144915,0.158357478535426,0.341425520856379
"crm",487,-0.493333779507192,-0.481906010987567,-0.504356137979967
"crm",489,1.32090496748505,1.74838945079816,1.3615794326323
"crm",490,0.174326848273761,0.170951111508751,0.0626892528858508
"crm",492,-0.0938421241155906,-0.115160594481009,-0.0358414779926052
"crm",495,-0.493333779507192,-0.481906010987567,-0.504356137979967
"crm",497,-0.493333779507192,-0.481906010987567,-0.504356137979967
"crm",499,-0.493333779507192,-0.481906010987567,-0.504356137979967
"crm",500,-0.993981421090427,-0.927789297882754,-1.05054033381753
"crm",502,-0.493333779507192,-0.481906010987567,-0.504356137979967
"crm",505,-0.493333779507192,-0.481906010987567,-0.504356137979967
"crm",507,-1.19976458692959,-2.29380169725618,-1.4132079972766
"crm",509,0.921392231665069,1.48446341833091,0.883195730789393
"hunyuan",0,0.809676350394187,1.35666757385717,0.944653757446177
"hunyuan",1,1.32090496748505,1.74838945079816,1.3615794326323
"hunyuan",2,1.32090496748505,1.74838945079816,1.3615794326323
"hunyuan",3,0.200641104144915,0.158357478535426,0.341425520856379
"hunyuan",4,1.85650181049257,2.04745480700767,2.1411557585619
"hunyuan",5,-0.493333779507192,-0.481906010987567,-0.504356137979967
"hunyuan",6,0.425418882244872,0.424934881840335,0.420758043836575
"hunyuan",7,-0.0938421241155906,-0.115160594481009,-0.0358414779926052
"hunyuan",8,0.809676350394187,1.35666757385717,0.944653757446177
"hunyuan",9,-0.0938421241155906,-0.115160594481009,-0.0358414779926052
"hunyuan",10,1.85650181049257,2.04745480700767,2.1411557585619
"hunyuan",11,0.200641104144915,0.158357478535426,0.341425520856379
"hunyuan",12,1.85650181049257,2.04745480700767,2.1411557585619
"hunyuan",13,0.425418882244872,0.424934881840335,0.420758043836575
"hunyuan",14,0.921392231665069,1.48446341833091,0.883195730789393
"hunyuan",15,0.921392231665069,1.48446341833091,0.883195730789393
"hunyuan",16,0.921392231665069,1.48446341833091,0.883195730789393
"hunyuan",17,0.766693887578003,0.700473970324184,0.849834798875306
"hunyuan",18,0.921392231665069,1.48446341833091,0.883195730789393
"hunyuan",19,0.174326848273761,0.170951111508751,0.0626892528858508
"hunyuan",20,0.200641104144915,0.158357478535426,0.341425520856379
"hunyuan",21,0.200641104144915,0.158357478535426,0.341425520856379
"hunyuan",22,1.85650181049257,2.04745480700767,2.1411557585619
"hunyuan",23,-0.0938421241155906,-0.115160594481009,-0.0358414779926052
"hunyuan",24,-0.493333779507192,-0.481906010987567,-0.504356137979967
"hunyuan",25,1.32090496748505,1.74838945079816,1.3615794326323
"hunyuan",26,0.200641104144915,0.158357478535426,0.341425520856379
"hunyuan",27,1.85650181049257,2.04745480700767,2.1411557585619
"hunyuan",28,0.200641104144915,0.158357478535426,0.341425520856379
"hunyuan",29,0.200641104144915,0.158357478535426,0.341425520856379
"hunyuan",30,0.8354793764281,0.729697665828873,1.17303751005447
"hunyuan",31,0.200641104144915,0.158357478535426,0.341425520856379
"hunyuan",32,1.32090496748505,1.74838945079816,1.3615794326323
"hunyuan",33,1.32090496748505,1.74838945079816,1.3615794326323
"hunyuan",34,-1.09017430377077,-1.00407814580565,-1.42294613800186
"hunyuan",35,0.200641104144915,0.158357478535426,0.341425520856379
"hunyuan",36,1.32090496748505,1.74838945079816,1.3615794326323
"hunyuan",37,1.85650181049257,2.04745480700767,2.1411557585619
"hunyuan",38,0.200641104144915,0.158357478535426,0.341425520856379
"hunyuan",39,1.32090496748505,1.74838945079816,1.3615794326323
"hunyuan",40,1.85650181049257,2.04745480700767,2.1411557585619
"hunyuan",41,1.32090496748505,1.74838945079816,1.3615794326323
"hunyuan",42,0.200641104144915,0.158357478535426,0.341425520856379
"hunyuan",43,-0.0938421241155906,-0.115160594481009,-0.0358414779926052
"hunyuan",44,1.32090496748505,1.74838945079816,1.3615794326323
"hunyuan",45,1.32090496748505,1.74838945079816,1.3615794326323
"hunyuan",46,0.200641104144915,0.158357478535426,0.341425520856379
"hunyuan",47,0.200641104144915,0.158357478535426,0.341425520856379
"hunyuan",48,1.85650181049257,2.04745480700767,2.1411557585619
"hunyuan",49,1.32090496748505,1.74838945079816,1.3615794326323
"hunyuan",50,1.32090496748505,1.74838945079816,1.3615794326323
"hunyuan",51,0.425418882244872,0.424934881840335,0.420758043836575
"hunyuan",52,1.32090496748505,1.74838945079816,1.3615794326323
"hunyuan",53,1.32090496748505,1.74838945079816,1.3615794326323
"hunyuan",54,0.200641104144915,0.158357478535426,0.341425520856379
"hunyuan",55,0.921392231665069,1.48446341833091,0.883195730789393
"hunyuan",56,0.200641104144915,0.158357478535426,0.341425520856379
"hunyuan",57,0.174326848273761,0.170951111508751,0.0626892528858508
"hunyuan",58,-0.493333779507192,-0.481906010987567,-0.504356137979967
"hunyuan",59,1.85650181049257,2.04745480700767,2.1411557585619
"hunyuan",60,-0.493333779507192,-0.481906010987567,-0.504356137979967
"hunyuan",61,0.200641104144915,0.158357478535426,0.341425520856379
"hunyuan",62,1.32090496748505,1.74838945079816,1.3615794326323
"hunyuan",63,1.85650181049257,2.04745480700767,2.1411557585619
"hunyuan",64,-0.493333779507192,-0.481906010987567,-0.504356137979967
"hunyuan",65,0.200641104144915,0.158357478535426,0.341425520856379
"hunyuan",66,1.85650181049257,2.04745480700767,2.1411557585619
"hunyuan",67,1.85650181049257,2.04745480700767,2.1411557585619
"hunyuan",68,1.32090496748505,1.74838945079816,1.3615794326323
"hunyuan",69,1.85650181049257,2.04745480700767,2.1411557585619
"hunyuan",70,1.32090496748505,1.74838945079816,1.3615794326323
"hunyuan",71,1.32090496748505,1.74838945079816,1.3615794326323
"hunyuan",72,1.32090496748505,1.74838945079816,1.3615794326323
"hunyuan",73,-1.55249994713919,-1.51297466882473,-2.02013400687977
"hunyuan",74,-0.654974132273782,-0.557300762721659,-0.881270093365994
"hunyuan",75,1.32090496748505,1.74838945079816,1.3615794326323
"hunyuan",76,1.85650181049257,2.04745480700767,2.1411557585619
"hunyuan",77,1.32090496748505,1.74838945079816,1.3615794326323
"hunyuan",78,0.200641104144915,0.158357478535426,0.341425520856379
"hunyuan",79,1.85650181049257,2.04745480700767,2.1411557585619
"hunyuan",80,1.32090496748505,1.74838945079816,1.3615794326323
"hunyuan",81,-1.09017430377077,-1.00407814580565,-1.42294613800186
"hunyuan",82,1.32090496748505,1.74838945079816,1.3615794326323
"hunyuan",83,1.32090496748505,1.74838945079816,1.3615794326323
"hunyuan",84,0.921392231665069,1.48446341833091,0.883195730789393
"hunyuan",85,1.85650181049257,2.04745480700767,2.1411557585619
"hunyuan",86,0.352367019581342,1.06781246255672,0.146072159347507
"hunyuan",87,0.200641104144915,0.158357478535426,0.341425520856379
"hunyuan",88,0.466580996035065,1.11783398247183,0.507828722567526
"hunyuan",89,-0.0938421241155906,-0.115160594481009,-0.0358414779926052
"hunyuan",90,0.425418882244872,0.424934881840335,0.420758043836575
"hunyuan",91,0.200641104144915,0.158357478535426,0.341425520856379
"hunyuan",92,0.809676350394187,1.35666757385717,0.944653757446177
"hunyuan",93,0.766693887578003,0.700473970324184,0.849834798875306
"hunyuan",94,-0.0938421241155906,-0.115160594481009,-0.0358414779926052
"hunyuan",95,-0.493333779507192,-0.481906010987567,-0.504356137979967
"hunyuan",96,1.85650181049257,2.04745480700767,2.1411557585619
"hunyuan",97,-0.493333779507192,-0.481906010987567,-0.504356137979967
"hunyuan",98,1.32090496748505,1.74838945079816,1.3615794326323
"hunyuan",99,1.32090496748505,1.74838945079816,1.3615794326323
"hunyuan",100,2.70973814904127,3.47241303819342,2.84925412580895
"hunyuan",101,-0.493333779507192,-0.481906010987567,-0.504356137979967
"hunyuan",102,-0.993981421090427,-0.927789297882754,-1.05054033381753
"hunyuan",103,1.88487162586379,2.93671329126366,1.94639623471812
"hunyuan",104,0.766693887578003,0.700473970324184,0.849834798875306
"hunyuan",105,1.32090496748505,1.74838945079816,1.3615794326323
"hunyuan",106,1.32090496748505,1.74838945079816,1.3615794326323
"hunyuan",107,0.809676350394187,1.35666757385717,0.944653757446177
"hunyuan",108,0.352367019581342,1.06781246255672,0.146072159347507
"hunyuan",109,0.921392231665069,1.48446341833091,0.883195730789393
"hunyuan",110,0.200641104144915,0.158357478535426,0.341425520856379
"hunyuan",111,0.200641104144915,0.158357478535426,0.341425520856379
"hunyuan",112,1.32090496748505,1.74838945079816,1.3615794326323
"hunyuan",113,0.425418882244872,0.424934881840335,0.420758043836575
"hunyuan",114,0.200641104144915,0.158357478535426,0.341425520856379
"hunyuan",115,1.32090496748505,1.74838945079816,1.3615794326323
"hunyuan",116,1.32090496748505,1.74838945079816,1.3615794326323
"hunyuan",117,0.200641104144915,0.158357478535426,0.341425520856379
"hunyuan",118,0.466580996035065,1.11783398247183,0.507828722567526
"hunyuan",119,1.32090496748505,1.74838945079816,1.3615794326323
"hunyuan",120,0.200641104144915,0.158357478535426,0.341425520856379
"hunyuan",121,-0.993981421090427,-0.927789297882754,-1.05054033381753
"hunyuan",122,-0.447732425265844,-0.35925283406952,-0.626314031440193
"hunyuan",123,1.32090496748505,1.74838945079816,1.3615794326323
"hunyuan",124,0.200641104144915,0.158357478535426,0.341425520856379
"hunyuan",125,0.766693887578003,0.700473970324184,0.849834798875306
"hunyuan",126,0.766693887578003,0.700473970324184,0.849834798875306
"hunyuan",127,-0.0938421241155906,-0.115160594481009,-0.0358414779926052
"hunyuan",128,1.85650181049257,2.04745480700767,2.1411557585619
"hunyuan",129,1.32090496748505,1.74838945079816,1.3615794326323
"hunyuan",130,1.85650181049257,2.04745480700767,2.1411557585619
"hunyuan",131,0.200641104144915,0.158357478535426,0.341425520856379
"hunyuan",132,0.200641104144915,0.158357478535426,0.341425520856379
"hunyuan",133,-0.493333779507192,-0.481906010987567,-0.504356137979967
"hunyuan",134,1.32090496748505,1.74838945079816,1.3615794326323
"hunyuan",135,-1.09017430377077,-1.00407814580565,-1.42294613800186
"hunyuan",136,0.400307135007998,1.07299819838191,0.644328946072782
"hunyuan",137,0.200641104144915,0.158357478535426,0.341425520856379
"hunyuan",138,1.32090496748505,1.74838945079816,1.3615794326323
"hunyuan",139,1.32090496748505,1.74838945079816,1.3615794326323
"hunyuan",140,-0.493333779507192,-0.481906010987567,-0.504356137979967
"hunyuan",141,0.766693887578003,0.700473970324184,0.849834798875306
"hunyuan",142,-1.09017430377077,-1.00407814580565,-1.42294613800186
"hunyuan",143,-0.493333779507192,-0.481906010987567,-0.504356137979967
"hunyuan",144,0.200641104144915,0.158357478535426,0.341425520856379
"hunyuan",145,-0.493333779507192,-0.481906010987567,-0.504356137979967
"hunyuan",146,-1.67039577564305,-1.44755786456553,-2.26907698040604
"hunyuan",147,-0.993981421090427,-0.927789297882754,-1.05054033381753
"hunyuan",148,1.32090496748505,1.74838945079816,1.3615794326323
"hunyuan",149,0.766693887578003,0.700473970324184,0.849834798875306
"hunyuan",150,-0.0938421241155906,-0.115160594481009,-0.0358414779926052
"hunyuan",151,0.200641104144915,0.158357478535426,0.341425520856379
"hunyuan",152,1.32090496748505,1.74838945079816,1.3615794326323
"hunyuan",153,0.766693887578003,0.700473970324184,0.849834798875306
"hunyuan",154,-0.0938421241155906,-0.115160594481009,-0.0358414779926052
"hunyuan",155,0.200641104144915,0.158357478535426,0.341425520856379
"hunyuan",156,0.200641104144915,0.158357478535426,0.341425520856379
"hunyuan",157,0.200641104144915,0.158357478535426,0.341425520856379
"hunyuan",158,0.200641104144915,0.158357478535426,0.341425520856379
"hunyuan",159,0.809676350394187,1.35666757385717,0.944653757446177
"hunyuan",160,1.32090496748505,1.74838945079816,1.3615794326323
"hunyuan",161,0.809676350394187,1.35666757385717,0.944653757446177
"hunyuan",162,-1.66456546243362,-2.67748374997897,-2.19284396556429
"hunyuan",163,0.200641104144915,0.158357478535426,0.341425520856379
"hunyuan",164,0.200641104144915,0.158357478535426,0.341425520856379
"hunyuan",165,1.32090496748505,1.74838945079816,1.3615794326323
"hunyuan",166,0.766693887578003,0.700473970324184,0.849834798875306
"hunyuan",167,0.200641104144915,0.158357478535426,0.341425520856379
"hunyuan",168,0.809676350394187,1.35666757385717,0.944653757446177
"hunyuan",169,1.32090496748505,1.74838945079816,1.3615794326323
"hunyuan",170,-0.0938421241155906,-0.115160594481009,-0.0358414779926052
"hunyuan",171,-0.548905192638184,-1.66240705651405,-0.892518030813506
"hunyuan",172,1.85650181049257,2.04745480700767,2.1411557585619
"hunyuan",173,0.921392231665069,1.48446341833091,0.883195730789393
"hunyuan",174,1.85650181049257,2.04745480700767,2.1411557585619
"hunyuan",175,0.766693887578003,0.700473970324184,0.849834798875306
"hunyuan",176,-2.03344664080849,-1.9179427040506,-2.80255925626918
"hunyuan",177,-0.493333779507192,-0.481906010987567,-0.504356137979967
"hunyuan",178,0.200641104144915,0.158357478535426,0.341425520856379
"hunyuan",179,-0.0938421241155906,-0.115160594481009,-0.0358414779926052
"hunyuan",180,-0.0938421241155906,-0.115160594481009,-0.0358414779926052
"hunyuan",181,0.766693887578003,0.700473970324184,0.849834798875306
"hunyuan",182,0.200641104144915,0.158357478535426,0.341425520856379
"hunyuan",183,1.32090496748505,1.74838945079816,1.3615794326323
"hunyuan",184,0.921392231665069,1.48446341833091,0.883195730789393
"hunyuan",185,-1.09017430377077,-1.00407814580565,-1.42294613800186
"hunyuan",186,1.32090496748505,1.74838945079816,1.3615794326323
"hunyuan",187,1.85650181049257,2.04745480700767,2.1411557585619
"hunyuan",188,-0.0938421241155906,-0.115160594481009,-0.0358414779926052
"hunyuan",189,0.174326848273761,0.170951111508751,0.0626892528858508
"hunyuan",190,-1.90342654967207,-2.91521490337488,-2.25118410167787
"hunyuan",191,0.200641104144915,0.158357478535426,0.341425520856379
"hunyuan",192,0.809676350394187,1.35666757385717,0.944653757446177
"hunyuan",193,0.200641104144915,0.158357478535426,0.341425520856379
"hunyuan",194,-0.0938421241155906,-0.115160594481009,-0.0358414779926052
"hunyuan",195,0.200641104144915,0.158357478535426,0.341425520856379
"hunyuan",196,1.85650181049257,2.04745480700767,2.1411557585619
"hunyuan",197,1.85650181049257,2.04745480700767,2.1411557585619
"hunyuan",198,1.85650181049257,2.04745480700767,2.1411557585619
"hunyuan",199,0.921392231665069,1.48446341833091,0.883195730789393
"hunyuan",200,-0.0938421241155906,-0.115160594481009,-0.0358414779926052
"hunyuan",201,0.200641104144915,0.158357478535426,0.341425520856379
"hunyuan",202,0.174326848273761,0.170951111508751,0.0626892528858508
"hunyuan",203,0.809676350394187,1.35666757385717,0.944653757446177
"hunyuan",204,1.85650181049257,2.04745480700767,2.1411557585619
"hunyuan",205,0.200641104144915,0.158357478535426,0.341425520856379
"hunyuan",206,0.200641104144915,0.158357478535426,0.341425520856379
"hunyuan",207,0.200641104144915,0.158357478535426,0.341425520856379
"hunyuan",208,0.200641104144915,0.158357478535426,0.341425520856379
"hunyuan",209,0.466580996035065,1.11783398247183,0.507828722567526
"hunyuan",210,1.32090496748505,1.74838945079816,1.3615794326323
"hunyuan",211,0.200641104144915,0.158357478535426,0.341425520856379
"hunyuan",212,0.766693887578003,0.700473970324184,0.849834798875306
"hunyuan",213,0.466580996035065,1.11783398247183,0.507828722567526
"hunyuan",214,0.425418882244872,0.424934881840335,0.420758043836575
"hunyuan",215,0.766693887578003,0.700473970324184,0.849834798875306
"hunyuan",216,1.85650181049257,2.04745480700767,2.1411557585619
"hunyuan",217,0.766693887578003,0.700473970324184,0.849834798875306
"hunyuan",218,0.200641104144915,0.158357478535426,0.341425520856379
"hunyuan",219,0.799679470897076,1.37420759958963,0.679549520999093
"hunyuan",220,0.766693887578003,0.700473970324184,0.849834798875306
"hunyuan",221,-1.09017430377077,-1.00407814580565,-1.42294613800186
"hunyuan",222,1.32090496748505,1.74838945079816,1.3615794326323
"hunyuan",223,0.921392231665069,1.48446341833091,0.883195730789393
"hunyuan",224,0.200641104144915,0.158357478535426,0.341425520856379
"hunyuan",225,1.32090496748505,1.74838945079816,1.3615794326323
"hunyuan",226,-0.0938421241155906,-0.115160594481009,-0.0358414779926052
"hunyuan",227,0.809676350394187,1.35666757385717,0.944653757446177
"hunyuan",228,1.85650181049257,2.04745480700767,2.1411557585619
"hunyuan",229,0.921392231665069,1.48446341833091,0.883195730789393
"hunyuan",230,0.809676350394187,1.35666757385717,0.944653757446177
"hunyuan",231,1.32090496748505,1.74838945079816,1.3615794326323
"hunyuan",232,-0.993981421090427,-0.927789297882754,-1.05054033381753
"hunyuan",233,-0.493333779507192,-0.481906010987567,-0.504356137979967
"hunyuan",234,0.200641104144915,0.158357478535426,0.341425520856379
"hunyuan",235,1.32090496748505,1.74838945079816,1.3615794326323
"hunyuan",236,-0.0938421241155906,-0.115160594481009,-0.0358414779926052
"hunyuan",237,1.85650181049257,2.04745480700767,2.1411557585619
"hunyuan",238,1.32090496748505,1.74838945079816,1.3615794326323
"hunyuan",239,1.32090496748505,1.74838945079816,1.3615794326323
"hunyuan",240,1.32090496748505,1.74838945079816,1.3615794326323
"hunyuan",241,-1.55249994713919,-1.51297466882473,-2.02013400687977
"hunyuan",242,0.466580996035065,1.11783398247183,0.507828722567526
"hunyuan",243,-0.0938421241155906,-0.115160594481009,-0.0358414779926052
"hunyuan",244,0.809676350394187,1.35666757385717,0.944653757446177
"hunyuan",245,0.200641104144915,0.158357478535426,0.341425520856379
"hunyuan",246,-0.493333779507192,-0.481906010987567,-0.504356137979967
"hunyuan",247,1.85650181049257,2.04745480700767,2.1411557585619
"hunyuan",248,1.32090496748505,1.74838945079816,1.3615794326323
"hunyuan",249,1.32090496748505,1.74838945079816,1.3615794326323
"hunyuan",250,1.32090496748505,1.74838945079816,1.3615794326323
"hunyuan",251,1.32090496748505,1.74838945079816,1.3615794326323
"hunyuan",252,1.32090496748505,1.74838945079816,1.3615794326323
"hunyuan",253,1.32090496748505,1.74838945079816,1.3615794326323
"hunyuan",254,0.809676350394187,1.35666757385717,0.944653757446177
"hunyuan",255,0.809676350394187,1.35666757385717,0.944653757446177
"hunyuan",256,1.32090496748505,1.74838945079816,1.3615794326323
"hunyuan",257,0.921392231665069,1.48446341833091,0.883195730789393
"hunyuan",258,1.32090496748505,1.74838945079816,1.3615794326323
"hunyuan",259,0.466580996035065,1.11783398247183,0.507828722567526
"hunyuan",260,0.466580996035065,1.11783398247183,0.507828722567526
"hunyuan",261,0.200641104144915,0.158357478535426,0.341425520856379
"hunyuan",262,0.799679470897076,1.37420759958963,0.679549520999093
"hunyuan",263,1.85650181049257,2.04745480700767,2.1411557585619
"hunyuan",264,0.921392231665069,1.48446341833091,0.883195730789393
"hunyuan",265,1.32090496748505,1.74838945079816,1.3615794326323
"hunyuan",266,1.34502168275787,1.7352764098471,1.61722727477479
"hunyuan",267,1.85650181049257,2.04745480700767,2.1411557585619
"hunyuan",268,0.200641104144915,0.158357478535426,0.341425520856379
"hunyuan",269,1.32090496748505,1.74838945079816,1.3615794326323
"hunyuan",270,0.200641104144915,0.158357478535426,0.341425520856379
"hunyuan",271,0.200641104144915,0.158357478535426,0.341425520856379
"hunyuan",272,0.200641104144915,0.158357478535426,0.341425520856379
"hunyuan",273,0.466580996035065,1.11783398247183,0.507828722567526
"hunyuan",274,1.85650181049257,2.04745480700767,2.1411557585619
"hunyuan",275,-0.493333779507192,-0.481906010987567,-0.504356137979967
"hunyuan",276,1.32090496748505,1.74838945079816,1.3615794326323
"hunyuan",277,0.766693887578003,0.700473970324184,0.849834798875306
"hunyuan",278,-1.6985862797608,-1.61527710656133,-2.19896094731018
"hunyuan",279,0.200641104144915,0.158357478535426,0.341425520856379
"hunyuan",280,0.200641104144915,0.158357478535426,0.341425520856379
"hunyuan",281,0.466580996035065,1.11783398247183,0.507828722567526
"hunyuan",282,-0.493333779507192,-0.481906010987567,-0.504356137979967
"hunyuan",283,0.809676350394187,1.35666757385717,0.944653757446177
"hunyuan",284,0.809676350394187,1.35666757385717,0.944653757446177
"hunyuan",285,1.32090496748505,1.74838945079816,1.3615794326323
"hunyuan",286,0.200641104144915,0.158357478535426,0.341425520856379
"hunyuan",287,0.766693887578003,0.700473970324184,0.849834798875306
"hunyuan",288,1.85650181049257,2.04745480700767,2.1411557585619
"hunyuan",289,1.85650181049257,2.04745480700767,2.1411557585619
"hunyuan",290,0.809676350394187,1.35666757385717,0.944653757446177
"hunyuan",291,1.32090496748505,1.74838945079816,1.3615794326323
"hunyuan",292,0.766693887578003,0.700473970324184,0.849834798875306
"hunyuan",293,0.200641104144915,0.158357478535426,0.341425520856379
"hunyuan",294,0.809676350394187,1.35666757385717,0.944653757446177
"hunyuan",295,1.32090496748505,1.74838945079816,1.3615794326323
"hunyuan",296,1.85650181049257,2.04745480700767,2.1411557585619
"hunyuan",297,-1.09017430377077,-1.00407814580565,-1.42294613800186
"hunyuan",298,1.32090496748505,1.74838945079816,1.3615794326323
"hunyuan",299,1.22300670400649,1.01953212218267,1.65366794358871
"hunyuan",300,1.32090496748505,1.74838945079816,1.3615794326323
"hunyuan",301,1.32090496748505,1.74838945079816,1.3615794326323
"hunyuan",302,1.32090496748505,1.74838945079816,1.3615794326323
"hunyuan",303,-0.993981421090427,-0.927789297882754,-1.05054033381753
"hunyuan",304,1.32090496748505,1.74838945079816,1.3615794326323
"hunyuan",305,1.32090496748505,1.74838945079816,1.3615794326323
"hunyuan",306,1.32090496748505,1.74838945079816,1.3615794326323
"hunyuan",307,0.466580996035065,1.11783398247183,0.507828722567526
"hunyuan",308,0.766693887578003,0.700473970324184,0.849834798875306
"hunyuan",309,1.32090496748505,1.74838945079816,1.3615794326323
"hunyuan",310,0.921392231665069,1.48446341833091,0.883195730789393
"hunyuan",311,0.921392231665069,1.48446341833091,0.883195730789393
"hunyuan",312,0.809676350394187,1.35666757385717,0.944653757446177
"hunyuan",313,0.921392231665069,1.48446341833091,0.883195730789393
"hunyuan",314,1.85650181049257,2.04745480700767,2.1411557585619
"hunyuan",315,0.200641104144915,0.158357478535426,0.341425520856379
"hunyuan",316,0.200641104144915,0.158357478535426,0.341425520856379
"hunyuan",317,0.174326848273761,0.170951111508751,0.0626892528858508
"hunyuan",318,0.766693887578003,0.700473970324184,0.849834798875306
"hunyuan",319,1.32090496748505,1.74838945079816,1.3615794326323
"hunyuan",320,0.766693887578003,0.700473970324184,0.849834798875306
"hunyuan",321,1.32090496748505,1.74838945079816,1.3615794326323
"hunyuan",322,1.85650181049257,2.04745480700767,2.1411557585619
"hunyuan",323,1.32090496748505,1.74838945079816,1.3615794326323
"hunyuan",324,0.921392231665069,1.48446341833091,0.883195730789393
"hunyuan",325,1.32090496748505,1.74838945079816,1.3615794326323
"hunyuan",326,1.32090496748505,1.74838945079816,1.3615794326323
"hunyuan",327,1.22300670400649,1.01953212218267,1.65366794358871
"hunyuan",328,1.32090496748505,1.74838945079816,1.3615794326323
"hunyuan",329,0.200641104144915,0.158357478535426,0.341425520856379
"hunyuan",330,0.766693887578003,0.700473970324184,0.849834798875306
"hunyuan",331,0.766693887578003,0.700473970324184,0.849834798875306
"hunyuan",332,1.32090496748505,1.74838945079816,1.3615794326323
"hunyuan",333,1.85650181049257,2.04745480700767,2.1411557585619
"hunyuan",334,1.32090496748505,1.74838945079816,1.3615794326323
"hunyuan",335,0.8354793764281,0.729697665828873,1.17303751005447
"hunyuan",336,0.200641104144915,0.158357478535426,0.341425520856379
"hunyuan",337,1.32090496748505,1.74838945079816,1.3615794326323
"hunyuan",338,0.809676350394187,1.35666757385717,0.944653757446177
"hunyuan",339,0.809676350394187,1.35666757385717,0.944653757446177
"hunyuan",340,-0.993981421090427,-0.927789297882754,-1.05054033381753
"hunyuan",341,1.85650181049257,2.04745480700767,2.1411557585619
"hunyuan",342,1.79743053409869,2.72532477973269,2.25617739485046
"hunyuan",343,0.766693887578003,0.700473970324184,0.849834798875306
"hunyuan",344,0.200641104144915,0.158357478535426,0.341425520856379
"hunyuan",345,1.32090496748505,1.74838945079816,1.3615794326323
"hunyuan",346,1.32090496748505,1.74838945079816,1.3615794326323
"hunyuan",347,1.32090496748505,1.74838945079816,1.3615794326323
"hunyuan",348,1.32090496748505,1.74838945079816,1.3615794326323
"hunyuan",349,1.85650181049257,2.04745480700767,2.1411557585619
"hunyuan",350,0.809676350394187,1.35666757385717,0.944653757446177
"hunyuan",351,-0.0938421241155906,-0.115160594481009,-0.0358414779926052
"hunyuan",352,1.32090496748505,1.74838945079816,1.3615794326323
"hunyuan",353,1.85650181049257,2.04745480700767,2.1411557585619
"hunyuan",354,1.85650181049257,2.04745480700767,2.1411557585619
"hunyuan",355,1.85650181049257,2.04745480700767,2.1411557585619
"hunyuan",356,1.32090496748505,1.74838945079816,1.3615794326323
"hunyuan",357,-0.0938421241155906,-0.115160594481009,-0.0358414779926052
"hunyuan",358,0.766693887578003,0.700473970324184,0.849834798875306
"hunyuan",359,0.766693887578003,0.700473970324184,0.849834798875306
"hunyuan",360,0.921392231665069,1.48446341833091,0.883195730789393
"hunyuan",361,-0.493333779507192,-0.481906010987567,-0.504356137979967
"hunyuan",362,1.32090496748505,1.74838945079816,1.3615794326323
"hunyuan",363,-0.0938421241155906,-0.115160594481009,-0.0358414779926052
"hunyuan",364,0.921392231665069,1.48446341833091,0.883195730789393
"hunyuan",365,0.200641104144915,0.158357478535426,0.341425520856379
"hunyuan",366,1.22300670400649,1.01953212218267,1.65366794358871
"hunyuan",367,1.32090496748505,1.74838945079816,1.3615794326323
"hunyuan",368,-0.493333779507192,-0.481906010987567,-0.504356137979967
"hunyuan",369,-1.55249994713919,-1.51297466882473,-2.02013400687977
"hunyuan",370,1.32090496748505,1.74838945079816,1.3615794326323
"hunyuan",371,-0.0938421241155906,-0.115160594481009,-0.0358414779926052
"hunyuan",372,1.32090496748505,1.74838945079816,1.3615794326323
"hunyuan",373,1.32090496748505,1.74838945079816,1.3615794326323
"hunyuan",374,1.32090496748505,1.74838945079816,1.3615794326323
"hunyuan",375,0.921392231665069,1.48446341833091,0.883195730789393
"hunyuan",376,0.766693887578003,0.700473970324184,0.849834798875306
"hunyuan",377,0.921392231665069,1.48446341833091,0.883195730789393
"hunyuan",378,1.85650181049257,2.04745480700767,2.1411557585619
"hunyuan",379,0.200641104144915,0.158357478535426,0.341425520856379
"hunyuan",380,0.200641104144915,0.158357478535426,0.341425520856379
"hunyuan",381,1.32090496748505,1.74838945079816,1.3615794326323
"hunyuan",382,1.32090496748505,1.74838945079816,1.3615794326323
"hunyuan",383,1.32090496748505,1.74838945079816,1.3615794326323
"hunyuan",384,1.32090496748505,1.74838945079816,1.3615794326323
"hunyuan",385,0.200641104144915,0.158357478535426,0.341425520856379
"hunyuan",386,0.466580996035065,1.11783398247183,0.507828722567526
"hunyuan",387,0.921392231665069,1.48446341833091,0.883195730789393
"hunyuan",388,0.921392231665069,1.48446341833091,0.883195730789393
"hunyuan",389,1.88487162586379,2.93671329126366,1.94639623471812
"hunyuan",390,-0.993981421090427,-0.927789297882754,-1.05054033381753
"hunyuan",391,1.85650181049257,2.04745480700767,2.1411557585619
"hunyuan",392,1.32090496748505,1.74838945079816,1.3615794326323
"hunyuan",393,1.85650181049257,2.04745480700767,2.1411557585619
"hunyuan",394,1.85650181049257,2.04745480700767,2.1411557585619
"hunyuan",395,0.425418882244872,0.424934881840335,0.420758043836575
"hunyuan",396,0.766693887578003,0.700473970324184,0.849834798875306
"hunyuan",397,1.85650181049257,2.04745480700767,2.1411557585619
"hunyuan",398,1.32090496748505,1.74838945079816,1.3615794326323
"hunyuan",399,0.809676350394187,1.35666757385717,0.944653757446177
"hunyuan",400,0.174326848273761,0.170951111508751,0.0626892528858508
"hunyuan",401,1.32090496748505,1.74838945079816,1.3615794326323
"hunyuan",402,0.200641104144915,0.158357478535426,0.341425520856379
"hunyuan",403,0.200641104144915,0.158357478535426,0.341425520856379
"hunyuan",404,0.425418882244872,0.424934881840335,0.420758043836575
"hunyuan",405,0.766693887578003,0.700473970324184,0.849834798875306
"hunyuan",406,0.200641104144915,0.158357478535426,0.341425520856379
"hunyuan",407,-0.447732425265844,-0.35925283406952,-0.626314031440193
"hunyuan",408,1.32090496748505,1.74838945079816,1.3615794326323
"hunyuan",409,-0.493333779507192,-0.481906010987567,-0.504356137979967
"hunyuan",410,1.32090496748505,1.74838945079816,1.3615794326323
"hunyuan",411,0.809676350394187,1.35666757385717,0.944653757446177
"hunyuan",412,1.32090496748505,1.74838945079816,1.3615794326323
"hunyuan",413,0.921392231665069,1.48446341833091,0.883195730789393
"hunyuan",414,-1.55249994713919,-1.51297466882473,-2.02013400687977
"hunyuan",415,-0.493333779507192,-0.481906010987567,-0.504356137979967
"hunyuan",416,0.766693887578003,0.700473970324184,0.849834798875306
"hunyuan",417,0.174326848273761,0.170951111508751,0.0626892528858508
"hunyuan",418,-0.0938421241155906,-0.115160594481009,-0.0358414779926052
"hunyuan",419,-0.0938421241155906,-0.115160594481009,-0.0358414779926052
"hunyuan",420,0.809676350394187,1.35666757385717,0.944653757446177
"hunyuan",421,-0.0938421241155906,-0.115160594481009,-0.0358414779926052
"hunyuan",422,0.809676350394187,1.35666757385717,0.944653757446177
"hunyuan",423,0.200641104144915,0.158357478535426,0.341425520856379
"hunyuan",424,1.85650181049257,2.04745480700767,2.1411557585619
"hunyuan",425,0.200641104144915,0.158357478535426,0.341425520856379
"hunyuan",426,-0.493333779507192,-0.481906010987567,-0.504356137979967
"hunyuan",427,1.85650181049257,2.04745480700767,2.1411557585619
"hunyuan",428,-0.0938421241155906,-0.115160594481009,-0.0358414779926052
"hunyuan",429,-0.493333779507192,-0.481906010987567,-0.504356137979967
"hunyuan",430,-0.993981421090427,-0.927789297882754,-1.05054033381753
"hunyuan",431,0.200641104144915,0.158357478535426,0.341425520856379
"hunyuan",432,1.85650181049257,2.04745480700767,2.1411557585619
"hunyuan",433,0.766693887578003,0.700473970324184,0.849834798875306
"hunyuan",434,1.32090496748505,1.74838945079816,1.3615794326323
"hunyuan",435,0.466580996035065,1.11783398247183,0.507828722567526
"hunyuan",436,0.710522382939832,0.564029115491968,1.21285072297181
"hunyuan",437,1.32090496748505,1.74838945079816,1.3615794326323
"hunyuan",438,0.200641104144915,0.158357478535426,0.341425520856379
"hunyuan",439,1.85650181049257,2.04745480700767,2.1411557585619
"hunyuan",440,0.921392231665069,1.48446341833091,0.883195730789393
"hunyuan",441,-0.493333779507192,-0.481906010987567,-0.504356137979967
"hunyuan",442,1.85650181049257,2.04745480700767,2.1411557585619
"hunyuan",443,0.766693887578003,0.700473970324184,0.849834798875306
"hunyuan",444,-0.0938421241155906,-0.115160594481009,-0.0358414779926052
"hunyuan",445,0.921392231665069,1.48446341833091,0.883195730789393
"hunyuan",446,-0.0938421241155906,-0.115160594481009,-0.0358414779926052
"hunyuan",447,0.200641104144915,0.158357478535426,0.341425520856379
"hunyuan",448,0.200641104144915,0.158357478535426,0.341425520856379
"hunyuan",449,-1.14790003375676,-1.19026977963944,-1.08578344177583
"hunyuan",450,0.809676350394187,1.35666757385717,0.944653757446177
"hunyuan",451,1.32090496748505,1.74838945079816,1.3615794326323
"hunyuan",452,1.85650181049257,2.04745480700767,2.1411557585619
"hunyuan",453,1.32090496748505,1.74838945079816,1.3615794326323
"hunyuan",454,1.85650181049257,2.04745480700767,2.1411557585619
"hunyuan",455,1.32090496748505,1.74838945079816,1.3615794326323
"hunyuan",456,-0.493333779507192,-0.481906010987567,-0.504356137979967
"hunyuan",457,0.766693887578003,0.700473970324184,0.849834798875306
"hunyuan",458,0.809676350394187,1.35666757385717,0.944653757446177
"hunyuan",459,1.32090496748505,1.74838945079816,1.3615794326323
"hunyuan",460,0.921392231665069,1.48446341833091,0.883195730789393
"hunyuan",461,1.85650181049257,2.04745480700767,2.1411557585619
"hunyuan",462,1.32090496748505,1.74838945079816,1.3615794326323
"hunyuan",463,0.200641104144915,0.158357478535426,0.341425520856379
"hunyuan",464,0.200641104144915,0.158357478535426,0.341425520856379
"hunyuan",465,0.425418882244872,0.424934881840335,0.420758043836575
"hunyuan",466,1.85650181049257,2.04745480700767,2.1411557585619
"hunyuan",467,1.32090496748505,1.74838945079816,1.3615794326323
"hunyuan",468,0.200641104144915,0.158357478535426,0.341425520856379
"hunyuan",469,0.231253970175529,0.958982383700582,0.232449706128055
"hunyuan",470,-0.493333779507192,-0.481906010987567,-0.504356137979967
"hunyuan",471,0.200641104144915,0.158357478535426,0.341425520856379
"hunyuan",472,0.200641104144915,0.158357478535426,0.341425520856379
"hunyuan",473,0.200641104144915,0.158357478535426,0.341425520856379
"hunyuan",474,-1.55249994713919,-1.51297466882473,-2.02013400687977
"hunyuan",475,1.32090496748505,1.74838945079816,1.3615794326323
"hunyuan",476,-0.0938421241155906,-0.115160594481009,-0.0358414779926052
"hunyuan",477,-0.0938421241155906,-0.115160594481009,-0.0358414779926052
"hunyuan",478,0.425418882244872,0.424934881840335,0.420758043836575
"hunyuan",479,0.174326848273761,0.170951111508751,0.0626892528858508
"hunyuan",480,0.466580996035065,1.11783398247183,0.507828722567526
"hunyuan",481,0.200641104144915,0.158357478535426,0.341425520856379
"hunyuan",482,1.32090496748505,1.74838945079816,1.3615794326323
"hunyuan",483,0.425418882244872,0.424934881840335,0.420758043836575
"hunyuan",484,0.809676350394187,1.35666757385717,0.944653757446177
"hunyuan",485,0.200641104144915,0.158357478535426,0.341425520856379
"hunyuan",486,1.85650181049257,2.04745480700767,2.1411557585619
"hunyuan",487,0.425418882244872,0.424934881840335,0.420758043836575
"hunyuan",488,1.32090496748505,1.74838945079816,1.3615794326323
"hunyuan",489,-0.0938421241155906,-0.115160594481009,-0.0358414779926052
"hunyuan",490,1.32090496748505,1.74838945079816,1.3615794326323
"hunyuan",491,-0.0938421241155906,-0.115160594481009,-0.0358414779926052
"hunyuan",492,0.466580996035065,1.11783398247183,0.507828722567526
"hunyuan",493,1.85650181049257,2.04745480700767,2.1411557585619
"hunyuan",494,0.200641104144915,0.158357478535426,0.341425520856379
"hunyuan",495,-0.493333779507192,-0.481906010987567,-0.504356137979967
"hunyuan",496,0.921392231665069,1.48446341833091,0.883195730789393
"hunyuan",497,1.85650181049257,2.04745480700767,2.1411557585619
"hunyuan",498,0.766693887578003,0.700473970324184,0.849834798875306
"hunyuan",499,0.200641104144915,0.158357478535426,0.341425520856379
"hunyuan",500,1.32090496748505,1.74838945079816,1.3615794326323
"hunyuan",501,1.85650181049257,2.04745480700767,2.1411557585619
"hunyuan",502,1.32090496748505,1.74838945079816,1.3615794326323
"hunyuan",503,0.921392231665069,1.48446341833091,0.883195730789393
"hunyuan",504,0.200641104144915,0.158357478535426,0.341425520856379
"hunyuan",505,0.200641104144915,0.158357478535426,0.341425520856379
"hunyuan",506,1.32090496748505,1.74838945079816,1.3615794326323
"hunyuan",507,0.425418882244872,0.424934881840335,0.420758043836575
"hunyuan",508,1.85650181049257,2.04745480700767,2.1411557585619
"hunyuan",509,-0.0938421241155906,-0.115160594481009,-0.0358414779926052
"spard",0,-0.493333779507192,-0.481906010987567,-0.504356137979967
"spard",1,0.466580996035065,1.11783398247183,0.507828722567526
"spard",2,0.200641104144915,0.158357478535426,0.341425520856379
"spard",3,1.85650181049257,2.04745480700767,2.1411557585619
"spard",4,0.809676350394187,1.35666757385717,0.944653757446177
"spard",5,-0.493333779507192,-0.481906010987567,-0.504356137979967
"spard",6,0.200641104144915,0.158357478535426,0.341425520856379
"spard",7,0.766693887578003,0.700473970324184,0.849834798875306
"spard",8,0.200641104144915,0.158357478535426,0.341425520856379
"spard",9,-0.493333779507192,-0.481906010987567,-0.504356137979967
"spard",10,-0.493333779507192,-0.481906010987567,-0.504356137979967
"spard",11,-0.493333779507192,-0.481906010987567,-0.504356137979967
"spard",12,0.200641104144915,0.158357478535426,0.341425520856379
"spard",13,-0.493333779507192,-0.481906010987567,-0.504356137979967
"spard",14,-0.493333779507192,-0.481906010987567,-0.504356137979967
"spard",15,0.766693887578003,0.700473970324184,0.849834798875306
"spard",16,0.766693887578003,0.700473970324184,0.849834798875306
"spard",17,0.766693887578003,0.700473970324184,0.849834798875306
"spard",18,-0.493333779507192,-0.481906010987567,-0.504356137979967
"spard",19,0.710522382939832,0.564029115491968,1.21285072297181
"spard",20,-0.993981421090427,-0.927789297882754,-1.05054033381753
"spard",21,0.710522382939832,0.564029115491968,1.21285072297181
"spard",22,-0.493333779507192,-0.481906010987567,-0.504356137979967
"spard",23,-0.493333779507192,-0.481906010987567,-0.504356137979967
"spard",24,0.200641104144915,0.158357478535426,0.341425520856379
"spard",25,0.200641104144915,0.158357478535426,0.341425520856379
"spard",26,-0.493333779507192,-0.481906010987567,-0.504356137979967
"spard",27,-0.493333779507192,-0.481906010987567,-0.504356137979967
"spard",28,-1.21235200170498,-0.975511751111501,-1.45034506146193
"spard",29,0.200641104144915,0.158357478535426,0.341425520856379
"spard",30,-0.493333779507192,-0.481906010987567,-0.504356137979967
"spard",31,0.200641104144915,0.158357478535426,0.341425520856379
"spard",32,0.766693887578003,0.700473970324184,0.849834798875306
"spard",33,0.200641104144915,0.158357478535426,0.341425520856379
"spard",34,-0.493333779507192,-0.481906010987567,-0.504356137979967
"spard",35,-0.493333779507192,-0.481906010987567,-0.504356137979967
"spard",36,-0.493333779507192,-0.481906010987567,-0.504356137979967
"spard",37,0.809676350394187,1.35666757385717,0.944653757446177
"spard",38,0.710522382939832,0.564029115491968,1.21285072297181
"spard",39,0.921392231665069,1.48446341833091,0.883195730789393
"spard",40,1.85650181049257,2.04745480700767,2.1411557585619
"spard",41,-0.493333779507192,-0.481906010987567,-0.504356137979967
"spard",42,0.200641104144915,0.158357478535426,0.341425520856379
"spard",43,0.174326848273761,0.170951111508751,0.0626892528858508
"spard",44,-0.0938421241155906,-0.115160594481009,-0.0358414779926052
"spard",45,0.766693887578003,0.700473970324184,0.849834798875306
"spard",46,-0.493333779507192,-0.481906010987567,-0.504356137979967
"spard",47,-0.493333779507192,-0.481906010987567,-0.504356137979967
"spard",48,-0.493333779507192,-0.481906010987567,-0.504356137979967
"spard",49,-0.493333779507192,-0.481906010987567,-0.504356137979967
"spard",50,1.22300670400649,1.01953212218267,1.65366794358871
"spard",51,-0.493333779507192,-0.481906010987567,-0.504356137979967
"spard",52,0.200641104144915,0.158357478535426,0.341425520856379
"spard",53,0.766693887578003,0.700473970324184,0.849834798875306
"spard",54,0.200641104144915,0.158357478535426,0.341425520856379
"spard",55,-0.493333779507192,-0.481906010987567,-0.504356137979967
"spard",56,0.200641104144915,0.158357478535426,0.341425520856379
"spard",57,-0.493333779507192,-0.481906010987567,-0.504356137979967
"spard",58,-2.02927852949979,-3.0315307598835,-2.68664722522716
"spard",59,0.766693887578003,0.700473970324184,0.849834798875306
"spard",60,-0.493333779507192,-0.481906010987567,-0.504356137979967
"spard",61,-0.493333779507192,-0.481906010987567,-0.504356137979967
"spard",62,0.809676350394187,1.35666757385717,0.944653757446177
"spard",63,0.766693887578003,0.700473970324184,0.849834798875306
"spard",64,-1.19976458692959,-2.29380169725618,-1.4132079972766
"spard",65,0.200641104144915,0.158357478535426,0.341425520856379
"spard",66,-0.493333779507192,-0.481906010987567,-0.504356137979967
"spard",67,-0.493333779507192,-0.481906010987567,-0.504356137979967
"spard",68,-0.493333779507192,-0.481906010987567,-0.504356137979967
"spard",69,0.200641104144915,0.158357478535426,0.341425520856379
"spard",70,0.200641104144915,0.158357478535426,0.341425520856379
"spard",71,-0.493333779507192,-0.481906010987567,-0.504356137979967
"spard",72,-0.493333779507192,-0.481906010987567,-0.504356137979967
"spard",73,-1.67039577564305,-1.44755786456553,-2.26907698040604
"spard",74,0.200641104144915,0.158357478535426,0.341425520856379
"spard",75,0.200641104144915,0.158357478535426,0.341425520856379
"spard",76,0.200641104144915,0.158357478535426,0.341425520856379
"spard",77,0.200641104144915,0.158357478535426,0.341425520856379
"spard",78,0.200641104144915,0.158357478535426,0.341425520856379
"spard",79,-0.493333779507192,-0.481906010987567,-0.504356137979967
"spard",80,0.200641104144915,0.158357478535426,0.341425520856379
"spard",81,-2.43715864021951,-3.25463733450196,-3.31689540054628
"spard",82,0.766693887578003,0.700473970324184,0.849834798875306
"spard",83,1.34502168275787,1.7352764098471,1.61722727477479
"spard",84,0.766693887578003,0.700473970324184,0.849834798875306
"spard",85,0.200641104144915,0.158357478535426,0.341425520856379
"spard",86,-1.09017430377077,-1.00407814580565,-1.42294613800186
"spard",87,0.425418882244872,0.424934881840335,0.420758043836575
"spard",88,-1.09017430377077,-1.00407814580565,-1.42294613800186
"spard",89,-0.493333779507192,-0.481906010987567,-0.504356137979967
"spard",90,1.85650181049257,2.04745480700767,2.1411557585619
"spard",91,0.174326848273761,0.170951111508751,0.0626892528858508
"spard",92,-0.993981421090427,-0.927789297882754,-1.05054033381753
"spard",93,0.766693887578003,0.700473970324184,0.849834798875306
"spard",94,0.809676350394187,1.35666757385717,0.944653757446177
"spard",95,-1.09017430377077,-1.00407814580565,-1.42294613800186
"spard",96,0.200641104144915,0.158357478535426,0.341425520856379
"spard",97,-1.09017430377077,-1.00407814580565,-1.42294613800186
"spard",98,0.710522382939832,0.564029115491968,1.21285072297181
"spard",99,-1.09017430377077,-1.00407814580565,-1.42294613800186
"spard",100,0.766693887578003,0.700473970324184,0.849834798875306
"spard",101,-0.493333779507192,-0.481906010987567,-0.504356137979967
"spard",102,0.200641104144915,0.158357478535426,0.341425520856379
"spard",103,0.200641104144915,0.158357478535426,0.341425520856379
"spard",104,0.766693887578003,0.700473970324184,0.849834798875306
"spard",105,0.200641104144915,0.158357478535426,0.341425520856379
"spard",106,0.200641104144915,0.158357478535426,0.341425520856379
"spard",107,1.32090496748505,1.74838945079816,1.3615794326323
"spard",108,0.294049018031467,0.309845024580188,-0.0161744268099872
"spard",109,-0.493333779507192,-0.481906010987567,-0.504356137979967
"spard",110,-0.493333779507192,-0.481906010987567,-0.504356137979967
"spard",111,0.710522382939832,0.564029115491968,1.21285072297181
"spard",112,0.200641104144915,0.158357478535426,0.341425520856379
"spard",113,0.200641104144915,0.158357478535426,0.341425520856379
"spard",114,-0.493333779507192,-0.481906010987567,-0.504356137979967
"spard",115,-0.493333779507192,-0.481906010987567,-0.504356137979967
"spard",116,0.710522382939832,0.564029115491968,1.21285072297181
"spard",117,-0.493333779507192,-0.481906010987567,-0.504356137979967
"spard",118,-0.493333779507192,-0.481906010987567,-0.504356137979967
"spard",119,-0.493333779507192,-0.481906010987567,-0.504356137979967
"spard",120,-0.493333779507192,-0.481906010987567,-0.504356137979967
"spard",121,-0.993981421090427,-0.927789297882754,-1.05054033381753
"spard",122,-0.493333779507192,-0.481906010987567,-0.504356137979967
"spard",123,1.32090496748505,1.74838945079816,1.3615794326323
"spard",124,-2.03344664080849,-1.9179427040506,-2.80255925626918
"spard",125,-0.493333779507192,-0.481906010987567,-0.504356137979967
"spard",126,0.200641104144915,0.158357478535426,0.341425520856379
"spard",127,-0.493333779507192,-0.481906010987567,-0.504356137979967
"spard",128,-0.493333779507192,-0.481906010987567,-0.504356137979967
"spard",129,-0.493333779507192,-0.481906010987567,-0.504356137979967
"spard",130,-0.493333779507192,-0.481906010987567,-0.504356137979967
"spard",131,-0.493333779507192,-0.481906010987567,-0.504356137979967
"spard",132,-0.493333779507192,-0.481906010987567,-0.504356137979967
"spard",133,0.200641104144915,0.158357478535426,0.341425520856379
"spard",134,-0.493333779507192,-0.481906010987567,-0.504356137979967
"spard",135,-1.55249994713919,-1.51297466882473,-2.02013400687977
"spard",136,-0.493333779507192,-0.481906010987567,-0.504356137979967
"spard",137,-1.55249994713919,-1.51297466882473,-2.02013400687977
"spard",138,0.710522382939832,0.564029115491968,1.21285072297181
"spard",139,0.200641104144915,0.158357478535426,0.341425520856379
"spard",140,-1.65351711486128,-1.48349542002025,-2.04503308920221
"spard",141,0.766693887578003,0.700473970324184,0.849834798875306
"spard",142,0.174326848273761,0.170951111508751,0.0626892528858508
"spard",143,-0.993981421090427,-0.927789297882754,-1.05054033381753
"spard",144,-0.993981421090427,-0.927789297882754,-1.05054033381753
"spard",145,0.710522382939832,0.564029115491968,1.21285072297181
"spard",146,-0.493333779507192,-0.481906010987567,-0.504356137979967
"spard",147,-0.493333779507192,-0.481906010987567,-0.504356137979967
"spard",148,0.766693887578003,0.700473970324184,0.849834798875306
"spard",149,0.174326848273761,0.170951111508751,0.0626892528858508
"spard",150,-0.493333779507192,-0.481906010987567,-0.504356137979967
"spard",151,-0.493333779507192,-0.481906010987567,-0.504356137979967
"spard",152,-0.493333779507192,-0.481906010987567,-0.504356137979967
"spard",153,-0.493333779507192,-0.481906010987567,-0.504356137979967
"spard",154,-0.493333779507192,-0.481906010987567,-0.504356137979967
"spard",155,0.200641104144915,0.158357478535426,0.341425520856379
"spard",156,-0.493333779507192,-0.481906010987567,-0.504356137979967
"spard",157,0.200641104144915,0.158357478535426,0.341425520856379
"spard",158,0.710522382939832,0.564029115491968,1.21285072297181
"spard",159,-0.493333779507192,-0.481906010987567,-0.504356137979967
"spard",160,0.200641104144915,0.158357478535426,0.341425520856379
"spard",161,-0.993981421090427,-0.927789297882754,-1.05054033381753
"spard",162,-0.493333779507192,-0.481906010987567,-0.504356137979967
"spard",163,-0.493333779507192,-0.481906010987567,-0.504356137979967
"spard",164,0.200641104144915,0.158357478535426,0.341425520856379
"spard",165,0.766693887578003,0.700473970324184,0.849834798875306
"spard",166,0.710522382939832,0.564029115491968,1.21285072297181
"spard",167,-2.03344664080849,-1.9179427040506,-2.80255925626918
"spard",168,-0.493333779507192,-0.481906010987567,-0.504356137979967
"spard",169,0.766693887578003,0.700473970324184,0.849834798875306
"spard",170,0.200641104144915,0.158357478535426,0.341425520856379
"spard",171,-1.55249994713919,-1.51297466882473,-2.02013400687977
"spard",172,0.766693887578003,0.700473970324184,0.849834798875306
"spard",173,0.200641104144915,0.158357478535426,0.341425520856379
"spard",174,-1.19976458692959,-2.29380169725618,-1.4132079972766
"spard",175,-0.493333779507192,-0.481906010987567,-0.504356137979967
"spard",176,-0.493333779507192,-0.481906010987567,-0.504356137979967
"spard",177,0.809676350394187,1.35666757385717,0.944653757446177
"spard",178,-0.493333779507192,-0.481906010987567,-0.504356137979967
"spard",179,-0.493333779507192,-0.481906010987567,-0.504356137979967
"spard",180,0.710522382939832,0.564029115491968,1.21285072297181
"spard",181,-0.493333779507192,-0.481906010987567,-0.504356137979967
"spard",182,0.766693887578003,0.700473970324184,0.849834798875306
"spard",183,-0.493333779507192,-0.481906010987567,-0.504356137979967
"spard",184,-0.493333779507192,-0.481906010987567,-0.504356137979967
"spard",185,-0.493333779507192,-0.481906010987567,-0.504356137979967
"spard",186,0.200641104144915,0.158357478535426,0.341425520856379
"spard",187,0.766693887578003,0.700473970324184,0.849834798875306
"spard",188,-0.493333779507192,-0.481906010987567,-0.504356137979967
"spard",189,-0.493333779507192,-0.481906010987567,-0.504356137979967
"spard",190,0.200641104144915,0.158357478535426,0.341425520856379
"spard",191,-0.493333779507192,-0.481906010987567,-0.504356137979967
"spard",192,0.174326848273761,0.170951111508751,0.0626892528858508
"spard",193,0.101796910082895,0.0133423663178661,0.424365814006527
"spard",194,0.809676350394187,1.35666757385717,0.944653757446177
"spard",195,-0.493333779507192,-0.481906010987567,-0.504356137979967
"spard",196,0.710522382939832,0.564029115491968,1.21285072297181
"spard",197,0.101796910082895,0.0133423663178661,0.424365814006527
"spard",198,0.200641104144915,0.158357478535426,0.341425520856379
"spard",199,-0.493333779507192,-0.481906010987567,-0.504356137979967
"spard",200,-0.993981421090427,-0.927789297882754,-1.05054033381753
"spard",201,-0.493333779507192,-0.481906010987567,-0.504356137979967
"spard",202,-0.493333779507192,-0.481906010987567,-0.504356137979967
"spard",203,-0.493333779507192,-0.481906010987567,-0.504356137979967
"spard",204,0.200641104144915,0.158357478535426,0.341425520856379
"spard",205,-0.493333779507192,-0.481906010987567,-0.504356137979967
"spard",206,-0.493333779507192,-0.481906010987567,-0.504356137979967
"spard",207,0.200641104144915,0.158357478535426,0.341425520856379
"spard",208,0.766693887578003,0.700473970324184,0.849834798875306
"spard",209,-0.493333779507192,-0.481906010987567,-0.504356137979967
"spard",210,-0.493333779507192,-0.481906010987567,-0.504356137979967
"spard",211,0.200641104144915,0.158357478535426,0.341425520856379
"spard",212,0.200641104144915,0.158357478535426,0.341425520856379
"spard",213,-0.493333779507192,-0.481906010987567,-0.504356137979967
"spard",214,-0.493333779507192,-0.481906010987567,-0.504356137979967
"spard",215,0.200641104144915,0.158357478535426,0.341425520856379
"spard",216,0.200641104144915,0.158357478535426,0.341425520856379
"spard",217,-0.493333779507192,-0.481906010987567,-0.504356137979967
"spard",218,1.22300670400649,1.01953212218267,1.65366794358871
"spard",219,0.766693887578003,0.700473970324184,0.849834798875306
"spard",220,-0.493333779507192,-0.481906010987567,-0.504356137979967
"spard",221,-0.993981421090427,-0.927789297882754,-1.05054033381753
"spard",222,0.200641104144915,0.158357478535426,0.341425520856379
"spard",223,0.200641104144915,0.158357478535426,0.341425520856379
"spard",224,0.200641104144915,0.158357478535426,0.341425520856379
"spard",225,0.200641104144915,0.158357478535426,0.341425520856379
"spard",226,-0.493333779507192,-0.481906010987567,-0.504356137979967
"spard",227,-0.493333779507192,-0.481906010987567,-0.504356137979967
"spard",228,0.200641104144915,0.158357478535426,0.341425520856379
"spard",229,-0.993981421090427,-0.927789297882754,-1.05054033381753
"spard",230,0.200641104144915,0.158357478535426,0.341425520856379
"spard",231,-0.493333779507192,-0.481906010987567,-0.504356137979967
"spard",232,-0.493333779507192,-0.481906010987567,-0.504356137979967
"spard",233,-0.493333779507192,-0.481906010987567,-0.504356137979967
"spard",234,0.200641104144915,0.158357478535426,0.341425520856379
"spard",235,0.200641104144915,0.158357478535426,0.341425520856379
"spard",236,1.32090496748505,1.74838945079816,1.3615794326323
"spard",237,0.200641104144915,0.158357478535426,0.341425520856379
"spard",238,0.200641104144915,0.158357478535426,0.341425520856379
"spard",239,0.200641104144915,0.158357478535426,0.341425520856379
"spard",240,-0.493333779507192,-0.481906010987567,-0.504356137979967
"spard",241,-1.65351711486128,-1.48349542002025,-2.04503308920221
"spard",242,0.809676350394187,1.35666757385717,0.944653757446177
"spard",243,0.200641104144915,0.158357478535426,0.341425520856379
"spard",244,0.200641104144915,0.158357478535426,0.341425520856379
"spard",245,-0.493333779507192,-0.481906010987567,-0.504356137979967
"spard",246,0.200641104144915,0.158357478535426,0.341425520856379
"spard",247,-0.0938421241155906,-0.115160594481009,-0.0358414779926052
"spard",248,0.200641104144915,0.158357478535426,0.341425520856379
"spard",249,-0.493333779507192,-0.481906010987567,-0.504356137979967
"spard",250,0.766693887578003,0.700473970324184,0.849834798875306
"spard",251,0.809676350394187,1.35666757385717,0.944653757446177
"spard",252,0.200641104144915,0.158357478535426,0.341425520856379
"spard",253,0.200641104144915,0.158357478535426,0.341425520856379
"spard",254,0.200641104144915,0.158357478535426,0.341425520856379
"spard",255,-0.493333779507192,-0.481906010987567,-0.504356137979967
"spard",256,0.200641104144915,0.158357478535426,0.341425520856379
"spard",257,-0.493333779507192,-0.481906010987567,-0.504356137979967
"spard",258,0.200641104144915,0.158357478535426,0.341425520856379
"spard",259,0.200641104144915,0.158357478535426,0.341425520856379
"spard",260,0.200641104144915,0.158357478535426,0.341425520856379
"spard",261,0.200641104144915,0.158357478535426,0.341425520856379
"spard",262,0.200641104144915,0.158357478535426,0.341425520856379
"spard",263,0.695572773822103,0.585640838495236,0.95284070951317
"spard",264,0.200641104144915,0.158357478535426,0.341425520856379
"spard",265,0.809676350394187,1.35666757385717,0.944653757446177
"spard",266,0.200641104144915,0.158357478535426,0.341425520856379
"spard",267,0.200641104144915,0.158357478535426,0.341425520856379
"spard",268,0.200641104144915,0.158357478535426,0.341425520856379
"spard",269,0.200641104144915,0.158357478535426,0.341425520856379
"spard",270,0.766693887578003,0.700473970324184,0.849834798875306
"spard",271,0.200641104144915,0.158357478535426,0.341425520856379
"spard",272,0.200641104144915,0.158357478535426,0.341425520856379
"spard",273,0.200641104144915,0.158357478535426,0.341425520856379
"spard",274,0.200641104144915,0.158357478535426,0.341425520856379
"spard",275,-0.493333779507192,-0.481906010987567,-0.504356137979967
"spard",276,1.22300670400649,1.01953212218267,1.65366794358871
"spard",277,0.809676350394187,1.35666757385717,0.944653757446177
"spard",278,-0.493333779507192,-0.481906010987567,-0.504356137979967
"spard",279,0.174326848273761,0.170951111508751,0.0626892528858508
"spard",280,0.200641104144915,0.158357478535426,0.341425520856379
"spard",281,-0.16076295164402,-0.130262784980553,-0.334914042549656
"spard",282,-0.493333779507192,-0.481906010987567,-0.504356137979967
"spard",283,0.200641104144915,0.158357478535426,0.341425520856379
"spard",284,-1.21235200170498,-0.975511751111501,-1.45034506146193
"spard",285,0.921392231665069,1.48446341833091,0.883195730789393
"spard",286,-1.09017430377077,-1.00407814580565,-1.42294613800186
"spard",287,0.200641104144915,0.158357478535426,0.341425520856379
"spard",288,0.101796910082895,0.0133423663178661,0.424365814006527
"spard",289,-0.493333779507192,-0.481906010987567,-0.504356137979967
"spard",290,-0.493333779507192,-0.481906010987567,-0.504356137979967
"spard",291,-0.493333779507192,-0.481906010987567,-0.504356137979967
"spard",292,0.200641104144915,0.158357478535426,0.341425520856379
"spard",293,-1.60528054238301,-1.70869634285755,-1.70238504543131
"spard",294,0.200641104144915,0.158357478535426,0.341425520856379
"spard",295,-0.493333779507192,-0.481906010987567,-0.504356137979967
"spard",296,-0.493333779507192,-0.481906010987567,-0.504356137979967
"spard",297,-0.623728944384637,-0.338625084445073,-0.664950542515294
"spard",298,0.200641104144915,0.158357478535426,0.341425520856379
"spard",299,0.174326848273761,0.170951111508751,0.0626892528858508
"spard",300,1.22300670400649,1.01953212218267,1.65366794358871
"spard",301,0.200641104144915,0.158357478535426,0.341425520856379
"spard",302,-0.493333779507192,-0.481906010987567,-0.504356137979967
"spard",303,0.710522382939832,0.564029115491968,1.21285072297181
"spard",304,0.200641104144915,0.158357478535426,0.341425520856379
"spard",305,0.200641104144915,0.158357478535426,0.341425520856379
"spard",306,0.766693887578003,0.700473970324184,0.849834798875306
"spard",307,0.200641104144915,0.158357478535426,0.341425520856379
"spard",308,1.32090496748505,1.74838945079816,1.3615794326323
"spard",309,0.200641104144915,0.158357478535426,0.341425520856379
"spard",310,-0.493333779507192,-0.481906010987567,-0.504356137979967
"spard",311,1.32090496748505,1.74838945079816,1.3615794326323
"spard",312,-0.493333779507192,-0.481906010987567,-0.504356137979967
"spard",313,0.710522382939832,0.564029115491968,1.21285072297181
"spard",314,0.200641104144915,0.158357478535426,0.341425520856379
"spard",315,-0.493333779507192,-0.481906010987567,-0.504356137979967
"spard",316,0.200641104144915,0.158357478535426,0.341425520856379
"spard",317,-0.493333779507192,-0.481906010987567,-0.504356137979967
"spard",318,-1.55249994713919,-1.51297466882473,-2.02013400687977
"spard",319,0.766693887578003,0.700473970324184,0.849834798875306
"spard",320,0.710522382939832,0.564029115491968,1.21285072297181
"spard",321,0.921392231665069,1.48446341833091,0.883195730789393
"spard",322,0.766693887578003,0.700473970324184,0.849834798875306
"spard",323,0.174326848273761,0.170951111508751,0.0626892528858508
"spard",324,1.85650181049257,2.04745480700767,2.1411557585619
"spard",325,-0.493333779507192,-0.481906010987567,-0.504356137979967
"spard",326,-1.09017430377077,-1.00407814580565,-1.42294613800186
"spard",327,0.200641104144915,0.158357478535426,0.341425520856379
"spard",328,0.425418882244872,0.424934881840335,0.420758043836575
"spard",329,-0.493333779507192,-0.481906010987567,-0.504356137979967
"spard",330,-0.493333779507192,-0.481906010987567,-0.504356137979967
"spard",331,0.710522382939832,0.564029115491968,1.21285072297181
"spard",332,0.200641104144915,0.158357478535426,0.341425520856379
"spard",333,0.200641104144915,0.158357478535426,0.341425520856379
"spard",334,0.200641104144915,0.158357478535426,0.341425520856379
"spard",335,0.200641104144915,0.158357478535426,0.341425520856379
"spard",336,0.766693887578003,0.700473970324184,0.849834798875306
"spard",337,0.766693887578003,0.700473970324184,0.849834798875306
"spard",338,0.710522382939832,0.564029115491968,1.21285072297181
"spard",339,1.32090496748505,1.74838945079816,1.3615794326323
"spard",340,-0.493333779507192,-0.481906010987567,-0.504356137979967
"spard",341,0.710522382939832,0.564029115491968,1.21285072297181
"spard",342,0.809676350394187,1.35666757385717,0.944653757446177
"spard",343,0.766693887578003,0.700473970324184,0.849834798875306
"spard",344,0.200641104144915,0.158357478535426,0.341425520856379
"spard",345,-0.493333779507192,-0.481906010987567,-0.504356137979967
"spard",346,0.200641104144915,0.158357478535426,0.341425520856379
"spard",347,0.710522382939832,0.564029115491968,1.21285072297181
"spard",348,0.200641104144915,0.158357478535426,0.341425520856379
"spard",349,-0.493333779507192,-0.481906010987567,-0.504356137979967
"spard",350,-1.09017430377077,-1.00407814580565,-1.42294613800186
"spard",351,-0.493333779507192,-0.481906010987567,-0.504356137979967
"spard",352,-0.493333779507192,-0.481906010987567,-0.504356137979967
"spard",353,0.921392231665069,1.48446341833091,0.883195730789393
"spard",354,0.766693887578003,0.700473970324184,0.849834798875306
"spard",355,0.200641104144915,0.158357478535426,0.341425520856379
"spard",356,-0.993981421090427,-0.927789297882754,-1.05054033381753
"spard",357,-0.493333779507192,-0.481906010987567,-0.504356137979967
"spard",358,0.710522382939832,0.564029115491968,1.21285072297181
"spard",359,0.200641104144915,0.158357478535426,0.341425520856379
"spard",360,0.200641104144915,0.158357478535426,0.341425520856379
"spard",361,0.174326848273761,0.170951111508751,0.0626892528858508
"spard",362,0.200641104144915,0.158357478535426,0.341425520856379
"spard",363,1.22300670400649,1.01953212218267,1.65366794358871
"spard",364,0.200641104144915,0.158357478535426,0.341425520856379
"spard",365,-0.493333779507192,-0.481906010987567,-0.504356137979967
"spard",366,0.101796910082895,0.0133423663178661,0.424365814006527
"spard",367,0.766693887578003,0.700473970324184,0.849834798875306
"spard",368,0.766693887578003,0.700473970324184,0.849834798875306
"spard",369,0.231253970175529,0.958982383700582,0.232449706128055
"spard",370,0.200641104144915,0.158357478535426,0.341425520856379
"spard",371,-0.493333779507192,-0.481906010987567,-0.504356137979967
"spard",372,-0.493333779507192,-0.481906010987567,-0.504356137979967
"spard",373,0.200641104144915,0.158357478535426,0.341425520856379
"spard",374,0.200641104144915,0.158357478535426,0.341425520856379
"spard",375,0.766693887578003,0.700473970324184,0.849834798875306
"spard",376,0.200641104144915,0.158357478535426,0.341425520856379
"spard",377,1.22300670400649,1.01953212218267,1.65366794358871
"spard",378,0.766693887578003,0.700473970324184,0.849834798875306
"spard",379,-0.493333779507192,-0.481906010987567,-0.504356137979967
"spard",380,0.174326848273761,0.170951111508751,0.0626892528858508
"spard",381,0.200641104144915,0.158357478535426,0.341425520856379
"spard",382,1.32090496748505,1.74838945079816,1.3615794326323
"spard",383,0.200641104144915,0.158357478535426,0.341425520856379
"spard",384,0.200641104144915,0.158357478535426,0.341425520856379
"spard",385,-0.493333779507192,-0.481906010987567,-0.504356137979967
"spard",386,-0.493333779507192,-0.481906010987567,-0.504356137979967
"spard",387,0.200641104144915,0.158357478535426,0.341425520856379
"spard",388,0.200641104144915,0.158357478535426,0.341425520856379
"spard",389,0.921392231665069,1.48446341833091,0.883195730789393
"spard",390,0.809676350394187,1.35666757385717,0.944653757446177
"spard",391,1.32090496748505,1.74838945079816,1.3615794326323
"spard",392,0.200641104144915,0.158357478535426,0.341425520856379
"spard",393,1.85650181049257,2.04745480700767,2.1411557585619
"spard",394,0.200641104144915,0.158357478535426,0.341425520856379
"spard",395,0.101796910082895,0.0133423663178661,0.424365814006527
"spard",396,0.174326848273761,0.170951111508751,0.0626892528858508
"spard",397,-0.493333779507192,-0.481906010987567,-0.504356137979967
"spard",398,-0.493333779507192,-0.481906010987567,-0.504356137979967
"spard",399,0.200641104144915,0.158357478535426,0.341425520856379
"spard",400,-0.493333779507192,-0.481906010987567,-0.504356137979967
"spard",401,0.101796910082895,0.0133423663178661,0.424365814006527
"spard",402,0.200641104144915,0.158357478535426,0.341425520856379
"spard",403,1.34502168275787,1.7352764098471,1.61722727477479
"spard",404,0.766693887578003,0.700473970324184,0.849834798875306
"spard",405,0.710522382939832,0.564029115491968,1.21285072297181
"spard",406,1.22300670400649,1.01953212218267,1.65366794358871
"spard",407,0.200641104144915,0.158357478535426,0.341425520856379
"spard",408,-0.493333779507192,-0.481906010987567,-0.504356137979967
"spard",409,0.200641104144915,0.158357478535426,0.341425520856379
"spard",410,0.466580996035065,1.11783398247183,0.507828722567526
"spard",411,1.85650181049257,2.04745480700767,2.1411557585619
"spard",412,0.200641104144915,0.158357478535426,0.341425520856379
"spard",413,-0.493333779507192,-0.481906010987567,-0.504356137979967
"spard",414,0.766693887578003,0.700473970324184,0.849834798875306
"spard",415,0.200641104144915,0.158357478535426,0.341425520856379
"spard",416,0.200641104144915,0.158357478535426,0.341425520856379
"spard",417,-1.19976458692959,-2.29380169725618,-1.4132079972766
"spard",418,0.200641104144915,0.158357478535426,0.341425520856379
"spard",419,-0.493333779507192,-0.481906010987567,-0.504356137979967
"spard",420,1.32090496748505,1.74838945079816,1.3615794326323
"spard",421,-0.993981421090427,-0.927789297882754,-1.05054033381753
"spard",422,0.200641104144915,0.158357478535426,0.341425520856379
"spard",423,-0.493333779507192,-0.481906010987567,-0.504356137979967
"spard",424,-0.493333779507192,-0.481906010987567,-0.504356137979967
"spard",425,-0.493333779507192,-0.481906010987567,-0.504356137979967
"spard",426,-0.493333779507192,-0.481906010987567,-0.504356137979967
"spard",427,0.200641104144915,0.158357478535426,0.341425520856379
"spard",428,0.200641104144915,0.158357478535426,0.341425520856379
"spard",429,-0.0938421241155906,-0.115160594481009,-0.0358414779926052
"spard",430,-0.493333779507192,-0.481906010987567,-0.504356137979967
"spard",431,0.200641104144915,0.158357478535426,0.341425520856379
"spard",432,0.174326848273761,0.170951111508751,0.0626892528858508
"spard",433,1.32090496748505,1.74838945079816,1.3615794326323
"spard",434,1.22300670400649,1.01953212218267,1.65366794358871
"spard",435,-1.19976458692959,-2.29380169725618,-1.4132079972766
"spard",436,0.200641104144915,0.158357478535426,0.341425520856379
"spard",437,0.710522382939832,0.564029115491968,1.21285072297181
"spard",438,0.200641104144915,0.158357478535426,0.341425520856379
"spard",439,0.174326848273761,0.170951111508751,0.0626892528858508
"spard",440,-0.993981421090427,-0.927789297882754,-1.05054033381753
"spard",441,-0.493333779507192,-0.481906010987567,-0.504356137979967
"spard",442,-0.493333779507192,-0.481906010987567,-0.504356137979967
"spard",443,1.32090496748505,1.74838945079816,1.3615794326323
"spard",444,-2.43715864021951,-3.25463733450196,-3.31689540054628
"spard",445,-0.493333779507192,-0.481906010987567,-0.504356137979967
"spard",446,0.200641104144915,0.158357478535426,0.341425520856379
"spard",447,0.766693887578003,0.700473970324184,0.849834798875306
"spard",448,0.710522382939832,0.564029115491968,1.21285072297181
"spard",449,-0.493333779507192,-0.481906010987567,-0.504356137979967
"spard",450,-0.493333779507192,-0.481906010987567,-0.504356137979967
"spard",451,-0.493333779507192,-0.481906010987567,-0.504356137979967
"spard",452,0.710522382939832,0.564029115491968,1.21285072297181
"spard",453,0.710522382939832,0.564029115491968,1.21285072297181
"spard",454,-0.993981421090427,-0.927789297882754,-1.05054033381753
"spard",455,-0.493333779507192,-0.481906010987567,-0.504356137979967
"spard",456,-0.493333779507192,-0.481906010987567,-0.504356137979967
"spard",457,-0.493333779507192,-0.481906010987567,-0.504356137979967
"spard",458,0.200641104144915,0.158357478535426,0.341425520856379
"spard",459,0.710522382939832,0.564029115491968,1.21285072297181
"spard",460,0.200641104144915,0.158357478535426,0.341425520856379
"spard",461,0.200641104144915,0.158357478535426,0.341425520856379
"spard",462,0.200641104144915,0.158357478535426,0.341425520856379
"spard",463,0.200641104144915,0.158357478535426,0.341425520856379
"spard",464,-0.493333779507192,-0.481906010987567,-0.504356137979967
"spard",465,1.85650181049257,2.04745480700767,2.1411557585619
"spard",466,-0.493333779507192,-0.481906010987567,-0.504356137979967
"spard",467,0.200641104144915,0.158357478535426,0.341425520856379
"spard",468,1.32090496748505,1.74838945079816,1.3615794326323
"spard",469,0.809676350394187,1.35666757385717,0.944653757446177
"spard",470,0.174326848273761,0.170951111508751,0.0626892528858508
"spard",471,-0.493333779507192,-0.481906010987567,-0.504356137979967
"spard",472,-0.16076295164402,-0.130262784980553,-0.334914042549656
"spard",473,0.766693887578003,0.700473970324184,0.849834798875306
"spard",474,0.710522382939832,0.564029115491968,1.21285072297181
"spard",475,-0.493333779507192,-0.481906010987567,-0.504356137979967
"spard",476,0.200641104144915,0.158357478535426,0.341425520856379
"spard",477,0.200641104144915,0.158357478535426,0.341425520856379
"spard",478,-0.493333779507192,-0.481906010987567,-0.504356137979967
"spard",479,-0.493333779507192,-0.481906010987567,-0.504356137979967
"spard",480,-0.493333779507192,-0.481906010987567,-0.504356137979967
"spard",481,0.200641104144915,0.158357478535426,0.341425520856379
"spard",482,0.200641104144915,0.158357478535426,0.341425520856379
"spard",483,0.200641104144915,0.158357478535426,0.341425520856379
"spard",484,0.200641104144915,0.158357478535426,0.341425520856379
"spard",485,0.710522382939832,0.564029115491968,1.21285072297181
"spard",486,0.200641104144915,0.158357478535426,0.341425520856379
"spard",487,-0.493333779507192,-0.481906010987567,-0.504356137979967
"spard",488,-0.493333779507192,-0.481906010987567,-0.504356137979967
"spard",489,0.200641104144915,0.158357478535426,0.341425520856379
"spard",490,1.22300670400649,1.01953212218267,1.65366794358871
"spard",491,0.200641104144915,0.158357478535426,0.341425520856379
"spard",492,0.200641104144915,0.158357478535426,0.341425520856379
"spard",493,-0.493333779507192,-0.481906010987567,-0.504356137979967
"spard",494,0.200641104144915,0.158357478535426,0.341425520856379
"spard",495,0.200641104144915,0.158357478535426,0.341425520856379
"spard",496,0.200641104144915,0.158357478535426,0.341425520856379
"spard",497,0.200641104144915,0.158357478535426,0.341425520856379
"spard",498,1.22300670400649,1.01953212218267,1.65366794358871
"spard",499,-0.993981421090427,-0.927789297882754,-1.05054033381753
"spard",500,0.174326848273761,0.170951111508751,0.0626892528858508
"spard",501,-0.493333779507192,-0.481906010987567,-0.504356137979967
"spard",502,0.200641104144915,0.158357478535426,0.341425520856379
"spard",503,-0.493333779507192,-0.481906010987567,-0.504356137979967
"spard",504,-0.493333779507192,-0.481906010987567,-0.504356137979967
"spard",505,0.200641104144915,0.158357478535426,0.341425520856379
"spard",506,0.200641104144915,0.158357478535426,0.341425520856379
"spard",507,-0.493333779507192,-0.481906010987567,-0.504356137979967
"spard",508,0.766693887578003,0.700473970324184,0.849834798875306
"spard",509,0.200641104144915,0.158357478535426,0.341425520856379
"trellis",0,-0.493333779507192,-0.481906010987567,-0.504356137979967
"trellis",1,0.200641104144915,0.158357478535426,0.341425520856379
"trellis",2,-0.493333779507192,-0.481906010987567,-0.504356137979967
"trellis",3,0.466580996035065,1.11783398247183,0.507828722567526
"trellis",4,0.809676350394187,1.35666757385717,0.944653757446177
"trellis",5,0.921392231665069,1.48446341833091,0.883195730789393
"trellis",6,-0.493333779507192,-0.481906010987567,-0.504356137979967
"trellis",7,0.766693887578003,0.700473970324184,0.849834798875306
"trellis",8,0.200641104144915,0.158357478535426,0.341425520856379
"trellis",9,1.32090496748505,1.74838945079816,1.3615794326323
"trellis",10,0.809676350394187,1.35666757385717,0.944653757446177
"trellis",11,0.200641104144915,0.158357478535426,0.341425520856379
"trellis",12,1.34502168275787,1.7352764098471,1.61722727477479
"trellis",13,0.200641104144915,0.158357478535426,0.341425520856379
"trellis",14,-0.0938421241155906,-0.115160594481009,-0.0358414779926052
"trellis",15,0.200641104144915,0.158357478535426,0.341425520856379
"trellis",16,1.32090496748505,1.74838945079816,1.3615794326323
"trellis",17,1.34502168275787,1.7352764098471,1.61722727477479
"trellis",18,0.766693887578003,0.700473970324184,0.849834798875306
"trellis",19,1.26447637837638,1.63392800287543,1.72630552658447
"trellis",20,0.200641104144915,0.158357478535426,0.341425520856379
"trellis",21,-0.0938421241155906,-0.115160594481009,-0.0358414779926052
"trellis",22,-0.493333779507192,-0.481906010987567,-0.504356137979967
"trellis",23,-0.493333779507192,-0.481906010987567,-0.504356137979967
"trellis",24,-1.19976458692959,-2.29380169725618,-1.4132079972766
"trellis",25,0.200641104144915,0.158357478535426,0.341425520856379
"trellis",26,-0.0938421241155906,-0.115160594481009,-0.0358414779926052
"trellis",27,0.425418882244872,0.424934881840335,0.420758043836575
"trellis",28,-0.0938421241155906,-0.115160594481009,-0.0358414779926052
"trellis",29,0.766693887578003,0.700473970324184,0.849834798875306
"trellis",30,0.8354793764281,0.729697665828873,1.17303751005447
"trellis",31,1.32090496748505,1.74838945079816,1.3615794326323
"trellis",32,0.766693887578003,0.700473970324184,0.849834798875306
"trellis",33,0.174326848273761,0.170951111508751,0.0626892528858508
"trellis",34,-0.493333779507192,-0.481906010987567,-0.504356137979967
"trellis",35,-0.493333779507192,-0.481906010987567,-0.504356137979967
"trellis",36,-0.493333779507192,-0.481906010987567,-0.504356137979967
"trellis",37,1.32090496748505,1.74838945079816,1.3615794326323
"trellis",38,0.200641104144915,0.158357478535426,0.341425520856379
"trellis",39,1.32090496748505,1.74838945079816,1.3615794326323
"trellis",40,0.174326848273761,0.170951111508751,0.0626892528858508
"trellis",41,0.200641104144915,0.158357478535426,0.341425520856379
"trellis",42,-0.493333779507192,-0.481906010987567,-0.504356137979967
"trellis",43,-0.493333779507192,-0.481906010987567,-0.504356137979967
"trellis",44,0.200641104144915,0.158357478535426,0.341425520856379
"trellis",45,-0.493333779507192,-0.481906010987567,-0.504356137979967
"trellis",46,0.200641104144915,0.158357478535426,0.341425520856379
"trellis",47,-0.493333779507192,-0.481906010987567,-0.504356137979967
"trellis",48,0.466580996035065,1.11783398247183,0.507828722567526
"trellis",49,-0.0938421241155906,-0.115160594481009,-0.0358414779926052
"trellis",50,-2.02927852949979,-3.0315307598835,-2.68664722522716
"trellis",51,0.710522382939832,0.564029115491968,1.21285072297181
"trellis",52,1.85650181049257,2.04745480700767,2.1411557585619
"trellis",53,1.85650181049257,2.04745480700767,2.1411557585619
"trellis",54,0.200641104144915,0.158357478535426,0.341425520856379
"trellis",55,-0.493333779507192,-0.481906010987567,-0.504356137979967
"trellis",56,0.766693887578003,0.700473970324184,0.849834798875306
"trellis",57,0.200641104144915,0.158357478535426,0.341425520856379
"trellis",58,-0.493333779507192,-0.481906010987567,-0.504356137979967
"trellis",59,0.200641104144915,0.158357478535426,0.341425520856379
"trellis",60,-0.493333779507192,-0.481906010987567,-0.504356137979967
"trellis",61,-0.493333779507192,-0.481906010987567,-0.504356137979967
"trellis",62,0.466580996035065,1.11783398247183,0.507828722567526
"trellis",63,0.174326848273761,0.170951111508751,0.0626892528858508
"trellis",64,0.200641104144915,0.158357478535426,0.341425520856379
"trellis",65,0.710522382939832,0.564029115491968,1.21285072297181
"trellis",66,1.34502168275787,1.7352764098471,1.61722727477479
"trellis",67,1.85650181049257,2.04745480700767,2.1411557585619
"trellis",68,1.85650181049257,2.04745480700767,2.1411557585619
"trellis",69,0.200641104144915,0.158357478535426,0.341425520856379
"trellis",70,0.766693887578003,0.700473970324184,0.849834798875306
"trellis",71,-0.493333779507192,-0.481906010987567,-0.504356137979967
"trellis",72,0.766693887578003,0.700473970324184,0.849834798875306
"trellis",73,-0.993981421090427,-0.927789297882754,-1.05054033381753
"trellis",74,0.200641104144915,0.158357478535426,0.341425520856379
"trellis",75,0.174326848273761,0.170951111508751,0.0626892528858508
"trellis",76,0.200641104144915,0.158357478535426,0.341425520856379
"trellis",77,-0.493333779507192,-0.481906010987567,-0.504356137979967
"trellis",78,-0.493333779507192,-0.481906010987567,-0.504356137979967
"trellis",79,-0.493333779507192,-0.481906010987567,-0.504356137979967
"trellis",80,0.200641104144915,0.158357478535426,0.341425520856379
"trellis",81,-0.493333779507192,-0.481906010987567,-0.504356137979967
"trellis",82,1.32090496748505,1.74838945079816,1.3615794326323
"trellis",83,0.766693887578003,0.700473970324184,0.849834798875306
"trellis",84,-0.0938421241155906,-0.115160594481009,-0.0358414779926052
"trellis",85,0.766693887578003,0.700473970324184,0.849834798875306
"trellis",86,0.809676350394187,1.35666757385717,0.944653757446177
"trellis",87,-0.493333779507192,-0.481906010987567,-0.504356137979967
"trellis",88,-0.493333779507192,-0.481906010987567,-0.504356137979967
"trellis",89,-0.493333779507192,-0.481906010987567,-0.504356137979967
"trellis",90,0.200641104144915,0.158357478535426,0.341425520856379
"trellis",91,-0.993981421090427,-0.927789297882754,-1.05054033381753
"trellis",92,0.710522382939832,0.564029115491968,1.21285072297181
"trellis",93,0.200641104144915,0.158357478535426,0.341425520856379
"trellis",94,1.32090496748505,1.74838945079816,1.3615794326323
"trellis",95,-2.02927852949979,-3.0315307598835,-2.68664722522716
"trellis",96,-0.0938421241155906,-0.115160594481009,-0.0358414779926052
"trellis",97,-1.55249994713919,-1.51297466882473,-2.02013400687977
"trellis",98,-0.493333779507192,-0.481906010987567,-0.504356137979967
"trellis",99,-0.447732425265844,-0.35925283406952,-0.626314031440193
"trellis",100,0.809676350394187,1.35666757385717,0.944653757446177
"trellis",101,-0.493333779507192,-0.481906010987567,-0.504356137979967
"trellis",102,-0.493333779507192,-0.481906010987567,-0.504356137979967
"trellis",103,0.921392231665069,1.48446341833091,0.883195730789393
"trellis",104,0.425418882244872,0.424934881840335,0.420758043836575
"trellis",105,-0.0938421241155906,-0.115160594481009,-0.0358414779926052
"trellis",106,0.921392231665069,1.48446341833091,0.883195730789393
"trellis",107,-0.493333779507192,-0.481906010987567,-0.504356137979967
"trellis",108,0.766693887578003,0.700473970324184,0.849834798875306
"trellis",109,-0.493333779507192,-0.481906010987567,-0.504356137979967
"trellis",110,1.32090496748505,1.74838945079816,1.3615794326323
"trellis",111,0.200641104144915,0.158357478535426,0.341425520856379
"trellis",112,0.200641104144915,0.158357478535426,0.341425520856379
"trellis",113,0.200641104144915,0.158357478535426,0.341425520856379
"trellis",114,0.200641104144915,0.158357478535426,0.341425520856379
"trellis",115,0.200641104144915,0.158357478535426,0.341425520856379
"trellis",116,0.200641104144915,0.158357478535426,0.341425520856379
"trellis",117,-1.65351711486128,-1.48349542002025,-2.04503308920221
"trellis",118,-0.493333779507192,-0.481906010987567,-0.504356137979967
"trellis",119,-0.493333779507192,-0.481906010987567,-0.504356137979967
"trellis",120,-0.993981421090427,-0.927789297882754,-1.05054033381753
"trellis",121,-0.493333779507192,-0.481906010987567,-0.504356137979967
"trellis",122,-0.493333779507192,-0.481906010987567,-0.504356137979967
"trellis",123,0.200641104144915,0.158357478535426,0.341425520856379
"trellis",124,-0.493333779507192,-0.481906010987567,-0.504356137979967
"trellis",125,-0.993981421090427,-0.927789297882754,-1.05054033381753
"trellis",126,0.200641104144915,0.158357478535426,0.341425520856379
"trellis",127,-0.493333779507192,-0.481906010987567,-0.504356137979967
"trellis",128,-1.21235200170498,-0.975511751111501,-1.45034506146193
"trellis",129,1.26447637837638,1.63392800287543,1.72630552658447
"trellis",130,0.766693887578003,0.700473970324184,0.849834798875306
"trellis",131,-0.493333779507192,-0.481906010987567,-0.504356137979967
"trellis",132,-1.55249994713919,-1.51297466882473,-2.02013400687977
"trellis",133,-0.493333779507192,-0.481906010987567,-0.504356137979967
"trellis",134,0.799679470897076,1.37420759958963,0.679549520999093
"trellis",135,-0.993981421090427,-0.927789297882754,-1.05054033381753
"trellis",136,-0.49696483671922,-0.471602887760943,-0.214798108742349
"trellis",137,-0.493333779507192,-0.481906010987567,-0.504356137979967
"trellis",138,-0.493333779507192,-0.481906010987567,-0.504356137979967
"trellis",139,-0.493333779507192,-0.481906010987567,-0.504356137979967
"trellis",140,-0.493333779507192,-0.481906010987567,-0.504356137979967
"trellis",141,0.200641104144915,0.158357478535426,0.341425520856379
"trellis",142,-0.993981421090427,-0.927789297882754,-1.05054033381753
"trellis",143,-0.993981421090427,-0.927789297882754,-1.05054033381753
"trellis",144,-0.493333779507192,-0.481906010987567,-0.504356137979967
"trellis",145,-0.493333779507192,-0.481906010987567,-0.504356137979967
"trellis",146,-1.32287359170626,-1.26479772660651,-1.45034380363532
"trellis",147,-0.493333779507192,-0.481906010987567,-0.504356137979967
"trellis",148,-0.493333779507192,-0.481906010987567,-0.504356137979967
"trellis",149,-0.493333779507192,-0.481906010987567,-0.504356137979967
"trellis",150,-0.993981421090427,-0.927789297882754,-1.05054033381753
"trellis",151,1.26447637837638,1.63392800287543,1.72630552658447
"trellis",152,0.200641104144915,0.158357478535426,0.341425520856379
"trellis",153,0.200641104144915,0.158357478535426,0.341425520856379
"trellis",154,-0.493333779507192,-0.481906010987567,-0.504356137979967
"trellis",155,-0.493333779507192,-0.481906010987567,-0.504356137979967
"trellis",156,-0.0938421241155906,-0.115160594481009,-0.0358414779926052
"trellis",157,0.766693887578003,0.700473970324184,0.849834798875306
"trellis",158,-0.493333779507192,-0.481906010987567,-0.504356137979967
"trellis",159,0.710522382939832,0.564029115491968,1.21285072297181
"trellis",160,1.32090496748505,1.74838945079816,1.3615794326323
"trellis",161,-0.0938421241155906,-0.115160594481009,-0.0358414779926052
"trellis",162,-0.493333779507192,-0.481906010987567,-0.504356137979967
"trellis",163,-0.493333779507192,-0.481906010987567,-0.504356137979967
"trellis",164,0.200641104144915,0.158357478535426,0.341425520856379
"trellis",165,0.200641104144915,0.158357478535426,0.341425520856379
"trellis",166,-0.0938421241155906,-0.115160594481009,-0.0358414779926052
"trellis",167,0.101796910082895,0.0133423663178661,0.424365814006527
"trellis",168,-0.493333779507192,-0.481906010987567,-0.504356137979967
"trellis",169,1.32090496748505,1.74838945079816,1.3615794326323
"trellis",170,1.32090496748505,1.74838945079816,1.3615794326323
"trellis",171,-0.493333779507192,-0.481906010987567,-0.504356137979967
"trellis",172,1.34502168275787,1.7352764098471,1.61722727477479
"trellis",173,-0.493333779507192,-0.481906010987567,-0.504356137979967
"trellis",174,0.200641104144915,0.158357478535426,0.341425520856379
"trellis",175,0.200641104144915,0.158357478535426,0.341425520856379
"trellis",176,-0.493333779507192,-0.481906010987567,-0.504356137979967
"trellis",177,-0.493333779507192,-0.481906010987567,-0.504356137979967
"trellis",178,-0.0938421241155906,-0.115160594481009,-0.0358414779926052
"trellis",179,0.200641104144915,0.158357478535426,0.341425520856379
"trellis",180,-0.493333779507192,-0.481906010987567,-0.504356137979967
"trellis",181,-0.493333779507192,-0.481906010987567,-0.504356137979967
"trellis",182,0.710522382939832,0.564029115491968,1.21285072297181
"trellis",183,0.710522382939832,0.564029115491968,1.21285072297181
"trellis",184,0.766693887578003,0.700473970324184,0.849834798875306
"trellis",185,0.710522382939832,0.564029115491968,1.21285072297181
"trellis",186,0.200641104144915,0.158357478535426,0.341425520856379
"trellis",187,0.200641104144915,0.158357478535426,0.341425520856379
"trellis",188,0.809676350394187,1.35666757385717,0.944653757446177
"trellis",189,1.22300670400649,1.01953212218267,1.65366794358871
"trellis",190,-1.19976458692959,-2.29380169725618,-1.4132079972766
"trellis",191,0.200641104144915,0.158357478535426,0.341425520856379
"trellis",192,0.200641104144915,0.158357478535426,0.341425520856379
"trellis",193,-1.65351711486128,-1.48349542002025,-2.04503308920221
"trellis",194,1.32090496748505,1.74838945079816,1.3615794326323
"trellis",195,-0.493333779507192,-0.481906010987567,-0.504356137979967
"trellis",196,0.425418882244872,0.424934881840335,0.420758043836575
"trellis",197,0.766693887578003,0.700473970324184,0.849834798875306
"trellis",198,1.85650181049257,2.04745480700767,2.1411557585619
"trellis",199,0.200641104144915,0.158357478535426,0.341425520856379
"trellis",200,0.200641104144915,0.158357478535426,0.341425520856379
"trellis",201,0.200641104144915,0.158357478535426,0.341425520856379
"trellis",202,0.200641104144915,0.158357478535426,0.341425520856379
"trellis",203,-0.493333779507192,-0.481906010987567,-0.504356137979967
"trellis",204,0.200641104144915,0.158357478535426,0.341425520856379
"trellis",205,0.200641104144915,0.158357478535426,0.341425520856379
"trellis",206,-0.493333779507192,-0.481906010987567,-0.504356137979967
"trellis",207,0.200641104144915,0.158357478535426,0.341425520856379
"trellis",208,0.766693887578003,0.700473970324184,0.849834798875306
"trellis",209,0.200641104144915,0.158357478535426,0.341425520856379
"trellis",210,-0.493333779507192,-0.481906010987567,-0.504356137979967
"trellis",211,1.22300670400649,1.01953212218267,1.65366794358871
"trellis",212,0.200641104144915,0.158357478535426,0.341425520856379
"trellis",213,0.200641104144915,0.158357478535426,0.341425520856379
"trellis",214,0.200641104144915,0.158357478535426,0.341425520856379
"trellis",215,-0.493333779507192,-0.481906010987567,-0.504356137979967
"trellis",216,0.921392231665069,1.48446341833091,0.883195730789393
"trellis",217,0.200641104144915,0.158357478535426,0.341425520856379
"trellis",218,0.766693887578003,0.700473970324184,0.849834798875306
"trellis",219,0.200641104144915,0.158357478535426,0.341425520856379
"trellis",220,-0.0938421241155906,-0.115160594481009,-0.0358414779926052
"trellis",221,-1.55249994713919,-1.51297466882473,-2.02013400687977
"trellis",222,-0.493333779507192,-0.481906010987567,-0.504356137979967
"trellis",223,0.200641104144915,0.158357478535426,0.341425520856379
"trellis",224,0.101796910082895,0.0133423663178661,0.424365814006527
"trellis",225,-0.493333779507192,-0.481906010987567,-0.504356137979967
"trellis",226,-0.993981421090427,-0.927789297882754,-1.05054033381753
"trellis",227,-0.493333779507192,-0.481906010987567,-0.504356137979967
"trellis",228,0.873000373669667,1.36332108421381,1.23708726665371
"trellis",229,0.200641104144915,0.158357478535426,0.341425520856379
"trellis",230,0.809676350394187,1.35666757385717,0.944653757446177
"trellis",231,1.34502168275787,1.7352764098471,1.61722727477479
"trellis",232,-0.493333779507192,-0.481906010987567,-0.504356137979967
"trellis",233,-0.493333779507192,-0.481906010987567,-0.504356137979967
"trellis",234,0.200641104144915,0.158357478535426,0.341425520856379
"trellis",235,0.200641104144915,0.158357478535426,0.341425520856379
"trellis",236,0.809676350394187,1.35666757385717,0.944653757446177
"trellis",237,0.425418882244872,0.424934881840335,0.420758043836575
"trellis",238,0.466580996035065,1.11783398247183,0.507828722567526
"trellis",239,0.921392231665069,1.48446341833091,0.883195730789393
"trellis",240,0.200641104144915,0.158357478535426,0.341425520856379
"trellis",241,-0.993981421090427,-0.927789297882754,-1.05054033381753
"trellis",242,0.809676350394187,1.35666757385717,0.944653757446177
"trellis",243,1.32090496748505,1.74838945079816,1.3615794326323
"trellis",244,0.200641104144915,0.158357478535426,0.341425520856379
"trellis",245,0.200641104144915,0.158357478535426,0.341425520856379
"trellis",246,0.809676350394187,1.35666757385717,0.944653757446177
"trellis",247,-0.493333779507192,-0.481906010987567,-0.504356137979967
"trellis",248,-0.493333779507192,-0.481906010987567,-0.504356137979967
"trellis",249,-0.0938421241155906,-0.115160594481009,-0.0358414779926052
"trellis",250,0.921392231665069,1.48446341833091,0.883195730789393
"trellis",251,-1.09017430377077,-1.00407814580565,-1.42294613800186
"trellis",252,0.8354793764281,0.729697665828873,1.17303751005447
"trellis",253,0.921392231665069,1.48446341833091,0.883195730789393
"trellis",254,1.32090496748505,1.74838945079816,1.3615794326323
"trellis",255,-0.493333779507192,-0.481906010987567,-0.504356137979967
"trellis",256,-0.0938421241155906,-0.115160594481009,-0.0358414779926052
"trellis",257,1.85650181049257,2.04745480700767,2.1411557585619
"trellis",258,-0.0938421241155906,-0.115160594481009,-0.0358414779926052
"trellis",259,0.200641104144915,0.158357478535426,0.341425520856379
"trellis",260,0.809676350394187,1.35666757385717,0.944653757446177
"trellis",261,1.85650181049257,2.04745480700767,2.1411557585619
"trellis",262,0.466580996035065,1.11783398247183,0.507828722567526
"trellis",263,-0.0938421241155906,-0.115160594481009,-0.0358414779926052
"trellis",264,-0.493333779507192,-0.481906010987567,-0.504356137979967
"trellis",265,0.200641104144915,0.158357478535426,0.341425520856379
"trellis",266,-0.493333779507192,-0.481906010987567,-0.504356137979967
"trellis",267,0.200641104144915,0.158357478535426,0.341425520856379
"trellis",268,-1.14790003375676,-1.19026977963944,-1.08578344177583
"trellis",269,1.22300670400649,1.01953212218267,1.65366794358871
"trellis",270,0.710522382939832,0.564029115491968,1.21285072297181
"trellis",271,0.372300204040583,0.253519276294319,0.751938214565045
"trellis",272,0.710522382939832,0.564029115491968,1.21285072297181
"trellis",273,1.26447637837638,1.63392800287543,1.72630552658447
"trellis",274,0.200641104144915,0.158357478535426,0.341425520856379
"trellis",275,0.200641104144915,0.158357478535426,0.341425520856379
"trellis",276,-0.993981421090427,-0.927789297882754,-1.05054033381753
"trellis",277,0.873000373669667,1.36332108421381,1.23708726665371
"trellis",278,-0.493333779507192,-0.481906010987567,-0.504356137979967
"trellis",279,0.921392231665069,1.48446341833091,0.883195730789393
"trellis",280,-0.493333779507192,-0.481906010987567,-0.504356137979967
"trellis",281,0.200641104144915,0.158357478535426,0.341425520856379
"trellis",282,-0.493333779507192,-0.481906010987567,-0.504356137979967
"trellis",283,0.809676350394187,1.35666757385717,0.944653757446177
"trellis",284,-0.493333779507192,-0.481906010987567,-0.504356137979967
"trellis",285,1.32090496748505,1.74838945079816,1.3615794326323
"trellis",286,-1.09017430377077,-1.00407814580565,-1.42294613800186
"trellis",287,-0.493333779507192,-0.481906010987567,-0.504356137979967
"trellis",288,-0.493333779507192,-0.481906010987567,-0.504356137979967
"trellis",289,-0.0938421241155906,-0.115160594481009,-0.0358414779926052
"trellis",290,-0.493333779507192,-0.481906010987567,-0.504356137979967
"trellis",291,0.710522382939832,0.564029115491968,1.21285072297181
"trellis",292,-0.493333779507192,-0.481906010987567,-0.504356137979967
"trellis",293,-0.493333779507192,-0.481906010987567,-0.504356137979967
"trellis",294,-0.493333779507192,-0.481906010987567,-0.504356137979967
"trellis",295,-0.493333779507192,-0.481906010987567,-0.504356137979967
"trellis",296,0.200641104144915,0.158357478535426,0.341425520856379
"trellis",297,0.200641104144915,0.158357478535426,0.341425520856379
"trellis",298,0.466580996035065,1.11783398247183,0.507828722567526
"trellis",299,0.200641104144915,0.158357478535426,0.341425520856379
"trellis",300,-0.0938421241155906,-0.115160594481009,-0.0358414779926052
"trellis",301,1.32090496748505,1.74838945079816,1.3615794326323
"trellis",302,-0.493333779507192,-0.481906010987567,-0.504356137979967
"trellis",303,1.85650181049257,2.04745480700767,2.1411557585619
"trellis",304,0.200641104144915,0.158357478535426,0.341425520856379
"trellis",305,0.200641104144915,0.158357478535426,0.341425520856379
"trellis",306,1.22300670400649,1.01953212218267,1.65366794358871
"trellis",307,-0.0938421241155906,-0.115160594481009,-0.0358414779926052
"trellis",308,0.200641104144915,0.158357478535426,0.341425520856379
"trellis",309,-0.0938421241155906,-0.115160594481009,-0.0358414779926052
"trellis",310,1.32090496748505,1.74838945079816,1.3615794326323
"trellis",311,1.32090496748505,1.74838945079816,1.3615794326323
"trellis",312,-0.493333779507192,-0.481906010987567,-0.504356137979967
"trellis",313,0.200641104144915,0.158357478535426,0.341425520856379
"trellis",314,0.921392231665069,1.48446341833091,0.883195730789393
"trellis",315,0.372300204040583,0.253519276294319,0.751938214565045
"trellis",316,0.200641104144915,0.158357478535426,0.341425520856379
"trellis",317,-0.493333779507192,-0.481906010987567,-0.504356137979967
"trellis",318,0.766693887578003,0.700473970324184,0.849834798875306
"trellis",319,0.766693887578003,0.700473970324184,0.849834798875306
"trellis",320,0.710522382939832,0.564029115491968,1.21285072297181
"trellis",321,0.873000373669667,1.36332108421381,1.23708726665371
"trellis",322,0.200641104144915,0.158357478535426,0.341425520856379
"trellis",323,0.200641104144915,0.158357478535426,0.341425520856379
"trellis",324,1.85650181049257,2.04745480700767,2.1411557585619
"trellis",325,-0.493333779507192,-0.481906010987567,-0.504356137979967
"trellis",326,1.32090496748505,1.74838945079816,1.3615794326323
"trellis",327,0.710522382939832,0.564029115491968,1.21285072297181
"trellis",328,0.200641104144915,0.158357478535426,0.341425520856379
"trellis",329,0.200641104144915,0.158357478535426,0.341425520856379
"trellis",330,-0.493333779507192,-0.481906010987567,-0.504356137979967
"trellis",331,0.200641104144915,0.158357478535426,0.341425520856379
"trellis",332,-0.493333779507192,-0.481906010987567,-0.504356137979967
"trellis",333,1.85650181049257,2.04745480700767,2.1411557585619
"trellis",334,0.809676350394187,1.35666757385717,0.944653757446177
"trellis",335,0.200641104144915,0.158357478535426,0.341425520856379
"trellis",336,0.200641104144915,0.158357478535426,0.341425520856379
"trellis",337,-0.0938421241155906,-0.115160594481009,-0.0358414779926052
"trellis",338,0.200641104144915,0.158357478535426,0.341425520856379
"trellis",339,0.101796910082895,0.0133423663178661,0.424365814006527
"trellis",340,-0.493333779507192,-0.481906010987567,-0.504356137979967
"trellis",341,0.200641104144915,0.158357478535426,0.341425520856379
"trellis",342,0.809676350394187,1.35666757385717,0.944653757446177
"trellis",343,0.200641104144915,0.158357478535426,0.341425520856379
"trellis",344,0.766693887578003,0.700473970324184,0.849834798875306
"trellis",345,1.34502168275787,1.7352764098471,1.61722727477479
"trellis",346,-0.493333779507192,-0.481906010987567,-0.504356137979967
"trellis",347,0.921392231665069,1.48446341833091,0.883195730789393
"trellis",348,-0.493333779507192,-0.481906010987567,-0.504356137979967
"trellis",349,1.22300670400649,1.01953212218267,1.65366794358871
"trellis",350,1.22300670400649,1.01953212218267,1.65366794358871
"trellis",351,0.766693887578003,0.700473970324184,0.849834798875306
"trellis",352,1.85650181049257,2.04745480700767,2.1411557585619
"trellis",353,0.766693887578003,0.700473970324184,0.849834798875306
"trellis",354,-0.0938421241155906,-0.115160594481009,-0.0358414779926052
"trellis",355,-0.993981421090427,-0.927789297882754,-1.05054033381753
"trellis",356,1.32090496748505,1.74838945079816,1.3615794326323
"trellis",357,0.766693887578003,0.700473970324184,0.849834798875306
"trellis",358,0.200641104144915,0.158357478535426,0.341425520856379
"trellis",359,0.200641104144915,0.158357478535426,0.341425520856379
"trellis",360,0.200641104144915,0.158357478535426,0.341425520856379
"trellis",361,-2.07249278747589,-3.19110481837467,-2.39376367119587
"trellis",362,1.85650181049257,2.04745480700767,2.1411557585619
"trellis",363,-0.493333779507192,-0.481906010987567,-0.504356137979967
"trellis",364,0.809676350394187,1.35666757385717,0.944653757446177
"trellis",365,0.200641104144915,0.158357478535426,0.341425520856379
"trellis",366,0.8354793764281,0.729697665828873,1.17303751005447
"trellis",367,-0.493333779507192,-0.481906010987567,-0.504356137979967
"trellis",368,-0.0938421241155906,-0.115160594481009,-0.0358414779926052
"trellis",369,0.200641104144915,0.158357478535426,0.341425520856379
"trellis",370,1.85650181049257,2.04745480700767,2.1411557585619
"trellis",371,0.200641104144915,0.158357478535426,0.341425520856379
"trellis",372,-0.493333779507192,-0.481906010987567,-0.504356137979967
"trellis",373,0.200641104144915,0.158357478535426,0.341425520856379
"trellis",374,1.32090496748505,1.74838945079816,1.3615794326323
"trellis",375,-0.493333779507192,-0.481906010987567,-0.504356137979967
"trellis",376,-0.493333779507192,-0.481906010987567,-0.504356137979967
"trellis",377,1.22300670400649,1.01953212218267,1.65366794358871
"trellis",378,1.34502168275787,1.7352764098471,1.61722727477479
"trellis",379,-0.493333779507192,-0.481906010987567,-0.504356137979967
"trellis",380,-0.0938421241155906,-0.115160594481009,-0.0358414779926052
"trellis",381,0.809676350394187,1.35666757385717,0.944653757446177
"trellis",382,0.200641104144915,0.158357478535426,0.341425520856379
"trellis",383,1.32090496748505,1.74838945079816,1.3615794326323
"trellis",384,0.710522382939832,0.564029115491968,1.21285072297181
"trellis",385,-0.493333779507192,-0.481906010987567,-0.504356137979967
"trellis",386,1.22300670400649,1.01953212218267,1.65366794358871
"trellis",387,-0.493333779507192,-0.481906010987567,-0.504356137979967
"trellis",388,0.710522382939832,0.564029115491968,1.21285072297181
"trellis",389,1.32090496748505,1.74838945079816,1.3615794326323
"trellis",390,-0.493333779507192,-0.481906010987567,-0.504356137979967
"trellis",391,1.34502168275787,1.7352764098471,1.61722727477479
"trellis",392,0.231253970175529,0.958982383700582,0.232449706128055
"trellis",393,1.34502168275787,1.7352764098471,1.61722727477479
"trellis",394,0.766693887578003,0.700473970324184,0.849834798875306
"trellis",395,0.766693887578003,0.700473970324184,0.849834798875306
"trellis",396,0.200641104144915,0.158357478535426,0.341425520856379
"trellis",397,-0.0938421241155906,-0.115160594481009,-0.0358414779926052
"trellis",398,-0.493333779507192,-0.481906010987567,-0.504356137979967
"trellis",399,0.200641104144915,0.158357478535426,0.341425520856379
"trellis",400,0.200641104144915,0.158357478535426,0.341425520856379
"trellis",401,0.200641104144915,0.158357478535426,0.341425520856379
"trellis",402,0.200641104144915,0.158357478535426,0.341425520856379
"trellis",403,-0.0938421241155906,-0.115160594481009,-0.0358414779926052
"trellis",404,-0.493333779507192,-0.481906010987567,-0.504356137979967
"trellis",405,0.200641104144915,0.158357478535426,0.341425520856379
"trellis",406,-0.0938421241155906,-0.115160594481009,-0.0358414779926052
"trellis",407,0.200641104144915,0.158357478535426,0.341425520856379
"trellis",408,1.32090496748505,1.74838945079816,1.3615794326323
"trellis",409,-0.493333779507192,-0.481906010987567,-0.504356137979967
"trellis",410,1.85650181049257,2.04745480700767,2.1411557585619
"trellis",411,0.466580996035065,1.11783398247183,0.507828722567526
"trellis",412,0.8354793764281,0.729697665828873,1.17303751005447
"trellis",413,0.200641104144915,0.158357478535426,0.341425520856379
"trellis",414,-0.0938421241155906,-0.115160594481009,-0.0358414779926052
"trellis",415,-0.493333779507192,-0.481906010987567,-0.504356137979967
"trellis",416,0.710522382939832,0.564029115491968,1.21285072297181
"trellis",417,-1.19976458692959,-2.29380169725618,-1.4132079972766
"trellis",418,0.200641104144915,0.158357478535426,0.341425520856379
"trellis",419,-1.67039577564305,-1.44755786456553,-2.26907698040604
"trellis",420,1.26447637837638,1.63392800287543,1.72630552658447
"trellis",421,-0.493333779507192,-0.481906010987567,-0.504356137979967
"trellis",422,0.101796910082895,0.0133423663178661,0.424365814006527
"trellis",423,0.766693887578003,0.700473970324184,0.849834798875306
"trellis",424,0.200641104144915,0.158357478535426,0.341425520856379
"trellis",425,0.200641104144915,0.158357478535426,0.341425520856379
"trellis",426,-0.0938421241155906,-0.115160594481009,-0.0358414779926052
"trellis",427,0.200641104144915,0.158357478535426,0.341425520856379
"trellis",428,-0.0938421241155906,-0.115160594481009,-0.0358414779926052
"trellis",429,0.809676350394187,1.35666757385717,0.944653757446177
"trellis",430,-0.493333779507192,-0.481906010987567,-0.504356137979967
"trellis",431,-0.0938421241155906,-0.115160594481009,-0.0358414779926052
"trellis",432,1.85650181049257,2.04745480700767,2.1411557585619
"trellis",433,-0.493333779507192,-0.481906010987567,-0.504356137979967
"trellis",434,0.174326848273761,0.170951111508751,0.0626892528858508
"trellis",435,1.26447637837638,1.63392800287543,1.72630552658447
"trellis",436,-0.0938421241155906,-0.115160594481009,-0.0358414779926052
"trellis",437,0.710522382939832,0.564029115491968,1.21285072297181
"trellis",438,-0.493333779507192,-0.481906010987567,-0.504356137979967
"trellis",439,-0.493333779507192,-0.481906010987567,-0.504356137979967
"trellis",440,0.710522382939832,0.564029115491968,1.21285072297181
"trellis",441,-0.493333779507192,-0.481906010987567,-0.504356137979967
"trellis",442,1.32090496748505,1.74838945079816,1.3615794326323
"trellis",443,0.200641104144915,0.158357478535426,0.341425520856379
"trellis",444,-1.64698502298797,-2.71816126435811,-1.98296703064394
"trellis",445,-0.493333779507192,-0.481906010987567,-0.504356137979967
"trellis",446,0.710522382939832,0.564029115491968,1.21285072297181
"trellis",447,0.766693887578003,0.700473970324184,0.849834798875306
"trellis",448,0.710522382939832,0.564029115491968,1.21285072297181
"trellis",449,-0.0938421241155906,-0.115160594481009,-0.0358414779926052
"trellis",450,0.809676350394187,1.35666757385717,0.944653757446177
"trellis",451,0.200641104144915,0.158357478535426,0.341425520856379
"trellis",452,-0.493333779507192,-0.481906010987567,-0.504356137979967
"trellis",453,0.710522382939832,0.564029115491968,1.21285072297181
"trellis",454,-1.67039577564305,-1.44755786456553,-2.26907698040604
"trellis",455,0.809676350394187,1.35666757385717,0.944653757446177
"trellis",456,-0.993981421090427,-0.927789297882754,-1.05054033381753
"trellis",457,0.200641104144915,0.158357478535426,0.341425520856379
"trellis",458,0.466580996035065,1.11783398247183,0.507828722567526
"trellis",459,-0.0938421241155906,-0.115160594481009,-0.0358414779926052
"trellis",460,-0.493333779507192,-0.481906010987567,-0.504356137979967
"trellis",461,0.200641104144915,0.158357478535426,0.341425520856379
"trellis",462,-0.493333779507192,-0.481906010987567,-0.504356137979967
"trellis",463,0.200641104144915,0.158357478535426,0.341425520856379
"trellis",464,-0.493333779507192,-0.481906010987567,-0.504356137979967
"trellis",465,0.921392231665069,1.48446341833091,0.883195730789393
"trellis",466,0.200641104144915,0.158357478535426,0.341425520856379
"trellis",467,-0.493333779507192,-0.481906010987567,-0.504356137979967
"trellis",468,0.200641104144915,0.158357478535426,0.341425520856379
"trellis",469,-0.0938421241155906,-0.115160594481009,-0.0358414779926052
"trellis",470,-0.493333779507192,-0.481906010987567,-0.504356137979967
"trellis",471,1.85650181049257,2.04745480700767,2.1411557585619
"trellis",472,-0.493333779507192,-0.481906010987567,-0.504356137979967
"trellis",473,0.766693887578003,0.700473970324184,0.849834798875306
"trellis",474,-0.493333779507192,-0.481906010987567,-0.504356137979967
"trellis",475,-0.493333779507192,-0.481906010987567,-0.504356137979967
"trellis",476,0.710522382939832,0.564029115491968,1.21285072297181
"trellis",477,-0.0938421241155906,-0.115160594481009,-0.0358414779926052
"trellis",478,0.710522382939832,0.564029115491968,1.21285072297181
"trellis",479,-0.993981421090427,-0.927789297882754,-1.05054033381753
"trellis",480,0.809676350394187,1.35666757385717,0.944653757446177
"trellis",481,0.766693887578003,0.700473970324184,0.849834798875306
"trellis",482,0.200641104144915,0.158357478535426,0.341425520856379
"trellis",483,0.766693887578003,0.700473970324184,0.849834798875306
"trellis",484,-0.493333779507192,-0.481906010987567,-0.504356137979967
"trellis",485,0.425418882244872,0.424934881840335,0.420758043836575
"trellis",486,0.766693887578003,0.700473970324184,0.849834798875306
"trellis",487,0.101796910082895,0.0133423663178661,0.424365814006527
"trellis",488,1.32090496748505,1.74838945079816,1.3615794326323
"trellis",489,0.710522382939832,0.564029115491968,1.21285072297181
"trellis",490,1.22300670400649,1.01953212218267,1.65366794358871
"trellis",491,-0.0938421241155906,-0.115160594481009,-0.0358414779926052
"trellis",492,-0.493333779507192,-0.481906010987567,-0.504356137979967
"trellis",493,0.766693887578003,0.700473970324184,0.849834798875306
"trellis",494,0.372300204040583,0.253519276294319,0.751938214565045
"trellis",495,-1.64698502298797,-2.71816126435811,-1.98296703064394
"trellis",496,0.200641104144915,0.158357478535426,0.341425520856379
"trellis",497,1.32090496748505,1.74838945079816,1.3615794326323
"trellis",498,0.766693887578003,0.700473970324184,0.849834798875306
"trellis",499,-0.493333779507192,-0.481906010987567,-0.504356137979967
"trellis",500,1.32090496748505,1.74838945079816,1.3615794326323
"trellis",501,-0.0938421241155906,-0.115160594481009,-0.0358414779926052
"trellis",502,0.200641104144915,0.158357478535426,0.341425520856379
"trellis",503,0.466580996035065,1.11783398247183,0.507828722567526
"trellis",504,-0.493333779507192,-0.481906010987567,-0.504356137979967
"trellis",505,0.200641104144915,0.158357478535426,0.341425520856379
"trellis",506,0.200641104144915,0.158357478535426,0.341425520856379
"trellis",507,-0.493333779507192,-0.481906010987567,-0.504356137979967
"trellis",508,0.766693887578003,0.700473970324184,0.849834798875306
"trellis",509,0.200641104144915,0.158357478535426,0.341425520856379
"triposr",0,0.200641104144915,0.158357478535426,0.341425520856379
"triposr",1,-0.493333779507192,-0.481906010987567,-0.504356137979967
"triposr",2,-1.09017430377077,-1.00407814580565,-1.42294613800186
"triposr",3,-0.0938421241155906,-0.115160594481009,-0.0358414779926052
"triposr",4,0.200641104144915,0.158357478535426,0.341425520856379
"triposr",5,-0.493333779507192,-0.481906010987567,-0.504356137979967
"triposr",6,-0.0938421241155906,-0.115160594481009,-0.0358414779926052
"triposr",7,-0.493333779507192,-0.481906010987567,-0.504356137979967
"triposr",8,-0.493333779507192,-0.481906010987567,-0.504356137979967
"triposr",9,-0.493333779507192,-0.481906010987567,-0.504356137979967
"triposr",10,-0.0938421241155906,-0.115160594481009,-0.0358414779926052
"triposr",11,-0.493333779507192,-0.481906010987567,-0.504356137979967
"triposr",12,1.32090496748505,1.74838945079816,1.3615794326323
"triposr",13,-0.493333779507192,-0.481906010987567,-0.504356137979967
"triposr",14,-0.493333779507192,-0.481906010987567,-0.504356137979967
"triposr",15,0.809676350394187,1.35666757385717,0.944653757446177
"triposr",16,0.200641104144915,0.158357478535426,0.341425520856379
"triposr",17,-0.493333779507192,-0.481906010987567,-0.504356137979967
"triposr",18,0.200641104144915,0.158357478535426,0.341425520856379
"triposr",19,-0.493333779507192,-0.481906010987567,-0.504356137979967
"triposr",20,-0.493333779507192,-0.481906010987567,-0.504356137979967
"triposr",21,0.200641104144915,0.158357478535426,0.341425520856379
"triposr",22,-0.493333779507192,-0.481906010987567,-0.504356137979967
"triposr",23,0.174326848273761,0.170951111508751,0.0626892528858508
"triposr",24,-0.993981421090427,-0.927789297882754,-1.05054033381753
"triposr",25,0.231253970175529,0.958982383700582,0.232449706128055
"triposr",26,-1.09017430377077,-1.00407814580565,-1.42294613800186
"triposr",27,-0.493333779507192,-0.481906010987567,-0.504356137979967
"triposr",28,-0.0938421241155906,-0.115160594481009,-0.0358414779926052
"triposr",29,-0.493333779507192,-0.481906010987567,-0.504356137979967
"triposr",30,0.466580996035065,1.11783398247183,0.507828722567526
"triposr",31,-0.493333779507192,-0.481906010987567,-0.504356137979967
"triposr",32,-0.493333779507192,-0.481906010987567,-0.504356137979967
"triposr",33,-0.493333779507192,-0.481906010987567,-0.504356137979967
"triposr",34,-1.09017430377077,-1.00407814580565,-1.42294613800186
"triposr",35,-0.493333779507192,-0.481906010987567,-0.504356137979967
"triposr",36,0.200641104144915,0.158357478535426,0.341425520856379
"triposr",37,0.231253970175529,0.958982383700582,0.232449706128055
"triposr",38,-0.0938421241155906,-0.115160594481009,-0.0358414779926052
"triposr",39,-0.493333779507192,-0.481906010987567,-0.504356137979967
"triposr",40,-0.493333779507192,-0.481906010987567,-0.504356137979967
"triposr",41,-0.493333779507192,-0.481906010987567,-0.504356137979967
"triposr",42,-0.993981421090427,-0.927789297882754,-1.05054033381753
"triposr",43,0.710522382939832,0.564029115491968,1.21285072297181
"triposr",44,-0.493333779507192,-0.481906010987567,-0.504356137979967
"triposr",45,-0.993981421090427,-0.927789297882754,-1.05054033381753
"triposr",46,-2.02927852949979,-3.0315307598835,-2.68664722522716
"triposr",47,-0.493333779507192,-0.481906010987567,-0.504356137979967
"triposr",48,0.809676350394187,1.35666757385717,0.944653757446177
"triposr",49,-0.0938421241155906,-0.115160594481009,-0.0358414779926052
"triposr",50,1.32090496748505,1.74838945079816,1.3615794326323
"triposr",51,-0.493333779507192,-0.481906010987567,-0.504356137979967
"triposr",52,-0.993981421090427,-0.927789297882754,-1.05054033381753
"triposr",53,1.32090496748505,1.74838945079816,1.3615794326323
"triposr",54,-0.493333779507192,-0.481906010987567,-0.504356137979967
"triposr",55,-0.993981421090427,-0.927789297882754,-1.05054033381753
"triposr",56,-0.993981421090427,-0.927789297882754,-1.05054033381753
"triposr",57,0.200641104144915,0.158357478535426,0.341425520856379
"triposr",58,-0.493333779507192,-0.481906010987567,-0.504356137979967
"triposr",59,-1.09017430377077,-1.00407814580565,-1.42294613800186
"triposr",60,-0.493333779507192,-0.481906010987567,-0.504356137979967
"triposr",61,-0.493333779507192,-0.481906010987567,-0.504356137979967
"triposr",62,-0.493333779507192,-0.481906010987567,-0.504356137979967
"triposr",63,-1.55249994713919,-1.51297466882473,-2.02013400687977
"triposr",64,-1.09017430377077,-1.00407814580565,-1.42294613800186
"triposr",65,0.174326848273761,0.170951111508751,0.0626892528858508
"triposr",66,-0.0938421241155906,-0.115160594481009,-0.0358414779926052
"triposr",67,-0.493333779507192,-0.481906010987567,-0.504356137979967
"triposr",68,-0.493333779507192,-0.481906010987567,-0.504356137979967
"triposr",69,0.873000373669667,1.36332108421381,1.23708726665371
"triposr",70,0.200641104144915,0.158357478535426,0.341425520856379
"triposr",71,1.32090496748505,1.74838945079816,1.3615794326323
"triposr",72,0.766693887578003,0.700473970324184,0.849834798875306
"triposr",73,-1.09017430377077,-1.00407814580565,-1.42294613800186
"triposr",74,-0.493333779507192,-0.481906010987567,-0.504356137979967
"triposr",75,0.200641104144915,0.158357478535426,0.341425520856379
"triposr",76,-0.493333779507192,-0.481906010987567,-0.504356137979967
"triposr",77,-0.493333779507192,-0.481906010987567,-0.504356137979967
"triposr",78,0.200641104144915,0.158357478535426,0.341425520856379
"triposr",79,-0.493333779507192,-0.481906010987567,-0.504356137979967
"triposr",80,-0.493333779507192,-0.481906010987567,-0.504356137979967
"triposr",81,0.174326848273761,0.170951111508751,0.0626892528858508
"triposr",82,-0.0938421241155906,-0.115160594481009,-0.0358414779926052
"triposr",83,0.809676350394187,1.35666757385717,0.944653757446177
"triposr",84,-0.493333779507192,-0.481906010987567,-0.504356137979967
"triposr",85,0.200641104144915,0.158357478535426,0.341425520856379
"triposr",86,0.466580996035065,1.11783398247183,0.507828722567526
"triposr",87,-0.493333779507192,-0.481906010987567,-0.504356137979967
"triposr",88,-0.493333779507192,-0.481906010987567,-0.504356137979967
"triposr",89,-1.99653439046252,-2.17155744757145,-2.51860488017543
"triposr",90,-0.493333779507192,-0.481906010987567,-0.504356137979967
"triposr",91,-0.493333779507192,-0.481906010987567,-0.504356137979967
"triposr",92,-0.493333779507192,-0.481906010987567,-0.504356137979967
"triposr",93,0.200641104144915,0.158357478535426,0.341425520856379
"triposr",94,0.466580996035065,1.11783398247183,0.507828722567526
"triposr",95,-0.493333779507192,-0.481906010987567,-0.504356137979967
"triposr",96,0.200641104144915,0.158357478535426,0.341425520856379
"triposr",97,0.231253970175529,0.958982383700582,0.232449706128055
"triposr",98,0.200641104144915,0.158357478535426,0.341425520856379
"triposr",99,-0.0938421241155906,-0.115160594481009,-0.0358414779926052
"triposr",100,0.466580996035065,1.11783398247183,0.507828722567526
"triposr",101,-0.493333779507192,-0.481906010987567,-0.504356137979967
"triposr",102,-0.0938421241155906,-0.115160594481009,-0.0358414779926052
"triposr",103,0.809676350394187,1.35666757385717,0.944653757446177
"triposr",104,0.921392231665069,1.48446341833091,0.883195730789393
"triposr",105,1.32090496748505,1.74838945079816,1.3615794326323
"triposr",106,0.799679470897076,1.37420759958963,0.679549520999093
"triposr",107,-0.493333779507192,-0.481906010987567,-0.504356137979967
"triposr",108,-0.0938421241155906,-0.115160594481009,-0.0358414779926052
"triposr",109,0.809676350394187,1.35666757385717,0.944653757446177
"triposr",110,-0.493333779507192,-0.481906010987567,-0.504356137979967
"triposr",111,-1.09017430377077,-1.00407814580565,-1.42294613800186
"triposr",112,0.466580996035065,1.11783398247183,0.507828722567526
"triposr",113,0.200641104144915,0.158357478535426,0.341425520856379
"triposr",114,-0.493333779507192,-0.481906010987567,-0.504356137979967
"triposr",115,-0.493333779507192,-0.481906010987567,-0.504356137979967
"triposr",116,0.200641104144915,0.158357478535426,0.341425520856379
"triposr",117,-1.55249994713919,-1.51297466882473,-2.02013400687977
"triposr",118,-0.493333779507192,-0.481906010987567,-0.504356137979967
"triposr",119,-1.09017430377077,-1.00407814580565,-1.42294613800186
"triposr",120,-0.493333779507192,-0.481906010987567,-0.504356137979967
"triposr",121,-0.993981421090427,-0.927789297882754,-1.05054033381753
"triposr",122,-0.993981421090427,-0.927789297882754,-1.05054033381753
"triposr",123,0.200641104144915,0.158357478535426,0.341425520856379
"triposr",124,-0.493333779507192,-0.481906010987567,-0.504356137979967
"triposr",125,-0.993981421090427,-0.927789297882754,-1.05054033381753
"triposr",126,1.32090496748505,1.74838945079816,1.3615794326323
"triposr",127,-0.493333779507192,-0.481906010987567,-0.504356137979967
"triposr",128,-0.493333779507192,-0.481906010987567,-0.504356137979967
"triposr",129,-0.493333779507192,-0.481906010987567,-0.504356137979967
"triposr",130,-0.493333779507192,-0.481906010987567,-0.504356137979967
"triposr",131,-1.99653439046252,-2.17155744757145,-2.51860488017543
"triposr",132,-0.493333779507192,-0.481906010987567,-0.504356137979967
"triposr",133,-0.493333779507192,-0.481906010987567,-0.504356137979967
"triposr",134,-0.493333779507192,-0.481906010987567,-0.504356137979967
"triposr",135,-0.993981421090427,-0.927789297882754,-1.05054033381753
"triposr",136,-0.493333779507192,-0.481906010987567,-0.504356137979967
"triposr",137,-0.493333779507192,-0.481906010987567,-0.504356137979967
"triposr",138,0.200641104144915,0.158357478535426,0.341425520856379
"triposr",139,0.231253970175529,0.958982383700582,0.232449706128055
"triposr",140,-0.993981421090427,-0.927789297882754,-1.05054033381753
"triposr",141,-0.493333779507192,-0.481906010987567,-0.504356137979967
"triposr",142,0.200641104144915,0.158357478535426,0.341425520856379
"triposr",143,-1.09017430377077,-1.00407814580565,-1.42294613800186
"triposr",144,-0.493333779507192,-0.481906010987567,-0.504356137979967
"triposr",145,-0.493333779507192,-0.481906010987567,-0.504356137979967
"triposr",146,-0.993981421090427,-0.927789297882754,-1.05054033381753
"triposr",147,-0.993981421090427,-0.927789297882754,-1.05054033381753
"triposr",148,0.425418882244872,0.424934881840335,0.420758043836575
"triposr",149,-0.493333779507192,-0.481906010987567,-0.504356137979967
"triposr",150,0.710522382939832,0.564029115491968,1.21285072297181
"triposr",151,-0.493333779507192,-0.481906010987567,-0.504356137979967
"triposr",152,-0.493333779507192,-0.481906010987567,-0.504356137979967
"triposr",153,-0.493333779507192,-0.481906010987567,-0.504356137979967
"triposr",154,-0.493333779507192,-0.481906010987567,-0.504356137979967
"triposr",155,-0.493333779507192,-0.481906010987567,-0.504356137979967
"triposr",156,-0.493333779507192,-0.481906010987567,-0.504356137979967
"triposr",157,-0.493333779507192,-0.481906010987567,-0.504356137979967
"triposr",158,-0.493333779507192,-0.481906010987567,-0.504356137979967
"triposr",159,0.101796910082895,0.0133423663178661,0.424365814006527
"triposr",160,-0.493333779507192,-0.481906010987567,-0.504356137979967
"triposr",161,-0.493333779507192,-0.481906010987567,-0.504356137979967
"triposr",162,-0.493333779507192,-0.481906010987567,-0.504356137979967
"triposr",163,-0.493333779507192,-0.481906010987567,-0.504356137979967
"triposr",164,-0.993981421090427,-0.927789297882754,-1.05054033381753
"triposr",165,-0.493333779507192,-0.481906010987567,-0.504356137979967
"triposr",166,-0.0938421241155906,-0.115160594481009,-0.0358414779926052
"triposr",167,-1.55249994713919,-1.51297466882473,-2.02013400687977
"triposr",168,-0.493333779507192,-0.481906010987567,-0.504356137979967
"triposr",169,0.425418882244872,0.424934881840335,0.420758043836575
"triposr",170,0.710522382939832,0.564029115491968,1.21285072297181
"triposr",171,-0.0938421241155906,-0.115160594481009,-0.0358414779926052
"triposr",172,-0.493333779507192,-0.481906010987567,-0.504356137979967
"triposr",173,-1.55249994713919,-1.51297466882473,-2.02013400687977
"triposr",174,-0.493333779507192,-0.481906010987567,-0.504356137979967
"triposr",175,-0.493333779507192,-0.481906010987567,-0.504356137979967
"triposr",176,-0.993981421090427,-0.927789297882754,-1.05054033381753
"triposr",177,-0.0938421241155906,-0.115160594481009,-0.0358414779926052
"triposr",178,0.200641104144915,0.158357478535426,0.341425520856379
"triposr",179,-0.493333779507192,-0.481906010987567,-0.504356137979967
"triposr",180,0.200641104144915,0.158357478535426,0.341425520856379
"triposr",181,-0.493333779507192,-0.481906010987567,-0.504356137979967
"triposr",182,-0.493333779507192,-0.481906010987567,-0.504356137979967
"triposr",183,-0.493333779507192,-0.481906010987567,-0.504356137979967
"triposr",184,-0.493333779507192,-0.481906010987567,-0.504356137979967
"triposr",185,-0.493333779507192,-0.481906010987567,-0.504356137979967
"triposr",186,-0.493333779507192,-0.481906010987567,-0.504356137979967
"triposr",187,-0.993981421090427,-0.927789297882754,-1.05054033381753
"triposr",188,-0.493333779507192,-0.481906010987567,-0.504356137979967
"triposr",189,-0.493333779507192,-0.481906010987567,-0.504356137979967
"triposr",190,0.101796910082895,0.0133423663178661,0.424365814006527
"triposr",191,-0.493333779507192,-0.481906010987567,-0.504356137979967
"triposr",192,-1.55249994713919,-1.51297466882473,-2.02013400687977
"triposr",193,-0.493333779507192,-0.481906010987567,-0.504356137979967
"triposr",194,0.809676350394187,1.35666757385717,0.944653757446177
"triposr",195,-0.0938421241155906,-0.115160594481009,-0.0358414779926052
"triposr",196,1.32090496748505,1.74838945079816,1.3615794326323
"triposr",197,-0.493333779507192,-0.481906010987567,-0.504356137979967
"triposr",198,-0.493333779507192,-0.481906010987567,-0.504356137979967
"triposr",199,0.200641104144915,0.158357478535426,0.341425520856379
"triposr",200,-0.493333779507192,-0.481906010987567,-0.504356137979967
"triposr",201,-0.493333779507192,-0.481906010987567,-0.504356137979967
"triposr",202,-0.493333779507192,-0.481906010987567,-0.504356137979967
"triposr",203,-0.493333779507192,-0.481906010987567,-0.504356137979967
"triposr",204,-0.0938421241155906,-0.115160594481009,-0.0358414779926052
"triposr",205,-0.493333779507192,-0.481906010987567,-0.504356137979967
"triposr",206,-1.21235200170498,-0.975511751111501,-1.45034506146193
"triposr",207,-0.0938421241155906,-0.115160594481009,-0.0358414779926052
"triposr",208,-0.493333779507192,-0.481906010987567,-0.504356137979967
"triposr",209,-0.0938421241155906,-0.115160594481009,-0.0358414779926052
"triposr",210,-0.493333779507192,-0.481906010987567,-0.504356137979967
"triposr",211,0.372300204040583,0.253519276294319,0.751938214565045
"triposr",212,-0.493333779507192,-0.481906010987567,-0.504356137979967
"triposr",213,0.200641104144915,0.158357478535426,0.341425520856379
"triposr",214,-0.493333779507192,-0.481906010987567,-0.504356137979967
"triposr",215,0.200641104144915,0.158357478535426,0.341425520856379
"triposr",216,0.200641104144915,0.158357478535426,0.341425520856379
"triposr",217,-0.993981421090427,-0.927789297882754,-1.05054033381753
"triposr",218,0.809676350394187,1.35666757385717,0.944653757446177
"triposr",219,0.174326848273761,0.170951111508751,0.0626892528858508
"triposr",220,-0.0938421241155906,-0.115160594481009,-0.0358414779926052
"triposr",221,-1.55249994713919,-1.51297466882473,-2.02013400687977
"triposr",222,-0.493333779507192,-0.481906010987567,-0.504356137979967
"triposr",223,-0.493333779507192,-0.481906010987567,-0.504356137979967
"triposr",224,-0.0938421241155906,-0.115160594481009,-0.0358414779926052
"triposr",225,-0.993981421090427,-0.927789297882754,-1.05054033381753
"triposr",226,-0.493333779507192,-0.481906010987567,-0.504356137979967
"triposr",227,-0.493333779507192,-0.481906010987567,-0.504356137979967
"triposr",228,0.174326848273761,0.170951111508751,0.0626892528858508
"triposr",229,-0.993981421090427,-0.927789297882754,-1.05054033381753
"triposr",230,0.809676350394187,1.35666757385717,0.944653757446177
"triposr",231,-0.493333779507192,-0.481906010987567,-0.504356137979967
"triposr",232,-0.493333779507192,-0.481906010987567,-0.504356137979967
"triposr",233,-2.03344664080849,-1.9179427040506,-2.80255925626918
"triposr",234,-0.493333779507192,-0.481906010987567,-0.504356137979967
"triposr",235,-0.493333779507192,-0.481906010987567,-0.504356137979967
"triposr",236,-0.493333779507192,-0.481906010987567,-0.504356137979967
"triposr",237,0.200641104144915,0.158357478535426,0.341425520856379
"triposr",238,0.466580996035065,1.11783398247183,0.507828722567526
"triposr",239,0.809676350394187,1.35666757385717,0.944653757446177
"triposr",240,0.921392231665069,1.48446341833091,0.883195730789393
"triposr",241,-0.493333779507192,-0.481906010987567,-0.504356137979967
"triposr",242,-1.09017430377077,-1.00407814580565,-1.42294613800186
"triposr",243,-0.493333779507192,-0.481906010987567,-0.504356137979967
"triposr",244,-1.62573889192661,-1.69921928218512,-1.96075517310513
"triposr",245,-0.493333779507192,-0.481906010987567,-0.504356137979967
"triposr",246,-0.493333779507192,-0.481906010987567,-0.504356137979967
"triposr",247,0.200641104144915,0.158357478535426,0.341425520856379
"triposr",248,-0.493333779507192,-0.481906010987567,-0.504356137979967
"triposr",249,-0.0938421241155906,-0.115160594481009,-0.0358414779926052
"triposr",250,1.85650181049257,2.04745480700767,2.1411557585619
"triposr",251,-0.493333779507192,-0.481906010987567,-0.504356137979967
"triposr",252,-0.493333779507192,-0.481906010987567,-0.504356137979967
"triposr",253,0.809676350394187,1.35666757385717,0.944653757446177
"triposr",254,1.32090496748505,1.74838945079816,1.3615794326323
"triposr",255,-0.0938421241155906,-0.115160594481009,-0.0358414779926052
"triposr",256,-0.993981421090427,-0.927789297882754,-1.05054033381753
"triposr",257,0.921392231665069,1.48446341833091,0.883195730789393
"triposr",258,1.32090496748505,1.74838945079816,1.3615794326323
"triposr",259,1.32090496748505,1.74838945079816,1.3615794326323
"triposr",260,-0.493333779507192,-0.481906010987567,-0.504356137979967
"triposr",261,0.200641104144915,0.158357478535426,0.341425520856379
"triposr",262,0.809676350394187,1.35666757385717,0.944653757446177
"triposr",263,-0.493333779507192,-0.481906010987567,-0.504356137979967
"triposr",264,0.231253970175529,0.958982383700582,0.232449706128055
"triposr",265,1.32090496748505,1.74838945079816,1.3615794326323
"triposr",266,-0.493333779507192,-0.481906010987567,-0.504356137979967
"triposr",267,-0.493333779507192,-0.481906010987567,-0.504356137979967
"triposr",268,-0.493333779507192,-0.481906010987567,-0.504356137979967
"triposr",269,-0.493333779507192,-0.481906010987567,-0.504356137979967
"triposr",270,-0.493333779507192,-0.481906010987567,-0.504356137979967
"triposr",271,-0.493333779507192,-0.481906010987567,-0.504356137979967
"triposr",272,-0.0938421241155906,-0.115160594481009,-0.0358414779926052
"triposr",273,0.231253970175529,0.958982383700582,0.232449706128055
"triposr",274,0.766693887578003,0.700473970324184,0.849834798875306
"triposr",275,1.32090496748505,1.74838945079816,1.3615794326323
"triposr",276,-0.493333779507192,-0.481906010987567,-0.504356137979967
"triposr",277,-0.0938421241155906,-0.115160594481009,-0.0358414779926052
"triposr",278,-0.993981421090427,-0.927789297882754,-1.05054033381753
"triposr",279,0.200641104144915,0.158357478535426,0.341425520856379
"triposr",280,-0.493333779507192,-0.481906010987567,-0.504356137979967
"triposr",281,-0.493333779507192,-0.481906010987567,-0.504356137979967
"triposr",282,-0.493333779507192,-0.481906010987567,-0.504356137979967
"triposr",283,0.809676350394187,1.35666757385717,0.944653757446177
"triposr",284,0.809676350394187,1.35666757385717,0.944653757446177
"triposr",285,-0.493333779507192,-0.481906010987567,-0.504356137979967
"triposr",286,-0.493333779507192,-0.481906010987567,-0.504356137979967
"triposr",287,-1.55249994713919,-1.51297466882473,-2.02013400687977
"triposr",288,0.200641104144915,0.158357478535426,0.341425520856379
"triposr",289,0.200641104144915,0.158357478535426,0.341425520856379
"triposr",290,-0.493333779507192,-0.481906010987567,-0.504356137979967
"triposr",291,-0.493333779507192,-0.481906010987567,-0.504356137979967
"triposr",292,-0.493333779507192,-0.481906010987567,-0.504356137979967
"triposr",293,0.200641104144915,0.158357478535426,0.341425520856379
"triposr",294,-0.493333779507192,-0.481906010987567,-0.504356137979967
"triposr",295,0.425418882244872,0.424934881840335,0.420758043836575
"triposr",296,-0.493333779507192,-0.481906010987567,-0.504356137979967
"triposr",297,0.200641104144915,0.158357478535426,0.341425520856379
"triposr",298,-0.0938421241155906,-0.115160594481009,-0.0358414779926052
"triposr",299,-0.493333779507192,-0.481906010987567,-0.504356137979967
"triposr",300,-0.993981421090427,-0.927789297882754,-1.05054033381753
"triposr",301,0.809676350394187,1.35666757385717,0.944653757446177
"triposr",302,-0.493333779507192,-0.481906010987567,-0.504356137979967
"triposr",303,-0.493333779507192,-0.481906010987567,-0.504356137979967
"triposr",304,0.921392231665069,1.48446341833091,0.883195730789393
"triposr",305,-0.493333779507192,-0.481906010987567,-0.504356137979967
"triposr",306,-0.493333779507192,-0.481906010987567,-0.504356137979967
"triposr",307,-0.493333779507192,-0.481906010987567,-0.504356137979967
"triposr",308,1.85650181049257,2.04745480700767,2.1411557585619
"triposr",309,-0.0938421241155906,-0.115160594481009,-0.0358414779926052
"triposr",310,-0.0938421241155906,-0.115160594481009,-0.0358414779926052
"triposr",311,0.200641104144915,0.158357478535426,0.341425520856379
"triposr",312,0.809676350394187,1.35666757385717,0.944653757446177
"triposr",313,0.200641104144915,0.158357478535426,0.341425520856379
"triposr",314,0.200641104144915,0.158357478535426,0.341425520856379
"triposr",315,-0.493333779507192,-0.481906010987567,-0.504356137979967
"triposr",316,-0.493333779507192,-0.481906010987567,-0.504356137979967
"triposr",317,-0.993981421090427,-0.927789297882754,-1.05054033381753
"triposr",318,1.85650181049257,2.04745480700767,2.1411557585619
"triposr",319,0.766693887578003,0.700473970324184,0.849834798875306
"triposr",320,-0.493333779507192,-0.481906010987567,-0.504356137979967
"triposr",321,-0.493333779507192,-0.481906010987567,-0.504356137979967
"triposr",322,0.809676350394187,1.35666757385717,0.944653757446177
"triposr",323,0.200641104144915,0.158357478535426,0.341425520856379
"triposr",324,0.200641104144915,0.158357478535426,0.341425520856379
"triposr",325,0.710522382939832,0.564029115491968,1.21285072297181
"triposr",326,-0.0938421241155906,-0.115160594481009,-0.0358414779926052
"triposr",327,0.200641104144915,0.158357478535426,0.341425520856379
"triposr",328,1.32090496748505,1.74838945079816,1.3615794326323
"triposr",329,-0.0938421241155906,-0.115160594481009,-0.0358414779926052
"triposr",330,-1.09017430377077,-1.00407814580565,-1.42294613800186
"triposr",331,0.372300204040583,0.253519276294319,0.751938214565045
"triposr",332,-0.493333779507192,-0.481906010987567,-0.504356137979967
"triposr",333,0.200641104144915,0.158357478535426,0.341425520856379
"triposr",334,0.200641104144915,0.158357478535426,0.341425520856379
"triposr",335,-0.493333779507192,-0.481906010987567,-0.504356137979967
"triposr",336,-0.493333779507192,-0.481906010987567,-0.504356137979967
"triposr",337,0.231253970175529,0.958982383700582,0.232449706128055
"triposr",338,-0.493333779507192,-0.481906010987567,-0.504356137979967
"triposr",339,-0.493333779507192,-0.481906010987567,-0.504356137979967
"triposr",340,-0.493333779507192,-0.481906010987567,-0.504356137979967
"triposr",341,-1.09017430377077,-1.00407814580565,-1.42294613800186
"triposr",342,0.809676350394187,1.35666757385717,0.944653757446177
"triposr",343,0.200641104144915,0.158357478535426,0.341425520856379
"triposr",344,-0.0938421241155906,-0.115160594481009,-0.0358414779926052
"triposr",345,-0.493333779507192,-0.481906010987567,-0.504356137979967
"triposr",346,1.32090496748505,1.74838945079816,1.3615794326323
"triposr",347,-0.0938421241155906,-0.115160594481009,-0.0358414779926052
"triposr",348,0.809676350394187,1.35666757385717,0.944653757446177
"triposr",349,-1.55249994713919,-1.51297466882473,-2.02013400687977
"triposr",350,-0.493333779507192,-0.481906010987567,-0.504356137979967
"triposr",351,-0.493333779507192,-0.481906010987567,-0.504356137979967
"triposr",352,-0.493333779507192,-0.481906010987567,-0.504356137979967
"triposr",353,-0.493333779507192,-0.481906010987567,-0.504356137979967
"triposr",354,-0.493333779507192,-0.481906010987567,-0.504356137979967
"triposr",355,0.466580996035065,1.11783398247183,0.507828722567526
"triposr",356,0.200641104144915,0.158357478535426,0.341425520856379
"triposr",357,-0.0938421241155906,-0.115160594481009,-0.0358414779926052
"triposr",358,0.200641104144915,0.158357478535426,0.341425520856379
"triposr",359,-0.493333779507192,-0.481906010987567,-0.504356137979967
"triposr",360,-0.493333779507192,-0.481906010987567,-0.504356137979967
"triposr",361,-0.493333779507192,-0.481906010987567,-0.504356137979967
"triposr",362,0.200641104144915,0.158357478535426,0.341425520856379
"triposr",363,-0.993981421090427,-0.927789297882754,-1.05054033381753
"triposr",364,-0.0938421241155906,-0.115160594481009,-0.0358414779926052
"triposr",365,-0.493333779507192,-0.481906010987567,-0.504356137979967
"triposr",366,0.766693887578003,0.700473970324184,0.849834798875306
"triposr",367,-0.493333779507192,-0.481906010987567,-0.504356137979967
"triposr",368,-0.0938421241155906,-0.115160594481009,-0.0358414779926052
"triposr",369,-0.493333779507192,-0.481906010987567,-0.504356137979967
"triposr",370,0.809676350394187,1.35666757385717,0.944653757446177
"triposr",371,-1.55249994713919,-1.51297466882473,-2.02013400687977
"triposr",372,0.200641104144915,0.158357478535426,0.341425520856379
"triposr",373,1.32090496748505,1.74838945079816,1.3615794326323
"triposr",374,-0.993981421090427,-0.927789297882754,-1.05054033381753
"triposr",375,0.200641104144915,0.158357478535426,0.341425520856379
"triposr",376,-0.493333779507192,-0.481906010987567,-0.504356137979967
"triposr",377,0.766693887578003,0.700473970324184,0.849834798875306
"triposr",378,-0.493333779507192,-0.481906010987567,-0.504356137979967
"triposr",379,-0.493333779507192,-0.481906010987567,-0.504356137979967
"triposr",380,0.766693887578003,0.700473970324184,0.849834798875306
"triposr",381,0.200641104144915,0.158357478535426,0.341425520856379
"triposr",382,0.200641104144915,0.158357478535426,0.341425520856379
"triposr",383,-0.0938421241155906,-0.115160594481009,-0.0358414779926052
"triposr",384,0.174326848273761,0.170951111508751,0.0626892528858508
"triposr",385,0.200641104144915,0.158357478535426,0.341425520856379
"triposr",386,-0.493333779507192,-0.481906010987567,-0.504356137979967
"triposr",387,-0.493333779507192,-0.481906010987567,-0.504356137979967
"triposr",388,0.809676350394187,1.35666757385717,0.944653757446177
"triposr",389,0.809676350394187,1.35666757385717,0.944653757446177
"triposr",390,0.174326848273761,0.170951111508751,0.0626892528858508
"triposr",391,0.200641104144915,0.158357478535426,0.341425520856379
"triposr",392,-0.493333779507192,-0.481906010987567,-0.504356137979967
"triposr",393,0.200641104144915,0.158357478535426,0.341425520856379
"triposr",394,1.85650181049257,2.04745480700767,2.1411557585619
"triposr",395,-0.0938421241155906,-0.115160594481009,-0.0358414779926052
"triposr",396,0.174326848273761,0.170951111508751,0.0626892528858508
"triposr",397,-0.493333779507192,-0.481906010987567,-0.504356137979967
"triposr",398,0.200641104144915,0.158357478535426,0.341425520856379
"triposr",399,-0.0938421241155906,-0.115160594481009,-0.0358414779926052
"triposr",400,-0.493333779507192,-0.481906010987567,-0.504356137979967
"triposr",401,0.200641104144915,0.158357478535426,0.341425520856379
"triposr",402,-0.493333779507192,-0.481906010987567,-0.504356137979967
"triposr",403,1.32090496748505,1.74838945079816,1.3615794326323
"triposr",404,-0.493333779507192,-0.481906010987567,-0.504356137979967
"triposr",405,-0.0938421241155906,-0.115160594481009,-0.0358414779926052
"triposr",406,-0.0938421241155906,-0.115160594481009,-0.0358414779926052
"triposr",407,-0.0938421241155906,-0.115160594481009,-0.0358414779926052
"triposr",408,-0.493333779507192,-0.481906010987567,-0.504356137979967
"triposr",409,0.200641104144915,0.158357478535426,0.341425520856379
"triposr",410,0.809676350394187,1.35666757385717,0.944653757446177
"triposr",411,0.466580996035065,1.11783398247183,0.507828722567526
"triposr",412,0.921392231665069,1.48446341833091,0.883195730789393
"triposr",413,-0.0938421241155906,-0.115160594481009,-0.0358414779926052
"triposr",414,-1.55249994713919,-1.51297466882473,-2.02013400687977
"triposr",415,-0.493333779507192,-0.481906010987567,-0.504356137979967
"triposr",416,-0.0938421241155906,-0.115160594481009,-0.0358414779926052
"triposr",417,-1.09017430377077,-1.00407814580565,-1.42294613800186
"triposr",418,-0.0938421241155906,-0.115160594481009,-0.0358414779926052
"triposr",419,0.200641104144915,0.158357478535426,0.341425520856379
"triposr",420,0.200641104144915,0.158357478535426,0.341425520856379
"triposr",421,-0.493333779507192,-0.481906010987567,-0.504356137979967
"triposr",422,-0.0938421241155906,-0.115160594481009,-0.0358414779926052
"triposr",423,-0.993981421090427,-0.927789297882754,-1.05054033381753
"triposr",424,-0.493333779507192,-0.481906010987567,-0.504356137979967
"triposr",425,-0.493333779507192,-0.481906010987567,-0.504356137979967
"triposr",426,-2.03344664080849,-1.9179427040506,-2.80255925626918
"triposr",427,0.200641104144915,0.158357478535426,0.341425520856379
"triposr",428,-0.493333779507192,-0.481906010987567,-0.504356137979967
"triposr",429,-0.493333779507192,-0.481906010987567,-0.504356137979967
"triposr",430,-0.493333779507192,-0.481906010987567,-0.504356137979967
"triposr",431,0.200641104144915,0.158357478535426,0.341425520856379
"triposr",432,0.809676350394187,1.35666757385717,0.944653757446177
"triposr",433,0.200641104144915,0.158357478535426,0.341425520856379
"triposr",434,-0.493333779507192,-0.481906010987567,-0.504356137979967
"triposr",435,1.26447637837638,1.63392800287543,1.72630552658447
"triposr",436,-0.493333779507192,-0.481906010987567,-0.504356137979967
"triposr",437,-0.493333779507192,-0.481906010987567,-0.504356137979967
"triposr",438,-0.493333779507192,-0.481906010987567,-0.504356137979967
"triposr",439,-0.0938421241155906,-0.115160594481009,-0.0358414779926052
"triposr",440,-0.493333779507192,-0.481906010987567,-0.504356137979967
"triposr",441,-0.0938421241155906,-0.115160594481009,-0.0358414779926052
"triposr",442,-0.493333779507192,-0.481906010987567,-0.504356137979967
"triposr",443,0.809676350394187,1.35666757385717,0.944653757446177
"triposr",444,-0.493333779507192,-0.481906010987567,-0.504356137979967
"triposr",445,-0.993981421090427,-0.927789297882754,-1.05054033381753
"triposr",446,0.200641104144915,0.158357478535426,0.341425520856379
"triposr",447,0.200641104144915,0.158357478535426,0.341425520856379
"triposr",448,0.200641104144915,0.158357478535426,0.341425520856379
"triposr",449,-1.14790003375676,-1.19026977963944,-1.08578344177583
"triposr",450,-0.493333779507192,-0.481906010987567,-0.504356137979967
"triposr",451,-0.493333779507192,-0.481906010987567,-0.504356137979967
"triposr",452,0.200641104144915,0.158357478535426,0.341425520856379
"triposr",453,-0.0938421241155906,-0.115160594481009,-0.0358414779926052
"triposr",454,0.200641104144915,0.158357478535426,0.341425520856379
"triposr",455,-0.493333779507192,-0.481906010987567,-0.504356137979967
"triposr",456,0.200641104144915,0.158357478535426,0.341425520856379
"triposr",457,-0.493333779507192,-0.481906010987567,-0.504356137979967
"triposr",458,0.809676350394187,1.35666757385717,0.944653757446177
"triposr",459,0.809676350394187,1.35666757385717,0.944653757446177
"triposr",460,-0.0938421241155906,-0.115160594481009,-0.0358414779926052
"triposr",461,-0.493333779507192,-0.481906010987567,-0.504356137979967
"triposr",462,0.466580996035065,1.11783398247183,0.507828722567526
"triposr",463,0.231253970175529,0.958982383700582,0.232449706128055
"triposr",464,-0.493333779507192,-0.481906010987567,-0.504356137979967
"triposr",465,0.809676350394187,1.35666757385717,0.944653757446177
"triposr",466,0.231253970175529,0.958982383700582,0.232449706128055
"triposr",467,-0.993981421090427,-0.927789297882754,-1.05054033381753
"triposr",468,0.766693887578003,0.700473970324184,0.849834798875306
"triposr",469,-0.493333779507192,-0.481906010987567,-0.504356137979967
"triposr",470,-0.993981421090427,-0.927789297882754,-1.05054033381753
"triposr",471,-0.493333779507192,-0.481906010987567,-0.504356137979967
"triposr",472,0.174326848273761,0.170951111508751,0.0626892528858508
"triposr",473,0.809676350394187,1.35666757385717,0.944653757446177
"triposr",474,-0.493333779507192,-0.481906010987567,-0.504356137979967
"triposr",475,-1.09017430377077,-1.00407814580565,-1.42294613800186
"triposr",476,-0.493333779507192,-0.481906010987567,-0.504356137979967
"triposr",477,0.200641104144915,0.158357478535426,0.341425520856379
"triposr",478,1.32090496748505,1.74838945079816,1.3615794326323
"triposr",479,-1.55249994713919,-1.51297466882473,-2.02013400687977
"triposr",480,1.32090496748505,1.74838945079816,1.3615794326323
"triposr",481,-0.993981421090427,-0.927789297882754,-1.05054033381753
"triposr",482,0.174326848273761,0.170951111508751,0.0626892528858508
"triposr",483,-0.493333779507192,-0.481906010987567,-0.504356137979967
"triposr",484,-0.0938421241155906,-0.115160594481009,-0.0358414779926052
"triposr",485,-0.493333779507192,-0.481906010987567,-0.504356137979967
"triposr",486,-0.493333779507192,-0.481906010987567,-0.504356137979967
"triposr",487,-0.493333779507192,-0.481906010987567,-0.504356137979967
"triposr",488,1.32090496748505,1.74838945079816,1.3615794326323
"triposr",489,-0.493333779507192,-0.481906010987567,-0.504356137979967
"triposr",490,1.32090496748505,1.74838945079816,1.3615794326323
"triposr",491,-0.493333779507192,-0.481906010987567,-0.504356137979967
"triposr",492,0.200641104144915,0.158357478535426,0.341425520856379
"triposr",493,-0.493333779507192,-0.481906010987567,-0.504356137979967
"triposr",494,0.809676350394187,1.35666757385717,0.944653757446177
"triposr",495,0.921392231665069,1.48446341833091,0.883195730789393
"triposr",496,-0.493333779507192,-0.481906010987567,-0.504356137979967
"triposr",497,-0.0938421241155906,-0.115160594481009,-0.0358414779926052
"triposr",498,0.200641104144915,0.158357478535426,0.341425520856379
"triposr",499,-0.493333779507192,-0.481906010987567,-0.504356137979967
"triposr",500,-0.493333779507192,-0.481906010987567,-0.504356137979967
"triposr",501,-0.493333779507192,-0.481906010987567,-0.504356137979967
"triposr",502,-0.0938421241155906,-0.115160594481009,-0.0358414779926052
"triposr",503,-0.0938421241155906,-0.115160594481009,-0.0358414779926052
"triposr",504,0.710522382939832,0.564029115491968,1.21285072297181
"triposr",505,-0.493333779507192,-0.481906010987567,-0.504356137979967
"triposr",506,-0.493333779507192,-0.481906010987567,-0.504356137979967
"triposr",507,-0.493333779507192,-0.481906010987567,-0.504356137979967
"triposr",508,-0.0938421241155906,-0.115160594481009,-0.0358414779926052
"triposr",509,0.231253970175529,0.958982383700582,0.232449706128055
"unique3d",0,0.809676350394187,1.35666757385717,0.944653757446177
"unique3d",1,-1.14790003375676,-1.19026977963944,-1.08578344177583
"unique3d",2,-1.60528054238301,-1.70869634285755,-1.70238504543131
"unique3d",3,-0.493333779507192,-0.481906010987567,-0.504356137979967
"unique3d",4,0.231253970175529,0.958982383700582,0.232449706128055
"unique3d",5,-0.993981421090427,-0.927789297882754,-1.05054033381753
"unique3d",6,-1.14790003375676,-1.19026977963944,-1.08578344177583
"unique3d",7,-0.493333779507192,-0.481906010987567,-0.504356137979967
"unique3d",8,0.809676350394187,1.35666757385717,0.944653757446177
"unique3d",9,-0.993981421090427,-0.927789297882754,-1.05054033381753
"unique3d",10,-0.493333779507192,-0.481906010987567,-0.504356137979967
"unique3d",11,-1.14790003375676,-1.19026977963944,-1.08578344177583
"unique3d",12,1.32090496748505,1.74838945079816,1.3615794326323
"unique3d",13,-0.493333779507192,-0.481906010987567,-0.504356137979967
"unique3d",14,-0.493333779507192,-0.481906010987567,-0.504356137979967
"unique3d",15,0.200641104144915,0.158357478535426,0.341425520856379
"unique3d",16,-1.65351711486128,-1.48349542002025,-2.04503308920221
"unique3d",17,0.809676350394187,1.35666757385717,0.944653757446177
"unique3d",18,-1.99653439046252,-2.17155744757145,-2.51860488017543
"unique3d",19,0.766693887578003,0.700473970324184,0.849834798875306
"unique3d",20,-0.493333779507192,-0.481906010987567,-0.504356137979967
"unique3d",21,-0.576243288564861,-0.62319222753156,-0.125885597296514
"unique3d",22,-2.83465197788459,-3.62388252889077,-3.6245318954976
"unique3d",23,0.200641104144915,0.158357478535426,0.341425520856379
"unique3d",24,-0.770635384285492,-1.87652286071526,-0.882963364144141
"unique3d",25,0.231253970175529,0.958982383700582,0.232449706128055
"unique3d",26,-0.493333779507192,-0.481906010987567,-0.504356137979967
"unique3d",27,-0.493333779507192,-0.481906010987567,-0.504356137979967
"unique3d",28,-0.493333779507192,-0.481906010987567,-0.504356137979967
"unique3d",29,0.200641104144915,0.158357478535426,0.341425520856379
"unique3d",30,-0.493333779507192,-0.481906010987567,-0.504356137979967
"unique3d",31,0.200641104144915,0.158357478535426,0.341425520856379
"unique3d",32,-1.62573889192661,-1.69921928218512,-1.96075517310513
"unique3d",33,-1.21235200170498,-0.975511751111501,-1.45034506146193
"unique3d",34,-0.493333779507192,-0.481906010987567,-0.504356137979967
"unique3d",35,-0.993981421090427,-0.927789297882754,-1.05054033381753
"unique3d",36,-1.99653439046252,-2.17155744757145,-2.51860488017543
"unique3d",37,0.809676350394187,1.35666757385717,0.944653757446177
"unique3d",38,-0.493333779507192,-0.481906010987567,-0.504356137979967
"unique3d",39,0.921392231665069,1.48446341833091,0.883195730789393
"unique3d",40,-0.493333779507192,-0.481906010987567,-0.504356137979967
"unique3d",41,-0.493333779507192,-0.481906010987567,-0.504356137979967
"unique3d",42,0.809676350394187,1.35666757385717,0.944653757446177
"unique3d",43,-0.493333779507192,-0.481906010987567,-0.504356137979967
"unique3d",44,0.200641104144915,0.158357478535426,0.341425520856379
"unique3d",45,-1.09017430377077,-1.00407814580565,-1.42294613800186
"unique3d",46,-1.09017430377077,-1.00407814580565,-1.42294613800186
"unique3d",47,-0.493333779507192,-0.481906010987567,-0.504356137979967
"unique3d",48,-0.493333779507192,-0.481906010987567,-0.504356137979967
"unique3d",49,0.200641104144915,0.158357478535426,0.341425520856379
"unique3d",50,-0.493333779507192,-0.481906010987567,-0.504356137979967
"unique3d",51,-0.493333779507192,-0.481906010987567,-0.504356137979967
"unique3d",52,-1.14790003375676,-1.19026977963944,-1.08578344177583
"unique3d",53,0.231253970175529,0.958982383700582,0.232449706128055
"unique3d",54,0.466580996035065,1.11783398247183,0.507828722567526
"unique3d",55,-0.493333779507192,-0.481906010987567,-0.504356137979967
"unique3d",56,-0.493333779507192,-0.481906010987567,-0.504356137979967
"unique3d",57,-0.993981421090427,-0.927789297882754,-1.05054033381753
"unique3d",58,-1.14790003375676,-1.19026977963944,-1.08578344177583
"unique3d",59,-0.493333779507192,-0.481906010987567,-0.504356137979967
"unique3d",60,-1.14790003375676,-1.19026977963944,-1.08578344177583
"unique3d",61,-0.0938421241155906,-0.115160594481009,-0.0358414779926052
"unique3d",62,0.200641104144915,0.158357478535426,0.341425520856379
"unique3d",63,-0.493333779507192,-0.481906010987567,-0.504356137979967
"unique3d",64,-0.493333779507192,-0.481906010987567,-0.504356137979967
"unique3d",65,0.200641104144915,0.158357478535426,0.341425520856379
"unique3d",66,0.809676350394187,1.35666757385717,0.944653757446177
"unique3d",67,-0.493333779507192,-0.481906010987567,-0.504356137979967
"unique3d",68,0.809676350394187,1.35666757385717,0.944653757446177
"unique3d",69,0.200641104144915,0.158357478535426,0.341425520856379
"unique3d",70,0.200641104144915,0.158357478535426,0.341425520856379
"unique3d",71,0.200641104144915,0.158357478535426,0.341425520856379
"unique3d",72,0.174326848273761,0.170951111508751,0.0626892528858508
"unique3d",73,-1.14790003375676,-1.19026977963944,-1.08578344177583
"unique3d",74,0.799679470897076,1.37420759958963,0.679549520999093
"unique3d",75,0.231253970175529,0.958982383700582,0.232449706128055
"unique3d",76,-2.40625716763847,-2.48326002498431,-3.19994417373476
"unique3d",77,-1.09017430377077,-1.00407814580565,-1.42294613800186
"unique3d",78,-0.493333779507192,-0.481906010987567,-0.504356137979967
"unique3d",79,0.200641104144915,0.158357478535426,0.341425520856379
"unique3d",80,-0.0938421241155906,-0.115160594481009,-0.0358414779926052
"unique3d",81,-1.09017430377077,-1.00407814580565,-1.42294613800186
"unique3d",82,-0.493333779507192,-0.481906010987567,-0.504356137979967
"unique3d",83,-0.493333779507192,-0.481906010987567,-0.504356137979967
"unique3d",84,-2.03344664080849,-1.9179427040506,-2.80255925626918
"unique3d",85,1.26447637837638,1.63392800287543,1.72630552658447
"unique3d",86,-2.07777379361479,-2.0740135625794,-2.71646160997795
"unique3d",87,1.22300670400649,1.01953212218267,1.65366794358871
"unique3d",88,-1.55249994713919,-1.51297466882473,-2.02013400687977
"unique3d",89,-0.493333779507192,-0.481906010987567,-0.504356137979967
"unique3d",90,0.200641104144915,0.158357478535426,0.341425520856379
"unique3d",91,-2.83465197788459,-3.62388252889077,-3.6245318954976
"unique3d",92,-1.71780374763629,-1.66944893510698,-1.98515710422643
"unique3d",93,-0.16076295164402,-0.130262784980553,-0.334914042549656
"unique3d",94,0.466580996035065,1.11783398247183,0.507828722567526
"unique3d",95,-0.493333779507192,-0.481906010987567,-0.504356137979967
"unique3d",96,0.174326848273761,0.170951111508751,0.0626892528858508
"unique3d",97,-2.83465197788459,-3.62388252889077,-3.6245318954976
"unique3d",98,-0.493333779507192,-0.481906010987567,-0.504356137979967
"unique3d",99,-0.654974132273782,-0.557300762721659,-0.881270093365994
"unique3d",100,1.32090496748505,1.74838945079816,1.3615794326323
"unique3d",101,-1.60528054238301,-1.70869634285755,-1.70238504543131
"unique3d",102,-1.14790003375676,-1.19026977963944,-1.08578344177583
"unique3d",103,0.466580996035065,1.11783398247183,0.507828722567526
"unique3d",104,-0.0938421241155906,-0.115160594481009,-0.0358414779926052
"unique3d",105,-1.71780374763629,-1.66944893510698,-1.98515710422643
"unique3d",106,0.809676350394187,1.35666757385717,0.944653757446177
"unique3d",107,-2.83465197788459,-3.62388252889077,-3.6245318954976
"unique3d",108,-0.493333779507192,-0.481906010987567,-0.504356137979967
"unique3d",109,-0.493333779507192,-0.481906010987567,-0.504356137979967
"unique3d",110,-0.493333779507192,-0.481906010987567,-0.504356137979967
"unique3d",111,-0.0938421241155906,-0.115160594481009,-0.0358414779926052
"unique3d",112,-0.493333779507192,-0.481906010987567,-0.504356137979967
"unique3d",113,-0.0938421241155906,-0.115160594481009,-0.0358414779926052
"unique3d",114,-1.14790003375676,-1.19026977963944,-1.08578344177583
"unique3d",115,-1.99653439046252,-2.17155744757145,-2.51860488017543
"unique3d",116,-0.493333779507192,-0.481906010987567,-0.504356137979967
"unique3d",117,-1.99653439046252,-2.17155744757145,-2.51860488017543
"unique3d",118,-1.71780374763629,-1.66944893510698,-1.98515710422643
"unique3d",119,-1.14790003375676,-1.19026977963944,-1.08578344177583
"unique3d",120,-1.60528054238301,-1.70869634285755,-1.70238504543131
"unique3d",121,-2.40256321876857,-3.43192167808575,-3.0229634865252
"unique3d",122,-2.03344664080849,-1.9179427040506,-2.80255925626918
"unique3d",123,-0.493333779507192,-0.481906010987567,-0.504356137979967
"unique3d",124,-1.14790003375676,-1.19026977963944,-1.08578344177583
"unique3d",125,-1.62573889192661,-1.69921928218512,-1.96075517310513
"unique3d",126,-2.40256321876857,-3.43192167808575,-3.0229634865252
"unique3d",127,-2.40625716763847,-2.48326002498431,-3.19994417373476
"unique3d",128,-1.62573889192661,-1.69921928218512,-1.96075517310513
"unique3d",129,0.466580996035065,1.11783398247183,0.507828722567526
"unique3d",130,-0.993981421090427,-0.927789297882754,-1.05054033381753
"unique3d",131,-0.493333779507192,-0.481906010987567,-0.504356137979967
"unique3d",132,-1.19976458692959,-2.29380169725618,-1.4132079972766
"unique3d",133,-0.493333779507192,-0.481906010987567,-0.504356137979967
"unique3d",134,-2.07777379361479,-2.0740135625794,-2.71646160997795
"unique3d",135,-2.66930270428572,-2.66175663893765,-3.57437849332932
"unique3d",136,-1.14790003375676,-1.19026977963944,-1.08578344177583
"unique3d",137,-0.493333779507192,-0.481906010987567,-0.504356137979967
"unique3d",138,-1.99653439046252,-2.17155744757145,-2.51860488017543
"unique3d",139,-1.21235200170498,-0.975511751111501,-1.45034506146193
"unique3d",140,-1.99653439046252,-2.17155744757145,-2.51860488017543
"unique3d",141,0.200641104144915,0.158357478535426,0.341425520856379
"unique3d",142,-1.09017430377077,-1.00407814580565,-1.42294613800186
"unique3d",143,-0.493333779507192,-0.481906010987567,-0.504356137979967
"unique3d",144,-1.60528054238301,-1.70869634285755,-1.70238504543131
"unique3d",145,-0.493333779507192,-0.481906010987567,-0.504356137979967
"unique3d",146,-1.09017430377077,-1.00407814580565,-1.42294613800186
"unique3d",147,-0.493333779507192,-0.481906010987567,-0.504356137979967
"unique3d",148,0.231253970175529,0.958982383700582,0.232449706128055
"unique3d",149,-0.993981421090427,-0.927789297882754,-1.05054033381753
"unique3d",150,-2.40625716763847,-2.48326002498431,-3.19994417373476
"unique3d",151,-0.493333779507192,-0.481906010987567,-0.504356137979967
"unique3d",152,0.809676350394187,1.35666757385717,0.944653757446177
"unique3d",153,-0.493333779507192,-0.481906010987567,-0.504356137979967
"unique3d",154,0.200641104144915,0.158357478535426,0.341425520856379
"unique3d",155,-1.14790003375676,-1.19026977963944,-1.08578344177583
"unique3d",156,-1.60528054238301,-1.70869634285755,-1.70238504543131
"unique3d",157,0.174326848273761,0.170951111508751,0.0626892528858508
"unique3d",158,0.466580996035065,1.11783398247183,0.507828722567526
"unique3d",159,-1.71226753044582,-2.84929436282685,-1.88440701478549
"unique3d",160,0.200641104144915,0.158357478535426,0.341425520856379
"unique3d",161,1.26447637837638,1.63392800287543,1.72630552658447
"unique3d",162,-1.99653439046252,-2.17155744757145,-2.51860488017543
"unique3d",163,-0.493333779507192,-0.481906010987567,-0.504356137979967
"unique3d",164,-0.493333779507192,-0.481906010987567,-0.504356137979967
"unique3d",165,-0.0938421241155906,-0.115160594481009,-0.0358414779926052
"unique3d",166,-0.493333779507192,-0.481906010987567,-0.504356137979967
"unique3d",167,-1.60528054238301,-1.70869634285755,-1.70238504543131
"unique3d",168,-1.55249994713919,-1.51297466882473,-2.02013400687977
"unique3d",169,-0.493333779507192,-0.481906010987567,-0.504356137979967
"unique3d",170,-0.493333779507192,-0.481906010987567,-0.504356137979967
"unique3d",171,-0.993981421090427,-0.927789297882754,-1.05054033381753
"unique3d",172,-1.55249994713919,-1.51297466882473,-2.02013400687977
"unique3d",173,-1.09017430377077,-1.00407814580565,-1.42294613800186
"unique3d",174,-1.14790003375676,-1.19026977963944,-1.08578344177583
"unique3d",175,-0.993981421090427,-0.927789297882754,-1.05054033381753
"unique3d",176,-1.14790003375676,-1.19026977963944,-1.08578344177583
"unique3d",177,-0.493333779507192,-0.481906010987567,-0.504356137979967
"unique3d",178,-0.493333779507192,-0.481906010987567,-0.504356137979967
"unique3d",179,-0.493333779507192,-0.481906010987567,-0.504356137979967
"unique3d",180,-0.493333779507192,-0.481906010987567,-0.504356137979967
"unique3d",181,-1.14790003375676,-1.19026977963944,-1.08578344177583
"unique3d",182,-0.493333779507192,-0.481906010987567,-0.504356137979967
"unique3d",183,0.766693887578003,0.700473970324184,0.849834798875306
"unique3d",184,-0.493333779507192,-0.481906010987567,-0.504356137979967
"unique3d",185,0.101796910082895,0.0133423663178661,0.424365814006527
"unique3d",186,-0.493333779507192,-0.481906010987567,-0.504356137979967
"unique3d",187,-0.993981421090427,-0.927789297882754,-1.05054033381753
"unique3d",188,-0.493333779507192,-0.481906010987567,-0.504356137979967
"unique3d",189,-0.493333779507192,-0.481906010987567,-0.504356137979967
"unique3d",190,-0.493333779507192,-0.481906010987567,-0.504356137979967
"unique3d",191,-0.993981421090427,-0.927789297882754,-1.05054033381753
"unique3d",192,-0.493333779507192,-0.481906010987567,-0.504356137979967
"unique3d",193,-0.49696483671922,-0.471602887760943,-0.214798108742349
"unique3d",194,0.809676350394187,1.35666757385717,0.944653757446177
"unique3d",195,-1.14790003375676,-1.19026977963944,-1.08578344177583
"unique3d",196,-0.493333779507192,-0.481906010987567,-0.504356137979967
"unique3d",197,1.26447637837638,1.63392800287543,1.72630552658447
"unique3d",198,0.809676350394187,1.35666757385717,0.944653757446177
"unique3d",199,-1.14790003375676,-1.19026977963944,-1.08578344177583
"unique3d",200,0.921392231665069,1.48446341833091,0.883195730789393
"unique3d",201,-1.09017430377077,-1.00407814580565,-1.42294613800186
"unique3d",202,-1.62573889192661,-1.69921928218512,-1.96075517310513
"unique3d",203,-0.0938421241155906,-0.115160594481009,-0.0358414779926052
"unique3d",204,-0.0938421241155906,-0.115160594481009,-0.0358414779926052
"unique3d",205,0.231253970175529,0.958982383700582,0.232449706128055
"unique3d",206,-0.993981421090427,-0.927789297882754,-1.05054033381753
"unique3d",207,-1.55249994713919,-1.51297466882473,-2.02013400687977
"unique3d",208,-1.09017430377077,-1.00407814580565,-1.42294613800186
"unique3d",209,0.809676350394187,1.35666757385717,0.944653757446177
"unique3d",210,-0.493333779507192,-0.481906010987567,-0.504356137979967
"unique3d",211,0.174326848273761,0.170951111508751,0.0626892528858508
"unique3d",212,-1.60528054238301,-1.70869634285755,-1.70238504543131
"unique3d",213,0.809676350394187,1.35666757385717,0.944653757446177
"unique3d",214,-0.493333779507192,-0.481906010987567,-0.504356137979967
"unique3d",215,-1.14790003375676,-1.19026977963944,-1.08578344177583
"unique3d",216,0.200641104144915,0.158357478535426,0.341425520856379
"unique3d",217,-0.493333779507192,-0.481906010987567,-0.504356137979967
"unique3d",218,-0.0938421241155906,-0.115160594481009,-0.0358414779926052
"unique3d",219,-0.493333779507192,-0.481906010987567,-0.504356137979967
"unique3d",220,0.200641104144915,0.158357478535426,0.341425520856379
"unique3d",221,-0.493333779507192,-0.481906010987567,-0.504356137979967
"unique3d",222,0.921392231665069,1.48446341833091,0.883195730789393
"unique3d",223,-0.493333779507192,-0.481906010987567,-0.504356137979967
"unique3d",224,-1.65351711486128,-1.48349542002025,-2.04503308920221
"unique3d",227,-0.493333779507192,-0.481906010987567,-0.504356137979967
"unique3d",228,-1.14790003375676,-1.19026977963944,-1.08578344177583
"unique3d",229,-0.391186829387687,0.558654961575029,-0.165800237700041
"unique3d",230,-1.55249994713919,-1.51297466882473,-2.02013400687977
"unique3d",231,-1.55249994713919,-1.51297466882473,-2.02013400687977
"unique3d",232,-2.07777379361479,-2.0740135625794,-2.71646160997795
"unique3d",233,-1.09017430377077,-1.00407814580565,-1.42294613800186
"unique3d",234,-0.493333779507192,-0.481906010987567,-0.504356137979967
"unique3d",235,0.466580996035065,1.11783398247183,0.507828722567526
"unique3d",236,-1.14790003375676,-1.19026977963944,-1.08578344177583
"unique3d",237,-0.493333779507192,-0.481906010987567,-0.504356137979967
"unique3d",238,0.231253970175529,0.958982383700582,0.232449706128055
"unique3d",239,0.466580996035065,1.11783398247183,0.507828722567526
"unique3d",240,-0.993981421090427,-0.927789297882754,-1.05054033381753
"unique3d",241,-2.40625716763847,-2.48326002498431,-3.19994417373476
"unique3d",242,-0.993981421090427,-0.927789297882754,-1.05054033381753
"unique3d",243,-0.493333779507192,-0.481906010987567,-0.504356137979967
"unique3d",244,-1.62573889192661,-1.69921928218512,-1.96075517310513
"unique3d",245,-0.493333779507192,-0.481906010987567,-0.504356137979967
"unique3d",246,-2.07657590613192,-2.14314610100302,-2.54203732716618
"unique3d",247,0.809676350394187,1.35666757385717,0.944653757446177
"unique3d",248,-2.07657590613192,-2.14314610100302,-2.54203732716618
"unique3d",249,-1.14790003375676,-1.19026977963944,-1.08578344177583
"unique3d",250,0.466580996035065,1.11783398247183,0.507828722567526
"unique3d",251,-0.993981421090427,-0.927789297882754,-1.05054033381753
"unique3d",252,-1.14790003375676,-1.19026977963944,-1.08578344177583
"unique3d",253,0.809676350394187,1.35666757385717,0.944653757446177
"unique3d",254,0.200641104144915,0.158357478535426,0.341425520856379
"unique3d",255,-0.0938421241155906,-0.115160594481009,-0.0358414779926052
"unique3d",256,0.809676350394187,1.35666757385717,0.944653757446177
"unique3d",257,0.231253970175529,0.958982383700582,0.232449706128055
"unique3d",258,0.200641104144915,0.158357478535426,0.341425520856379
"unique3d",259,-1.55249994713919,-1.51297466882473,-2.02013400687977
"unique3d",260,-0.493333779507192,-0.481906010987567,-0.504356137979967
"unique3d",261,0.809676350394187,1.35666757385717,0.944653757446177
"unique3d",262,0.809676350394187,1.35666757385717,0.944653757446177
"unique3d",263,-2.27038525617541,-3.21332769053844,-2.95565501188419
"unique3d",264,0.231253970175529,0.958982383700582,0.232449706128055
"unique3d",265,0.809676350394187,1.35666757385717,0.944653757446177
"unique3d",266,-0.493333779507192,-0.481906010987567,-0.504356137979967
"unique3d",267,-0.493333779507192,-0.481906010987567,-0.504356137979967
"unique3d",268,1.32090496748505,1.74838945079816,1.3615794326323
"unique3d",269,-0.993981421090427,-0.927789297882754,-1.05054033381753
"unique3d",270,-0.0938421241155906,-0.115160594481009,-0.0358414779926052
"unique3d",271,-0.0938421241155906,-0.115160594481009,-0.0358414779926052
"unique3d",272,0.200641104144915,0.158357478535426,0.341425520856379
"unique3d",273,-1.67039577564305,-1.44755786456553,-2.26907698040604
"unique3d",274,0.200641104144915,0.158357478535426,0.341425520856379
"unique3d",275,-0.493333779507192,-0.481906010987567,-0.504356137979967
"unique3d",276,-0.493333779507192,-0.481906010987567,-0.504356137979967
"unique3d",277,-0.0938421241155906,-0.115160594481009,-0.0358414779926052
"unique3d",278,-1.60528054238301,-1.70869634285755,-1.70238504543131
"unique3d",279,-1.09017430377077,-1.00407814580565,-1.42294613800186
"unique3d",280,-0.493333779507192,-0.481906010987567,-0.504356137979967
"unique3d",281,-0.493333779507192,-0.481906010987567,-0.504356137979967
"unique3d",282,0.200641104144915,0.158357478535426,0.341425520856379
"unique3d",283,-0.49696483671922,-0.471602887760943,-0.214798108742349
"unique3d",284,0.200641104144915,0.158357478535426,0.341425520856379
"unique3d",285,-1.14790003375676,-1.19026977963944,-1.08578344177583
"unique3d",286,0.174326848273761,0.170951111508751,0.0626892528858508
"unique3d",287,-1.60528054238301,-1.70869634285755,-1.70238504543131
"unique3d",288,-0.493333779507192,-0.481906010987567,-0.504356137979967
"unique3d",289,-2.40256321876857,-3.43192167808575,-3.0229634865252
"unique3d",290,0.809676350394187,1.35666757385717,0.944653757446177
"unique3d",291,-1.09017430377077,-1.00407814580565,-1.42294613800186
"unique3d",292,-0.493333779507192,-0.481906010987567,-0.504356137979967
"unique3d",293,-2.07777379361479,-2.0740135625794,-2.71646160997795
"unique3d",294,-1.62573889192661,-1.69921928218512,-1.96075517310513
"unique3d",295,0.809676350394187,1.35666757385717,0.944653757446177
"unique3d",296,-2.07657590613192,-2.14314610100302,-2.54203732716618
"unique3d",297,-0.493333779507192,-0.481906010987567,-0.504356137979967
"unique3d",298,-0.0938421241155906,-0.115160594481009,-0.0358414779926052
"unique3d",299,-1.65351711486128,-1.48349542002025,-2.04503308920221
"unique3d",300,1.26447637837638,1.63392800287543,1.72630552658447
"unique3d",301,0.231253970175529,0.958982383700582,0.232449706128055
"unique3d",302,-1.14790003375676,-1.19026977963944,-1.08578344177583
"unique3d",303,0.200641104144915,0.158357478535426,0.341425520856379
"unique3d",304,-0.0938421241155906,-0.115160594481009,-0.0358414779926052
"unique3d",305,-0.493333779507192,-0.481906010987567,-0.504356137979967
"unique3d",306,-0.993981421090427,-0.927789297882754,-1.05054033381753
"unique3d",307,-0.49696483671922,-0.471602887760943,-0.214798108742349
"unique3d",308,0.466580996035065,1.11783398247183,0.507828722567526
"unique3d",309,-1.99653439046252,-2.17155744757145,-2.51860488017543
"unique3d",310,-1.21235200170498,-0.975511751111501,-1.45034506146193
"unique3d",311,-0.493333779507192,-0.481906010987567,-0.504356137979967
"unique3d",312,-0.0938421241155906,-0.115160594481009,-0.0358414779926052
"unique3d",313,0.809676350394187,1.35666757385717,0.944653757446177
"unique3d",314,-0.493333779507192,-0.481906010987567,-0.504356137979967
"unique3d",315,0.710522382939832,0.564029115491968,1.21285072297181
"unique3d",316,0.466580996035065,1.11783398247183,0.507828722567526
"unique3d",317,-1.21235200170498,-0.975511751111501,-1.45034506146193
"unique3d",318,-0.493333779507192,-0.481906010987567,-0.504356137979967
"unique3d",319,0.200641104144915,0.158357478535426,0.341425520856379
"unique3d",320,-0.493333779507192,-0.481906010987567,-0.504356137979967
"unique3d",321,0.921392231665069,1.48446341833091,0.883195730789393
"unique3d",322,-0.16076295164402,-0.130262784980553,-0.334914042549656
"unique3d",323,-0.493333779507192,-0.481906010987567,-0.504356137979967
"unique3d",324,-0.493333779507192,-0.481906010987567,-0.504356137979967
"unique3d",325,0.174326848273761,0.170951111508751,0.0626892528858508
"unique3d",326,-1.60528054238301,-1.70869634285755,-1.70238504543131
"unique3d",327,-1.14790003375676,-1.19026977963944,-1.08578344177583
"unique3d",328,-1.60528054238301,-1.70869634285755,-1.70238504543131
"unique3d",329,0.200641104144915,0.158357478535426,0.341425520856379
"unique3d",330,0.200641104144915,0.158357478535426,0.341425520856379
"unique3d",331,0.200641104144915,0.158357478535426,0.341425520856379
"unique3d",332,-0.493333779507192,-0.481906010987567,-0.504356137979967
"unique3d",333,-0.493333779507192,-0.481906010987567,-0.504356137979967
"unique3d",334,0.466580996035065,1.11783398247183,0.507828722567526
"unique3d",335,-0.493333779507192,-0.481906010987567,-0.504356137979967
"unique3d",336,-0.493333779507192,-0.481906010987567,-0.504356137979967
"unique3d",337,0.200641104144915,0.158357478535426,0.341425520856379
"unique3d",338,-0.493333779507192,-0.481906010987567,-0.504356137979967
"unique3d",339,-1.60528054238301,-1.70869634285755,-1.70238504543131
"unique3d",340,-0.493333779507192,-0.481906010987567,-0.504356137979967
"unique3d",341,0.200641104144915,0.158357478535426,0.341425520856379
"unique3d",342,0.809676350394187,1.35666757385717,0.944653757446177
"unique3d",343,-1.71780374763629,-1.66944893510698,-1.98515710422643
"unique3d",344,-0.493333779507192,-0.481906010987567,-0.504356137979967
"unique3d",345,-0.493333779507192,-0.481906010987567,-0.504356137979967
"unique3d",346,1.32090496748505,1.74838945079816,1.3615794326323
"unique3d",347,0.809676350394187,1.35666757385717,0.944653757446177
"unique3d",348,0.809676350394187,1.35666757385717,0.944653757446177
"unique3d",349,-2.40625716763847,-2.48326002498431,-3.19994417373476
"unique3d",350,-0.493333779507192,-0.481906010987567,-0.504356137979967
"unique3d",351,-0.0938421241155906,-0.115160594481009,-0.0358414779926052
"unique3d",352,0.200641104144915,0.158357478535426,0.341425520856379
"unique3d",353,0.766693887578003,0.700473970324184,0.849834798875306
"unique3d",354,-1.14790003375676,-1.19026977963944,-1.08578344177583
"unique3d",355,-0.16076295164402,-0.130262784980553,-0.334914042549656
"unique3d",356,0.809676350394187,1.35666757385717,0.944653757446177
"unique3d",357,-1.60528054238301,-1.70869634285755,-1.70238504543131
"unique3d",358,0.200641104144915,0.158357478535426,0.341425520856379
"unique3d",359,-0.0938421241155906,-0.115160594481009,-0.0358414779926052
"unique3d",360,-1.09017430377077,-1.00407814580565,-1.42294613800186
"unique3d",361,-0.0938421241155906,-0.115160594481009,-0.0358414779926052
"unique3d",362,-0.0938421241155906,-0.115160594481009,-0.0358414779926052
"unique3d",363,-0.493333779507192,-0.481906010987567,-0.504356137979967
"unique3d",364,-1.14790003375676,-1.19026977963944,-1.08578344177583
"unique3d",365,-0.493333779507192,-0.481906010987567,-0.504356137979967
"unique3d",366,-0.493333779507192,-0.481906010987567,-0.504356137979967
"unique3d",367,0.231253970175529,0.958982383700582,0.232449706128055
"unique3d",368,-1.55249994713919,-1.51297466882473,-2.02013400687977
"unique3d",369,-1.62573889192661,-1.69921928218512,-1.96075517310513
"unique3d",370,0.200641104144915,0.158357478535426,0.341425520856379
"unique3d",371,-2.40625716763847,-2.48326002498431,-3.19994417373476
"unique3d",372,-0.493333779507192,-0.481906010987567,-0.504356137979967
"unique3d",373,0.200641104144915,0.158357478535426,0.341425520856379
"unique3d",374,-0.493333779507192,-0.481906010987567,-0.504356137979967
"unique3d",375,-0.493333779507192,-0.481906010987567,-0.504356137979967
"unique3d",376,-0.493333779507192,-0.481906010987567,-0.504356137979967
"unique3d",377,0.200641104144915,0.158357478535426,0.341425520856379
"unique3d",378,0.809676350394187,1.35666757385717,0.944653757446177
"unique3d",379,-0.493333779507192,-0.481906010987567,-0.504356137979967
"unique3d",380,1.26447637837638,1.63392800287543,1.72630552658447
"unique3d",381,-0.493333779507192,-0.481906010987567,-0.504356137979967
"unique3d",382,-0.493333779507192,-0.481906010987567,-0.504356137979967
"unique3d",383,-1.62573889192661,-1.69921928218512,-1.96075517310513
"unique3d",384,-0.493333779507192,-0.481906010987567,-0.504356137979967
"unique3d",385,-1.14790003375676,-1.19026977963944,-1.08578344177583
"unique3d",386,0.231253970175529,0.958982383700582,0.232449706128055
"unique3d",387,0.200641104144915,0.158357478535426,0.341425520856379
"unique3d",388,-1.14790003375676,-1.19026977963944,-1.08578344177583
"unique3d",389,-0.493333779507192,-0.481906010987567,-0.504356137979967
"unique3d",390,0.809676350394187,1.35666757385717,0.944653757446177
"unique3d",391,0.425418882244872,0.424934881840335,0.420758043836575
"unique3d",392,-0.493333779507192,-0.481906010987567,-0.504356137979967
"unique3d",393,0.466580996035065,1.11783398247183,0.507828722567526
"unique3d",394,-0.993981421090427,-0.927789297882754,-1.05054033381753
"unique3d",395,-0.493333779507192,-0.481906010987567,-0.504356137979967
"unique3d",396,-0.493333779507192,-0.481906010987567,-0.504356137979967
"unique3d",397,1.26447637837638,1.63392800287543,1.72630552658447
"unique3d",398,-2.07657590613192,-2.14314610100302,-2.54203732716618
"unique3d",399,1.26447637837638,1.63392800287543,1.72630552658447
"unique3d",400,-0.493333779507192,-0.481906010987567,-0.504356137979967
"unique3d",401,0.710522382939832,0.564029115491968,1.21285072297181
"unique3d",402,-0.493333779507192,-0.481906010987567,-0.504356137979967
"unique3d",403,0.200641104144915,0.158357478535426,0.341425520856379
"unique3d",404,-0.993981421090427,-0.927789297882754,-1.05054033381753
"unique3d",405,-2.40256321876857,-3.43192167808575,-3.0229634865252
"unique3d",406,0.466580996035065,1.11783398247183,0.507828722567526
"unique3d",407,-0.493333779507192,-0.481906010987567,-0.504356137979967
"unique3d",408,-0.49696483671922,-0.471602887760943,-0.214798108742349
"unique3d",409,-0.0938421241155906,-0.115160594481009,-0.0358414779926052
"unique3d",410,1.26447637837638,1.63392800287543,1.72630552658447
"unique3d",411,0.200641104144915,0.158357478535426,0.341425520856379
"unique3d",412,0.200641104144915,0.158357478535426,0.341425520856379
"unique3d",413,-0.493333779507192,-0.481906010987567,-0.504356137979967
"unique3d",414,-1.55249994713919,-1.51297466882473,-2.02013400687977
"unique3d",415,0.809676350394187,1.35666757385717,0.944653757446177
"unique3d",416,-0.493333779507192,-0.481906010987567,-0.504356137979967
"unique3d",417,-0.493333779507192,-0.481906010987567,-0.504356137979967
"unique3d",418,-0.493333779507192,-0.481906010987567,-0.504356137979967
"unique3d",419,-0.493333779507192,-0.481906010987567,-0.504356137979967
"unique3d",420,-1.60528054238301,-1.70869634285755,-1.70238504543131
"unique3d",421,-1.60528054238301,-1.70869634285755,-1.70238504543131
"unique3d",422,-0.493333779507192,-0.481906010987567,-0.504356137979967
"unique3d",423,-0.493333779507192,-0.481906010987567,-0.504356137979967
"unique3d",424,-0.493333779507192,-0.481906010987567,-0.504356137979967
"unique3d",425,0.174326848273761,0.170951111508751,0.0626892528858508
"unique3d",426,-2.03344664080849,-1.9179427040506,-2.80255925626918
"unique3d",427,-2.40625716763847,-2.48326002498431,-3.19994417373476
"unique3d",428,0.466580996035065,1.11783398247183,0.507828722567526
"unique3d",429,0.200641104144915,0.158357478535426,0.341425520856379
"unique3d",430,-0.493333779507192,-0.481906010987567,-0.504356137979967
"unique3d",431,-0.993981421090427,-0.927789297882754,-1.05054033381753
"unique3d",432,0.466580996035065,1.11783398247183,0.507828722567526
"unique3d",433,-1.14790003375676,-1.19026977963944,-1.08578344177583
"unique3d",434,-1.71780374763629,-1.66944893510698,-1.98515710422643
"unique3d",435,-0.493333779507192,-0.481906010987567,-0.504356137979967
"unique3d",436,0.200641104144915,0.158357478535426,0.341425520856379
"unique3d",437,-1.71780374763629,-1.66944893510698,-1.98515710422643
"unique3d",438,-1.14790003375676,-1.19026977963944,-1.08578344177583
"unique3d",439,-0.493333779507192,-0.481906010987567,-0.504356137979967
"unique3d",440,0.200641104144915,0.158357478535426,0.341425520856379
"unique3d",441,-1.14790003375676,-1.19026977963944,-1.08578344177583
"unique3d",442,-0.493333779507192,-0.481906010987567,-0.504356137979967
"unique3d",443,0.192496848507466,1.07576703672537,0.0895251856526344
"unique3d",444,-1.99653439046252,-2.17155744757145,-2.51860488017543
"unique3d",445,-1.14790003375676,-1.19026977963944,-1.08578344177583
"unique3d",446,-0.493333779507192,-0.481906010987567,-0.504356137979967
"unique3d",447,0.231253970175529,0.958982383700582,0.232449706128055
"unique3d",448,-1.14790003375676,-1.19026977963944,-1.08578344177583
"unique3d",449,-2.07249278747589,-3.19110481837467,-2.39376367119587
"unique3d",450,-2.07777379361479,-2.0740135625794,-2.71646160997795
"unique3d",451,-1.14790003375676,-1.19026977963944,-1.08578344177583
"unique3d",452,-0.493333779507192,-0.481906010987567,-0.504356137979967
"unique3d",453,0.466580996035065,1.11783398247183,0.507828722567526
"unique3d",454,0.200641104144915,0.158357478535426,0.341425520856379
"unique3d",455,-0.0938421241155906,-0.115160594481009,-0.0358414779926052
"unique3d",456,-0.993981421090427,-0.927789297882754,-1.05054033381753
"unique3d",457,-1.71780374763629,-1.66944893510698,-1.98515710422643
"unique3d",458,0.809676350394187,1.35666757385717,0.944653757446177
"unique3d",459,0.921392231665069,1.48446341833091,0.883195730789393
"unique3d",460,-0.493333779507192,-0.481906010987567,-0.504356137979967
"unique3d",461,-1.14790003375676,-1.19026977963944,-1.08578344177583
"unique3d",462,-0.0938421241155906,-0.115160594481009,-0.0358414779926052
"unique3d",463,-1.09017430377077,-1.00407814580565,-1.42294613800186
"unique3d",464,-0.993981421090427,-0.927789297882754,-1.05054033381753
"unique3d",465,-0.493333779507192,-0.481906010987567,-0.504356137979967
"unique3d",466,0.200641104144915,0.158357478535426,0.341425520856379
"unique3d",467,0.231253970175529,0.958982383700582,0.232449706128055
"unique3d",468,-0.493333779507192,-0.481906010987567,-0.504356137979967
"unique3d",469,-0.493333779507192,-0.481906010987567,-0.504356137979967
"unique3d",470,-0.493333779507192,-0.481906010987567,-0.504356137979967
"unique3d",471,0.200641104144915,0.158357478535426,0.341425520856379
"unique3d",472,-0.993981421090427,-0.927789297882754,-1.05054033381753
"unique3d",473,-0.0938421241155906,-0.115160594481009,-0.0358414779926052
"unique3d",474,-0.493333779507192,-0.481906010987567,-0.504356137979967
"unique3d",475,-0.49696483671922,-0.471602887760943,-0.214798108742349
"unique3d",476,0.174326848273761,0.170951111508751,0.0626892528858508
"unique3d",477,-1.65351711486128,-1.48349542002025,-2.04503308920221
"unique3d",478,-1.14790003375676,-1.19026977963944,-1.08578344177583
"unique3d",479,-0.493333779507192,-0.481906010987567,-0.504356137979967
"unique3d",480,-0.49696483671922,-0.471602887760943,-0.214798108742349
"unique3d",481,-0.493333779507192,-0.481906010987567,-0.504356137979967
"unique3d",482,-0.0938421241155906,-0.115160594481009,-0.0358414779926052
"unique3d",483,-0.993981421090427,-0.927789297882754,-1.05054033381753
"unique3d",484,-1.14790003375676,-1.19026977963944,-1.08578344177583
"unique3d",485,-0.0938421241155906,-0.115160594481009,-0.0358414779926052
"unique3d",486,-1.55249994713919,-1.51297466882473,-2.02013400687977
"unique3d",487,-0.493333779507192,-0.481906010987567,-0.504356137979967
"unique3d",488,0.690000493007817,1.2828406989947,0.514487973477778
"unique3d",489,-1.14790003375676,-1.19026977963944,-1.08578344177583
"unique3d",490,-0.493333779507192,-0.481906010987567,-0.504356137979967
"unique3d",491,-0.493333779507192,-0.481906010987567,-0.504356137979967
"unique3d",492,-1.14790003375676,-1.19026977963944,-1.08578344177583
"unique3d",493,-0.493333779507192,-0.481906010987567,-0.504356137979967
"unique3d",494,-1.55249994713919,-1.51297466882473,-2.02013400687977
"unique3d",495,-0.0938421241155906,-0.115160594481009,-0.0358414779926052
"unique3d",496,-0.493333779507192,-0.481906010987567,-0.504356137979967
"unique3d",497,0.231253970175529,0.958982383700582,0.232449706128055
"unique3d",498,-1.21235200170498,-0.975511751111501,-1.45034506146193
"unique3d",499,-1.99653439046252,-2.17155744757145,-2.51860488017543
"unique3d",500,-0.493333779507192,-0.481906010987567,-0.504356137979967
"unique3d",501,-0.493333779507192,-0.481906010987567,-0.504356137979967
"unique3d",502,0.231253970175529,0.958982383700582,0.232449706128055
"unique3d",503,-0.493333779507192,-0.481906010987567,-0.504356137979967
"unique3d",504,-0.493333779507192,-0.481906010987567,-0.504356137979967
"unique3d",505,0.200641104144915,0.158357478535426,0.341425520856379
"unique3d",506,0.200641104144915,0.158357478535426,0.341425520856379
"unique3d",507,-2.07379017907001,-3.1396650638806,-2.5748293571075
"unique3d",508,0.200641104144915,0.158357478535426,0.341425520856379
"unique3d",509,0.425418882244872,0.424934881840335,0.420758043836575
